R_angstrom,E_CCSD_aug-cc-pV5Z_Eh
0.2,0.0054742106050596415
0.2096192384769539,-0.0987940838873839
0.21923847695390783,-0.19241953508667026
0.22885771543086172,-0.2767687551841798
0.23847695390781565,-0.35298880166039215
0.24809619238476954,-0.4220495119133918
0.25771543086172344,-0.4847763865261138
0.26733466933867733,-0.541876397231332
0.2769539078156313,-0.5939584377571652
0.2865731462925852,-0.6415496748515699
0.2961923847695391,-0.6851087306884349
0.305811623246493,-0.725036392978588
0.3154308617234469,-0.7616843788284212
0.3250501002004008,-0.7953625535997217
0.3346693386773547,-0.8263449136184603
0.3442885771543086,-0.8548745727117822
0.3539078156312625,-0.8811679404277782
0.3635270541082164,-0.9054182407988104
0.37314629258517035,-0.927798515246392
0.38276553106212424,-0.9484640508317471
0.3923847695390782,-0.9675546900916718
0.4020040080160321,-0.9851965835749
0.411623246492986,-1.0015038067848199
0.4212424849699399,-1.0165797374919108
0.4308617234468938,-1.030518249999833
0.44048096192384767,-1.0434047539974494
0.4501002004008016,-1.0553171018455134
0.4597194388777555,-1.0663263820697613
0.4693386773547094,-1.0764976159095474
0.4789579158316633,-1.0858903699174585
0.48857715430861726,-1.0945592964625512
0.49819639278557115,-1.1025546113307376
0.507815631262525,-1.1099225175000045
0.5174348697394789,-1.1167055818289155
0.5270541082164328,-1.1229430710281991
0.5366733466933868,-1.1286712522388245
0.5462925851703406,-1.1339236623347153
0.5559118236472946,-1.1387313497997489
0.5655310621242484,-1.1431230918877895
0.5751503006012024,-1.1471255899863626
0.5847695390781563,-1.150763645307925
0.5943887775551102,-1.154060317193595
0.6040080160320641,-1.1570370657409756
0.613627254509018,-1.1597138807897522
0.623246492985972,-1.1621093986263422
0.6328657314629258,-1.1642410078602143
0.6424849699398798,-1.1661249457009912
0.6521042084168336,-1.167776385695618
0.6617234468937876,-1.1692095178414355
0.6713426853707415,-1.1704376218860713
0.6809619238476954,-1.1714731344767664
0.6905811623246493,-1.1723277107463572
0.7002004008016032,-1.1730122808451842
0.7098196392785572,-1.1735371018482283
0.719438877755511,-1.1739118054416147
0.729058116232465,-1.1741454417509203
0.7386773547094188,-1.174246519634334
0.7482965931863728,-1.1742230437550039
0.7579158316633265,-1.1740825487145168
0.7675350701402806,-1.1738321305091812
0.7771543086172346,-1.173478475547135
0.7867735470941883,-1.1730278874505842
0.7963927855711423,-1.1724863118361857
0.8060120240480961,-1.1718593592488211
0.8156312625250501,-1.1711523264236454
0.8252505010020039,-1.1703702160027947
0.8348697394789579,-1.1695177548487128
0.8444889779559117,-1.1685994110645437
0.8541082164328657,-1.1676194098308272
0.8637274549098197,-1.1665817481490497
0.8733466933867735,-1.165490208578778
0.8829659318637275,-1.164348372046921
0.8925851703406813,-1.163159629797922
0.9022044088176353,-1.1619271945503462
0.9118236472945891,-1.1606541109153963
0.9214428857715431,-1.1593432651338142
0.9310621242484969,-1.1579973941793846
0.9406813627254509,-1.156619094283972
0.9503006012024049,-1.1552108288544076
0.9599198396793587,-1.1537749359991665
0.9695390781563127,-1.1523136354624965
0.9791583166332665,-1.1508290351753288
0.9887775551102205,-1.1493231373817607
0.9983967935871743,-1.1477978443854961
1.0080160320641283,-1.146254963938373
1.017635270541082,-1.1446962143008717
1.027254509018036,-1.1431232289927198
1.03687374749499,-1.141537561260956
1.0464929859719438,-1.1399406882813437
1.0561122244488979,-1.1383340151142083
1.0657314629258516,-1.136718878430529
1.0753507014028056,-1.1350965500226013
1.0849699398797594,-1.1334682401150877
1.0945891783567134,-1.131835100486719
1.1042084168336672,-1.1301982274144642
1.1138276553106212,-1.1285586644511987
1.123446893787575,-1.1269174050456716
1.133066132264529,-1.12527539501338
1.142685370741483,-1.123633534871399
1.1523046092184368,-1.1219926820215067
1.1619238476953908,-1.120353652848042
1.1715430861723446,-1.1187172246583141
1.1811623246492986,-1.1170841375329357
1.1907815631262524,-1.1154550960687457
1.2004008016032064,-1.113830771024536
1.2100200400801602,-1.1122118008753559
1.2196392785571142,-1.1105987932818426
1.229258517034068,-1.108992326478991
1.238877755511022,-1.1073929505902684
1.2484969939879758,-1.1058011888705261
1.2581162324649298,-1.104217538883354
1.2677354709418838,-1.102642473615816
1.2773547094188376,-1.1010764425341402
1.2869739478957916,-1.0995198725845006
1.2965931863727453,-1.097973169141372
1.3062124248496993,-1.09643671690624
1.3158316633266531,-1.0949108807602355
1.3254509018036071,-1.093396006571295
1.335070140280561,-1.0918924219609134
1.344689378757515,-1.0904004370297107
1.354308617234469,-1.0889203450462823
1.3639278557114227,-1.0874524230861344
1.3735470941883767,-1.0859969327077905
1.3831663326653305,-1.0845541204489275
1.3927855711422845,-1.0831242184454792
1.4024048096192383,-1.081707444942414
1.4120240480961923,-1.0803040047933081
1.421643286573146,-1.0789140899342233
1.4312625250501,-1.0775378798330106
1.440881763527054,-1.0761755419247514
1.4505010020040079,-1.0748272319753
1.460120240480962,-1.0734930945315608
1.4697394789579157,-1.0721732632383467
1.4793587174348697,-1.0708678611975164
1.4889779559118235,-1.0695770012972805
1.4985971943887775,-1.0683007865256768
1.5082164328657313,-1.0670393102688522
1.5178356713426853,-1.0657926565957636
1.5274549098196393,-1.0645609005298238
1.537074148296593,-1.0633441083081427
1.546693386773547,-1.0621423376299937
1.5563126252505008,-1.060955637862094
1.5659318637274549,-1.0597840503962304
1.5755511022044086,-1.058627608674904
1.5851703406813626,-1.057486338530925
1.5947895791583164,-1.0563602583588814
1.6044088176352704,-1.0552493793113424
1.6140280561122244,-1.0541537054891232
1.6236472945891782,-1.0530732341253122
1.6332665330661322,-1.052007955764289
1.642885771543086,-1.0509578544355724
1.65250501002004,-1.0499229078237298
1.6621242484969938,-1.0489030874338505
1.6717434869739478,-1.0478983587538795
1.6813627254509016,-1.0469086814137196
1.6909819639278556,-1.0459340093413245
1.7006012024048096,-1.0449742909166
1.7102204408817634,-1.0440294691230299
1.7198396793587174,-1.0430994816972992
1.7294589178356712,-1.042184261277633
1.7390781563126252,-1.041283735550442
1.748697394789579,-1.0403978273958634
1.758316633266533,-1.0395264550324315
1.7679358717434868,-1.0386695321610269
1.7775551102204408,-1.0378269681077759
1.7871743486973948,-1.0369986679669
1.7967935871743486,-1.0361845327428332
1.8064128256513026,-1.0353844594921482
1.8160320641282564,-1.0345983414650874
1.8256513026052104,-1.0338260682470715
1.8352705410821641,-1.0330675258999065
1.8448897795591181,-1.032322597102707
1.854509018036072,-1.0315911612948139
1.864128256513026,-1.0308730948087774
1.87374749498998,-1.030168271022161
1.8833667334669337,-1.0294765604902092
1.8929859719438877,-1.0287978310876424
1.9026052104208415,-1.0281319481481177
1.9122244488977955,-1.0274787746030871
1.9218436873747493,-1.0268381711204004
1.9314629258517033,-1.026209996241915
1.941082164328657,-1.0255941065206216
1.950701402805611,-1.024990356656601
1.9603206412825651,-1.024398599632351
1.969939879759519,-1.0238186868465944
1.979559118236473,-1.0232504682471761
1.9891783567134267,-1.0226937924623818
1.9987975951903807,-1.022148506930949
2.0084168336673347,-1.0216144580302562
2.0180360721442887,-1.0210914912029032
2.0276553106212423,-1.020579451081387
2.0372745490981963,-1.0200781816108495
2.0468937875751503,-1.0195875261694616
2.0565130260521043,-1.0191073276869649
2.0661322645290583,-1.0186374287604953
2.075751503006012,-1.0181776717681488
2.085370741482966,-1.0177278989798852
2.09498997995992,-1.0172879526602236
2.104609218436874,-1.0168576752017118
2.1142284569138274,-1.0164369091742123
2.1238476953907814,-1.016025497474746
2.1334669338677354,-1.0156232834017724
2.1430861723446895,-1.015230110752661
2.1527054108216435,-1.014845823914471
2.162324649298597,-1.0144702679514166
2.171943887775551,-1.014103288689484
2.181563126252505,-1.0137447327972726
2.191182364729459,-1.0133944478640466
2.200801603206413,-1.0130522824743373
2.2104208416833666,-1.0127180862791334
2.2200400801603206,-1.012391710064087
2.2296593186372746,-1.0120730058141383
2.2392785571142286,-1.0117618267750592
2.2488977955911826,-1.0114580275116416
2.258517034068136,-1.011161463962652
2.26813627254509,-1.0108719934926542
2.277755511022044,-1.0105894749406032
2.287374749498998,-1.0103137686652257
2.296993987975952,-1.0100447365875311
2.306613226452906,-1.0097822422299796
2.31623246492986,-1.0095261507529814
2.325851703406814,-1.0092763289882174
2.335470941883768,-1.0090326454692147
2.3450901803607214,-1.0087949704590913
2.3547094188376754,-1.008563175975641
2.3643286573146294,-1.0083371358135835
2.3739478957915834,-1.008116725564437
2.383567134268537,-1.0079018226337184
2.393186372745491,-1.00769230625579
2.402805611222445,-1.0074880575063654
2.412424849699399,-1.007288959312716
2.422044088176353,-1.0070948964615885
2.4316633266533065,-1.006905755605253
2.4412825651302605,-1.0067214252603776
2.4509018036072145,-1.0065417958297478
2.4605210420841686,-1.0063667595724874
2.470140280561122,-1.00619621062237
2.479759519038076,-1.006030044979441
2.48937875751503,-1.005868160504887
2.498997995991984,-1.0057104569145383
2.508617234468938,-1.0055568357708702
2.5182364729458917,-1.0054072004735322
2.5278557114228457,-1.0052614562486906
2.5374749498997997,-1.005119510137086
2.5470941883767537,-1.004981270980978
2.5567134268537073,-1.004846649409901
2.5663326653306613,-1.0047155578255162
2.5759519038076153,-1.0045879103854953
2.5855711422845693,-1.0044636229864636
2.5951903807615233,-1.0043426132462487
2.604809619238477,-1.0042248004851613
2.614428857715431,-1.0041101057068644
2.624048096192385,-1.003998451578435
2.633667334669339,-1.003889762409752
2.6432865731462925,-1.0037839641326696
2.6529058116232465,-1.0036809842793708
2.6625250501002005,-1.0035807519595987
2.6721442885771545,-1.0034831978418794
2.6817635270541085,-1.0033882541260772
2.691382765531062,-1.003295854523393
2.701002004008016,-1.0032059342325932
2.71062124248497,-1.003118429916671
2.720240480961924,-1.0030332796793096
2.7298597194388776,-1.002950423041278
2.7394789579158316,-1.0028698009166848
2.7490981963927856,-1.0027913555891643
2.7587174348697396,-1.002715030688074
2.7683366733466936,-1.0026407711646514
2.777955911823647,-1.0025685232681953
2.787575150300601,-1.0024982345223152
2.797194388777555,-1.0024298537012593
2.8068136272545092,-1.0023633308062987
2.816432865731463,-1.002298617042269
2.826052104208417,-1.002235664794239
2.835671342685371,-1.0021744276043139
2.845290581162325,-1.0021148601486507
2.854909819639279,-1.0020569182145977
2.8645290581162324,-1.0020005586781002
2.8741482965931864,-1.0019457394813112
2.8837675350701404,-1.001892419610364
2.8933867735470944,-1.0018405590735013
2.903006012024048,-1.0017901188793596
2.912625250501002,-1.001741061015497
2.922244488977956,-1.0016933484273411
2.93186372745491,-1.001646944997185
2.941482965931864,-1.0016018155236441
2.9511022044088175,-1.0015579257013463
2.9607214428857715,-1.0015152421008886
2.9703406813627256,-1.001473732149134
2.9799599198396796,-1.0014333641097695
2.989579158316633,-1.001394107064221
2.999198396793587,-1.0013559308928912
3.008817635270541,-1.001318806256689
3.018436873747495,-1.0012827045790045
3.028056112224449,-1.001247598028064
3.0376753507014027,-1.0012134594997912
3.0472945891783567,-1.001180262601212
3.0569138276553107,-1.0011479816342197
3.0665330661322647,-1.0011165915818496
3.0761523046092183,-1.001086068077097
3.0857715430861723,-1.0010563874004845
3.0953907815631263,-1.0010275264480781
3.1050100200400803,-1.0009994627225658
3.1146292585170343,-1.0009721743267914
3.124248496993988,-1.0009456399535728
3.133867735470942,-1.0009198388697018
3.143486973947896,-1.0008947514449302
3.15310621242485,-1.0008703564038746
3.1627254509018035,-1.0008466362755002
3.1723446893787575,-1.000823571916273
3.1819639278557115,-1.0008011452287318
3.1915831663326655,-1.0007793386032222
3.2012024048096195,-1.0007581349070636
3.210821643286573,-1.000737517463132
3.220440881763527,-1.0007174700534798
3.230060120240481,-1.0006979768971302
3.239679358717435,-1.0006790226418874
3.2492985971943886,-1.0006605923515337
3.2589178356713426,-1.0006426714978225
3.2685370741482966,-1.00062524594802
3.2781563126252506,-1.000608301954547
3.2877755511022047,-1.0005918261447253
3.297394789579158,-1.0005758055147014
3.307014028056112,-1.0005602274095873
3.3166332665330662,-1.000545079529461
3.3262525050100202,-1.000530349907293
3.335871743486974,-1.0005160269087563
3.345490981963928,-1.0005020992055775
3.355110220440882,-1.0004885558012346
3.364729458917836,-1.0004753859947209
3.37434869739479,-1.000462579365987
3.3839679358717434,-1.000450125801326
3.3935871743486974,-1.00043801544976
3.4032064128256514,-1.000426238754389
3.4128256513026054,-1.0004147864088706
3.422444889779559,-1.0004036493600483
3.432064128256513,-1.000392818799472
3.441683366733467,-1.000382286183027
3.451302605210421,-1.000372043205259
3.460921843687375,-1.0003620817684826
3.4705410821643286,-1.000352394004152
3.4801603206412826,-1.0003429722857107
3.4897795591182366,-1.0003338091810452
3.4993987975951906,-1.0003248974522854
3.509018036072144,-1.0003162300832842
3.518637274549098,-1.0003078002377963
3.528256513026052,-1.0002996013174592
3.537875751503006,-1.000291626814265
3.54749498997996,-1.0002838704996029
3.5571142284569137,-1.0002763262770795
3.5667334669338677,-1.000268988177091
3.5763527054108217,-1.0002618504805831
3.5859719438877757,-1.0002549075755123
3.5955911823647293,-1.0002481540317458
3.6052104208416833,-1.0002415845297796
3.6148296593186373,-1.00023519392733
3.6244488977955913,-1.0002289772542083
3.6340681362725453,-1.0002229296512837
3.643687374749499,-1.0002170463534572
3.653306613226453,-1.0002113228132654
3.662925851703407,-1.0002057545553709
3.672545090180361,-1.000200337242753
3.6821643286573145,-1.0001950666632717
3.6917835671342685,-1.000189938718451
3.7014028056112225,-1.0001849494278092
3.7110220440881765,-1.000180094922801
3.7206412825651305,-1.0001753714425783
3.730260521042084,-1.0001707753324323
3.739879759519038,-1.0001663030514774
3.749498997995992,-1.0001619511138031
3.759118236472946,-1.0001577160888835
3.7687374749498996,-1.0001535948957965
3.7783567134268536,-1.0001495844509918
3.7879759519038076,-1.0001456811860612
3.7975951903807617,-1.0001418827984605
3.8072144288577157,-1.0001381858331757
3.8168336673346692,-1.000134587631814
3.8264529058116232,-1.0001310854625802
3.8360721442885772,-1.0001276766509961
3.8456913827655312,-1.000124358602708
3.855310621242485,-1.0001211287962508
3.864929859719439,-1.0001179847814392
3.874549098196393,-1.00011492417682
3.884168336673347,-1.0001119446691256
3.8937875751503004,-1.0001090440088853
3.9034068136272544,-1.0001062200097615
3.9130260521042084,-1.0001034705491565
3.9226452905811624,-1.0001007935638035
3.9322645290581164,-1.0000981870457712
3.94188376753507,-1.0000956490451678
3.951503006012024,-1.0000931776698532
3.961122244488978,-1.00009077107846
3.970741482965932,-1.0000884274810111
3.9803607214428856,-1.0000861451383658
3.9899799599198396,-1.0000839223622198
3.9995991983967936,-1.0000817575078467
4.009218436873748,-1.0000796489835724
4.018837675350701,-1.0000775952336367
4.028456913827655,-1.0000755947543025
4.038076152304609,-1.0000736460752802
4.047695390781563,-1.000071747781992
4.057314629258517,-1.0000698984804093
4.066933867735471,-1.00006809683193
4.076553106212424,-1.0000663415330537
4.086172344689379,-1.0000646313056474
4.095791583166332,-1.0000629649144774
4.105410821643287,-1.0000613411652302
4.11503006012024,-1.0000597588915703
4.124649298597194,-1.0000582169610235
4.134268537074148,-1.000056714268096
4.143887775551102,-1.0000552497393302
4.153507014028055,-1.0000538223421431
4.16312625250501,-1.0000524310585737
4.1727454909819635,-1.0000510749113838
4.182364729458918,-1.0000497529405705
4.1919839679358715,-1.0000484642177687
4.201603206412826,-1.0000472078431493
4.2112224448897795,-1.000045984628897
4.220841683366733,-1.0000447899810587
4.2304609218436875,-1.0000436241382085
4.240080160320641,-1.0000424886140642
4.2496993987975955,-1.0000413812850912
4.259318637274549,-1.0000403014066617
4.268937875751503,-1.000039248212037
4.278557114228457,-1.0000382209775962
4.288176352705411,-1.00003721904543
4.297795591182365,-1.0000362416973103
4.307414829659319,-1.0000352882712993
4.317034068136272,-1.0000343581521522
4.326653306613227,-1.000033450705297
4.33627254509018,-1.000032565321606
4.345891783567135,-1.0000317014014108
4.355511022044088,-1.0000308583782198
4.365130260521042,-1.0000300356929472
4.374749498997996,-1.000029232803763
4.38436873747495,-1.0000284491768285
4.393987975951903,-1.000027684318017
4.403607214428858,-1.0000269377107145
4.413226452905811,-1.000026208885138
4.422845691382766,-1.0000254973432254
4.432464929859719,-1.0000248026618004
4.442084168336673,-1.000024124365094
4.451703406813627,-1.0000234620386663
4.461322645290581,-1.0000228152358128
4.470941883767535,-1.0000221835929557
4.480561122244489,-1.0000215666885446
4.4901803607214426,-1.0000209641280995
4.499799599198397,-1.0000203755413666
4.509418837675351,-1.0000198005663472
4.519038076152305,-1.0000192388440836
4.528657314629259,-1.0000186900316896
4.538276553106212,-1.0000181537862776
4.547895791583167,-1.0000176297825767
4.55751503006012,-1.0000171177030275
4.567134268537074,-1.0000166172374372
4.576753507014028,-1.0000161280870628
4.586372745490982,-1.0000156499612662
4.595991983967936,-1.0000151825681924
4.60561122244489,-1.000014725644645
4.615230460921843,-1.0000142789135285
4.624849699398798,-1.000013842095273
4.634468937875751,-1.0000134149725513
4.644088176352706,-1.0000129972716356
4.653707414829659,-1.0000125887611324
4.663326653306613,-1.0000121891924632
4.672945891783567,-1.000011798366306
4.682565130260521,-1.000011416053107
4.692184368737475,-1.000011042001053
4.701803607214429,-1.0000106760458167
4.7114228456913825,-1.0000103179872242
4.721042084168337,-1.000009967586102
4.7306613226452905,-1.0000096246843557
4.740280561122244,-1.0000092890506247
4.7498997995991985,-1.0000089605812592
4.759519038076152,-1.0000086390072784
4.7691382765531065,-1.0000083242370643
4.77875751503006,-1.000008016044319
4.788376753507014,-1.0000077142876953
4.797995991983968,-1.000007418818265
4.807615230460922,-1.0000071294842994
4.817234468937876,-1.0000068460952334
4.82685370741483,-1.0000065685789288
4.836472945891783,-1.0000062966895007
4.846092184368738,-1.0000060303832743
4.855711422845691,-1.0000057694919544
4.865330661322646,-1.0000055138731574
4.874949899799599,-1.0000052634050685
4.884569138276553,-1.00000501796887
4.894188376753507,-1.0000047774283383
4.903807615230461,-1.0000045417095325
4.913426853707414,-1.000004310653722
4.923046092184369,-1.0000040841631563
4.932665330661322,-1.0000038621581895
4.942284569138277,-1.000003644449961
4.95190380761523,-1.000003431014613
4.961523046092184,-1.000003221751704
4.971142284569138,-1.0000030165307994
4.980761523046092,-1.0000028152692226
4.990380761523046,-1.000002617880774
5.0,-1.000002424279514
