R_angstrom,E_RHF_aug-cc-pVDZ_Eh
0.2,0.125265963648304
0.2096192384769539,0.017030234181142134
0.21923847695390783,-0.080417319006034
0.22885771543086172,-0.16844227144678525
0.23847695390781565,-0.248191211460566
0.24809619238476954,-0.3206340840306725
0.25771543086172344,-0.38659708958746064
0.26733466933867733,-0.4467885028785429
0.2769539078156313,-0.5018191218711492
0.2865731462925852,-0.5522185998018341
0.2961923847695391,-0.59844859020072
0.305811623246493,-0.6409134029486715
0.3154308617234469,-0.6799687010173743
0.3250501002004008,-0.715928643686899
0.3346693386773547,-0.7490717898618482
0.3442885771543086,-0.7796460057821886
0.3539078156312625,-0.8078725687286828
0.3635270541082164,-0.8339496178832517
0.37314629258517035,-0.8580550722536874
0.38276553106212424,-0.8803491112267605
0.3923847695390782,-0.9009762942283548
0.4020040080160321,-0.920067380951149
0.411623246492986,-0.9377409017578132
0.4212424849699399,-0.9541045184396273
0.4308617234468938,-0.9692562080750167
0.44048096192384767,-0.9832852967429273
0.4501002004008016,-0.9962733651415832
0.4597194388777555,-1.0082950443454712
0.4693386773547094,-1.0194187168998026
0.4789579158316633,-1.0297071360129428
0.48857715430861726,-1.0392179736008702
0.49819639278557115,-1.0480043063612232
0.507815631262525,-1.0561150476924268
0.5174348697394789,-1.0635953322098635
0.5270541082164328,-1.0704868586762297
0.5366733466933868,-1.0768281964084128
0.5462925851703406,-1.082655059556283
0.5559118236472946,-1.0880005530905987
0.5655310621242484,-1.092895393856186
0.5751503006012024,-1.0973681096141266
0.5847695390781563,-1.1014452186383152
0.5943887775551102,-1.1051513921015874
0.6040080160320641,-1.1085096012086493
0.613627254509018,-1.1115412507795581
0.623246492985972,-1.114266300775586
0.6328657314629258,-1.116703377073673
0.6424849699398798,-1.1188698726094075
0.6521042084168336,-1.1207820398989243
0.6617234468937876,-1.122455075793999
0.6713426853707415,-1.1239031992334523
0.6809619238476954,-1.1251397226614375
0.6905811623246493,-1.1261771176960278
0.7002004008016032,-1.1270270755707377
0.7098196392785572,-1.1277005628077388
0.719438877755511,-1.1282078725350568
0.729058116232465,-1.128558671814178
0.7386773547094188,-1.1287620453095277
0.7482965931863728,-1.1288265355970628
0.7579158316633265,-1.128760180382807
0.7675350701402806,-1.128570546877512
0.7771543086172346,-1.1282647635527696
0.7867735470941883,-1.1278495494836447
0.7963927855711423,-1.127331241467835
0.8060120240480961,-1.1267158190943123
0.8156312625250501,-1.12600892792435
0.8252505010020039,-1.1252159009303107
0.8348697394789579,-1.1243417783324112
0.8444889779559117,-1.1233913259567494
0.8541082164328657,-1.1223690522357233
0.8637274549098197,-1.1212792239550107
0.8733466933867735,-1.1201258808515093
0.8829659318637275,-1.118912849151918
0.8925851703406813,-1.1176437541383026
0.9022044088176353,-1.116322031820813
0.9118236472945891,-1.1149509397881703
0.9214428857715431,-1.113533567305536
0.9310621242484969,-1.1120728447186403
0.9406813627254509,-1.1105715522235153
0.9503006012024049,-1.1090323280519936
0.9599198396793587,-1.1074576761215873
0.9695390781563127,-1.105849973193258
0.9791583166332665,-1.1042114755761248
0.9887775551102205,-1.1025443254175578
0.9983967935871743,-1.1008505566093887
1.0080160320641283,-1.0991321003426868
1.017635270541082,-1.0973907903370699
1.027254509018036,-1.0956283677703946
1.03687374749499,-1.0938464859314299
1.0464929859719438,-1.0920467146158128
1.0561122244488979,-1.0902305442842577
1.0657314629258516,-1.0883993899996054
1.0753507014028056,-1.0865545951586146
1.0849699398797594,-1.084697435031552
1.0945891783567134,-1.0828291201227247
1.1042084168336672,-1.0809507993631333
1.1138276553106212,-1.079063563146016
1.123446893787575,-1.0771684462131383
1.133066132264529,-1.0752664304028783
1.142685370741483,-1.073358447265456
1.1523046092184368,-1.0714453805536728
1.1619238476953908,-1.0695280685956303
1.1715430861723446,-1.0676073065548182
1.1811623246492986,-1.065683848583809
1.1907815631262524,-1.0637584098759665
1.2004008016032064,-1.0618316686202558
1.2100200400801602,-1.0599042678637578
1.2196392785571142,-1.0579768172854411
1.229258517034068,-1.0560498948854906
1.238877755511022,-1.0541240485936925
1.2484969939879758,-1.0521997978002995
1.2581162324649298,-1.0502776348125844
1.2677354709418838,-1.048358026240277
1.2773547094188376,-1.0464414143125356
1.2869739478957916,-1.0445282181296898
1.2965931863727453,-1.0426188348519672
1.3062124248496993,-1.0407136408280773
1.3158316633266531,-1.0388129926657639
1.3254509018036071,-1.0369172282471424
1.335070140280561,-1.0350266676905235
1.344689378757515,-1.0331416142613699
1.354308617234469,-1.031262355234075
1.3639278557114227,-1.0293891627069032
1.3735470941883767,-1.027522294371986
1.3831663326653305,-1.0256619942418683
1.3927855711422845,-1.0238084933352467
1.4024048096192383,-1.0219620103227278
1.4120240480961923,-1.0201227521352894
1.421643286573146,-1.0182909145363668
1.4312625250501,-1.0164666826598867
1.440881763527054,-1.0146502315153736
1.4505010020040079,-1.0128417264620884
1.460120240480962,-1.0110413236536617
1.4697394789579157,-1.0092491704547024
1.4793587174348697,-1.0074654058312693
1.4889779559118235,-1.0056901607161024
1.4985971943887775,-1.0039235583507904
1.5082164328657313,-1.00216571460588
1.5178356713426853,-1.0004167382805034
1.5274549098196393,-0.9986767313829711
1.537074148296593,-0.996945789393717
1.546693386773547,-0.9952240015117312
1.5563126252505008,-0.9935114508860573
1.5659318637274549,-0.9918082148335631
1.5755511022044086,-0.9901143650439457
1.5851703406813626,-0.988429967773403
1.5947895791583164,-0.9867550840280283
1.6044088176352704,-0.9850897697378693
1.6140280561122244,-0.9834340759227417
1.6236472945891782,-0.9817880488507058
1.6332665330661322,-0.980151730190013
1.642885771543086,-0.9785251571554678
1.65250501002004,-0.9769083626496511
1.6621242484969938,-0.9753013753999964
1.6717434869739478,-0.9737042200920356
1.6813627254509016,-0.9721169174996237
1.6909819639278556,-0.9705394846120758
1.7006012024048096,-0.9689719347593435
1.7102204408817634,-0.9674142777348274
1.7198396793587174,-0.9658665199166381
1.7294589178356712,-0.964328664387163
1.7390781563126252,-0.9628007110513097
1.748697394789579,-0.9612826567533195
1.758316633266533,-0.9597744953925755
1.7679358717434868,-0.9582762180379283
1.7775551102204408,-0.9567878130410079
1.7871743486973948,-0.9553092661481737
1.7967935871743486,-0.9538405606112064
1.8064128256513026,-0.9523816772965066
1.8160320641282564,-0.9509325947929244
1.8256513026052104,-0.9494932895177772
1.8352705410821641,-0.948063735821379
1.8448897795591181,-0.9466439060894988
1.854509018036072,-0.9452337708439014
1.864128256513026,-0.9438332988408225
1.87374749498998,-0.9424424571671993
1.8833667334669337,-0.9410612113344835
1.8929859719438877,-0.939689525370089
1.9026052104208415,-0.9383273619062437
1.9122244488977955,-0.93697468226627
1.9218436873747493,-0.9356314465480301
1.9314629258517033,-0.934297613704773
1.941082164328657,-0.9329731416229937
1.950701402805611,-0.9316579871975453
1.9603206412825651,-0.9303521064038076
1.969939879759519,-0.9290554543669843
1.979559118236473,-0.9277679854284552
1.9891783567134267,-0.9264896532093038
1.9987975951903807,-0.9252204106708548
2.0084168336673347,-0.9239602101725117
2.0180360721442887,-0.9227090035266323
2.0276553106212423,-0.9214667420507621
2.0372745490981963,-0.92023337661708
2.0468937875751503,-0.9190088576992272
2.0565130260521043,-0.9177931354165193
2.0661322645290583,-0.9165861595757073
2.075751503006012,-0.9153878797101987
2.085370741482966,-0.9141982451170583
2.09498997995992,-0.9130172048915587
2.104609218436874,-0.9118447079597098
2.1142284569138274,-0.9106807031085538
2.1238476953907814,-0.9095251390144894
2.1334669338677354,-0.9083779642696954
2.1430861723446895,-0.9072391274066209
2.1527054108216435,-0.9061085769208327
2.162324649298597,-0.9049862612920925
2.171943887775551,-0.9038721290038925
2.181563126252505,-0.9027661285615377
2.191182364729459,-0.9016682085087043
2.200801603206413,-0.9005783174428142
2.2104208416833666,-0.8994964040289791
2.2200400801603206,-0.898422417012926
2.2296593186372746,-0.8973563052327456
2.2392785571142286,-0.8962980176296296
2.2488977955911826,-0.8952475032576275
2.258517034068136,-0.8942047112925529
2.26813627254509,-0.8931695910400677
2.277755511022044,-0.8921420919429393
2.287374749498998,-0.8911221635876856
2.296993987975952,-0.8901097557104954
2.306613226452906,-0.8891048182026497
2.31623246492986,-0.8881073011152927
2.325851703406814,-0.887117154663807
2.335470941883768,-0.886134329231695
2.3450901803607214,-0.8851587753740879
2.3547094188376754,-0.8841904438208874
2.3643286573146294,-0.8832292854795573
2.3739478957915834,-0.882275251437713
2.383567134268537,-0.8813282929653409
2.393186372745491,-0.8803883615169259
2.402805611222445,-0.8794554087333085
2.412424849699399,-0.8785293864433779
2.422044088176353,-0.8776102466656749
2.4316633266533065,-0.8766979416098631
2.4412825651302605,-0.8757924236780626
2.4509018036072145,-0.8748936454661713
2.4605210420841686,-0.8740015597650774
2.470140280561122,-0.8731161195618451
2.479759519038076,-0.8722372780408889
2.48937875751503,-0.8713649885850875
2.498997995991984,-0.8704992047769218
2.508617234468938,-0.8696398803996007
2.5182364729458917,-0.8687869694382054
2.5278557114228457,-0.8679404260808069
2.5374749498997997,-0.8671002047196645
2.5470941883767537,-0.8662662599524005
2.5567134268537073,-0.8654385465832318
2.5663326653306613,-0.8646170196241674
2.5759519038076153,-0.8638016342963549
2.5855711422845693,-0.8629923460313257
2.5951903807615233,-0.862189110472322
2.604809619238477,-0.8613918834757155
2.614428857715431,-0.8606006211123323
2.624048096192385,-0.8598152796689034
2.633667334669339,-0.8590358156494758
2.6432865731462925,-0.8582621857768926
2.6529058116232465,-0.8574943469942183
2.6625250501002005,-0.8567322564662654
2.6721442885771545,-0.8559758715810855
2.6817635270541085,-0.8552251499514052
2.691382765531062,-0.8544800494162046
2.701002004008016,-0.8537405280421414
2.71062124248497,-0.8530065441250734
2.720240480961924,-0.8522780561915121
2.7298597194388776,-0.8515550230000757
2.7394789579158316,-0.8508374035429314
2.7490981963927856,-0.8501251570471892
2.7587174348697396,-0.8494182429762711
2.7683366733466936,-0.8487166210312633
2.777955911823647,-0.8480202511522164
2.787575150300601,-0.8473290935193778
2.797194388777555,-0.8466431085544367
2.8068136272545092,-0.8459622569216578
2.816432865731463,-0.8452864995289844
2.826052104208417,-0.84461579752911
2.835671342685371,-0.8439501123204467
2.845290581162325,-0.8432894055480464
2.854909819639279,-0.8426336391044684
2.8645290581162324,-0.8419827751305586
2.8741482965931864,-0.8413367760161952
2.8837675350701404,-0.8406956044008999
2.8933867735470944,-0.8400592231744256
2.903006012024048,-0.8394275954772693
2.912625250501002,-0.8388006847010638
2.922244488977956,-0.8381784544889621
2.93186372745491,-0.8375608687358623
2.941482965931864,-0.8369478915886106
2.9511022044088175,-0.8363394874461192
2.9607214428857715,-0.8357356209593984
2.9703406813627256,-0.8351362570314751
2.9799599198396796,-0.8345413608173262
2.989579158316633,-0.8339508977236001
2.999198396793587,-0.8333648334084114
3.008817635270541,-0.832783133780925
3.018436873747495,-0.8322057650009459
3.028056112224449,-0.8316326934784406
3.0376753507014027,-0.8310638858728987
3.0472945891783567,-0.8304993090927558
3.0569138276553107,-0.8299389302946261
3.0665330661322647,-0.8293827168825405
3.0761523046092183,-0.8288306365070801
3.0857715430861723,-0.8282826570645044
3.0953907815631263,-0.8277387466957203
3.1050100200400803,-0.8271988737852822
3.1146292585170343,-0.8266630069603087
3.124248496993988,-0.826131115089312
3.133867735470942,-0.825603167281007
3.143486973947896,-0.8250791328830742
3.15310621242485,-0.8245589814808277
3.1627254509018035,-0.8240426828959301
3.1723446893787575,-0.823530207184921
3.1819639278557115,-0.8230215246378582
3.1915831663326655,-0.822516605776813
3.2012024048096195,-0.8220154213543581
3.210821643286573,-0.8215179423520471
3.220440881763527,-0.8210241399788046
3.230060120240481,-0.8205339856693412
3.239679358717435,-0.82004745108252
3.2492985971943886,-0.8195645080996693
3.2589178356713426,-0.8190851288229062
3.2685370741482966,-0.8186092855734374
3.2781563126252506,-0.8181369508898019
3.2877755511022047,-0.817668097526125
3.297394789579158,-0.81720269845036
3.307014028056112,-0.8167407268424924
3.3166332665330662,-0.8162821560927469
3.3262525050100202,-0.8158269597997594
3.335871743486974,-0.8153751117687646
3.345490981963928,-0.8149265860097826
3.355110220440882,-0.8144813567357334
3.364729458917836,-0.8140393983606407
3.37434869739479,-0.8136006854977658
3.3839679358717434,-0.8131651929577266
3.3935871743486974,-0.8127328957466822
3.4032064128256514,-0.8123037690644566
3.4128256513026054,-0.8118777883026798
3.422444889779559,-0.8114549290429545
3.432064128256513,-0.8110351670549739
3.441683366733467,-0.8106184782947068
3.451302605210421,-0.8102048389025498
3.460921843687375,-0.809794225201466
3.4705410821643286,-0.8093866136952045
3.4801603206412826,-0.8089819810664307
3.4897795591182366,-0.8085803041749562
3.4993987975951906,-0.8081815600559257
3.509018036072144,-0.8077857259180254
3.518637274549098,-0.8073927791417066
3.528256513026052,-0.8070026972774281
3.537875751503006,-0.8066154580439142
3.54749498997996,-0.8062310393263942
3.5571142284569137,-0.8058494191749203
3.5667334669338677,-0.8054705758026295
3.5763527054108217,-0.8050944875840769
3.5859719438877757,-0.8047211330535615
3.5955911823647293,-0.8043504909034787
3.6052104208416833,-0.8039825399826825
3.6148296593186373,-0.8036172592948805
3.6244488977955913,-0.8032546279970343
3.6340681362725453,-0.8028946253978039
3.643687374749499,-0.8025372309559687
3.653306613226453,-0.8021824242789326
3.662925851703407,-0.80183018512118
3.672545090180361,-0.8014804933828417
3.6821643286573145,-0.8011333291081908
3.6917835671342685,-0.8007886724842144
3.7014028056112225,-0.8004465038392305
3.7110220440881765,-0.800106803641452
3.7206412825651305,-0.7997695524976638
3.730260521042084,-0.7994347311518563
3.739879759519038,-0.7991023204839429
3.749498997995992,-0.7987723015084283
3.759118236472946,-0.7984446553731706
3.7687374749498996,-0.7981193633581678
3.7783567134268536,-0.7977964068742898
3.7879759519038076,-0.7974757674621307
3.7975951903807617,-0.7971574267908623
3.8072144288577157,-0.7968413666570581
3.8168336673346692,-0.796527568983615
3.8264529058116232,-0.796216015818668
3.8360721442885772,-0.7959066893345412
3.8456913827655312,-0.7955995718266933
3.855310621242485,-0.7952946457127354
3.864929859719439,-0.794991893531455
3.874549098196393,-0.7946912979418503
3.884168336673347,-0.7943928417222028
3.8937875751503004,-0.7940965077691802
3.9034068136272544,-0.7938022790969705
3.9130260521042084,-0.79351013883638
3.9226452905811624,-0.79322007023407
3.9322645290581164,-0.7929320566516945
3.94188376753507,-0.7926460815651435
3.951503006012024,-0.7923621285637705
3.961122244488978,-0.7920801813496595
3.970741482965932,-0.7918002237368922
3.9803607214428856,-0.7915222396508842
3.9899799599198396,-0.7912462131276593
3.9995991983967936,-0.7909721283132469
4.009218436873748,-0.7906999694630013
4.018837675350701,-0.7904297209410139
4.028456913827655,-0.7901613672194858
4.038076152304609,-0.7898948928781635
4.047695390781563,-0.7896302826037969
4.057314629258517,-0.7893675211895267
4.066933867735471,-0.7891065935344164
4.076553106212424,-0.7888474846428981
4.086172344689379,-0.7885901796242805
4.095791583166332,-0.7883346636922612
4.105410821643287,-0.7880809221644427
4.11503006012024,-0.7878289404618839
4.124649298597194,-0.7875787041086193
4.134268537074148,-0.7873301987312642
4.143887775551102,-0.7870834100585287
4.153507014028055,-0.7868383239208487
4.16312625250501,-0.78659492624993
4.1727454909819635,-0.7863532030783933
4.182364729458918,-0.7861131405393289
4.1919839679358715,-0.7858747248659461
4.201603206412826,-0.7856379423911792
4.2112224448897795,-0.785402779547306
4.220841683366733,-0.7851692228656045
4.2304609218436875,-0.7849372589759411
4.240080160320641,-0.7847068746064589
4.2496993987975955,-0.784478056583203
4.259318637274549,-0.7842507918297517
4.268937875751503,-0.7840250673668897
4.278557114228457,-0.7838008703122417
4.288176352705411,-0.7835781878799385
4.297795591182365,-0.7833570073802738
4.307414829659319,-0.7831373162193356
4.317034068136272,-0.7829191018986896
4.326653306613227,-0.7827023520150226
4.33627254509018,-0.782487054259791
4.345891783567135,-0.7822731964188837
4.355511022044088,-0.7820607663722905
4.365130260521042,-0.7818497520937022
4.374749498997996,-0.7816401416502228
4.38436873747495,-0.7814319232019774
4.393987975951903,-0.7812250850017584
4.403607214428858,-0.7810196153946897
4.413226452905811,-0.7808155028178401
4.422845691382766,-0.7806127357998701
4.432464929859719,-0.7804113029606756
4.442084168336673,-0.7802111930109953
4.451703406813627,-0.7800123947520334
4.461322645290581,-0.7798148970751139
4.470941883767535,-0.7796186889612573
4.480561122244489,-0.7794237594808174
4.4901803607214426,-0.7792300977930833
4.499799599198397,-0.7790376931458685
4.509418837675351,-0.7788465348751312
4.519038076152305,-0.7786566124045673
4.528657314629259,-0.7784679152451762
4.538276553106212,-0.7782804329948705
4.547895791583167,-0.7780941553380498
4.55751503006012,-0.7779090720451731
4.567134268537074,-0.7777251729723232
4.576753507014028,-0.7775424480607921
4.586372745490982,-0.7773608873366222
4.595991983967936,-0.7771804809101776
4.60561122244489,-0.7770012189756994
4.615230460921843,-0.7768230918108217
4.624849699398798,-0.7766460897761722
4.634468937875751,-0.7764702033148531
4.644088176352706,-0.7762954229520139
4.653707414829659,-0.7761217392943687
4.663326653306613,-0.7759491430297287
4.672945891783567,-0.7757776249265108
4.682565130260521,-0.7756071758332865
4.692184368737475,-0.7754377866782671
4.701803607214429,-0.7752694484688305
4.7114228456913825,-0.775102152291026
4.721042084168337,-0.7749358893090813
4.7306613226452905,-0.7747706507649128
4.740280561122244,-0.7746064279776047
4.7498997995991985,-0.7744432123429212
4.759519038076152,-0.7742809953328106
4.7691382765531065,-0.7741197684948609
4.77875751503006,-0.7739595234518275
4.788376753507014,-0.7738002519010958
4.797995991983968,-0.7736419456141701
4.807615230460922,-0.7734845964361652
4.817234468937876,-0.7733281962852891
4.82685370741483,-0.7731727371522976
4.836472945891783,-0.7730182111000087
4.846092184368738,-0.772864610262731
4.855711422845691,-0.772711926845804
4.865330661322646,-0.7725601531250199
4.874949899799599,-0.7724092814461185
4.884569138276553,-0.7722593042242499
4.894188376753507,-0.7721102139434637
4.903807615230461,-0.7719620031561716
4.913426853707414,-0.7718146644826198
4.923046092184369,-0.7716681906103546
4.932665330661322,-0.7715225742937186
4.942284569138277,-0.7713778083532917
4.95190380761523,-0.7712338856753944
4.961523046092184,-0.7710907992115319
4.971142284569138,-0.770948541977887
4.980761523046092,-0.7708071070548073
4.990380761523046,-0.7706664875862488
5.0,-0.7705266767792713
