R_angstrom,E_UHF_aug-cc-pV5Z_Eh
0.2,0.8306530093084352
0.2096192384769539,0.7212902520611616
0.21923847695390783,0.6225737934959545
0.22885771543086172,0.5331440439039502
0.23847695390781565,0.45186013185436924
0.24809619238476954,0.3777576622624881
0.25771543086172344,0.3100159143485923
0.26733466933867733,0.24793210471571392
0.2769539078156313,0.19090099923651815
0.2865731462925852,0.13839861769051587
0.2961923847695391,0.08996910138851821
0.305811623246493,0.045214048254067274
0.3154308617234469,0.0037837898423316307
0.3250501002004008,-0.03462979058650961
0.3346693386773547,-0.0702992075817076
0.3442885771543086,-0.10346633034635144
0.3539078156312625,-0.13434653470841407
0.3635270541082164,-0.16313219848647975
0.37314629258517035,-0.1899956581615116
0.38276553106212424,-0.2150917212469532
0.3923847695390782,-0.23855981037637608
0.4020040080160321,-0.26052580066862013
0.411623246492986,-0.2811036004681492
0.4212424849699399,-0.3003965164520851
0.4308617234468938,-0.31849843672517275
0.44048096192384767,-0.3354948597068461
0.4501002004008016,-0.35146379178856896
0.4597194388777555,-0.36647653292457266
0.4693386773547094,-0.3805983661428296
0.4789579158316633,-0.39388916440002225
0.48857715430861726,-0.40640392609970816
0.49819639278557115,-0.4181932488317177
0.507815631262525,-0.42930374947128846
0.5174348697394789,-0.4397784375724855
0.5270541082164328,-0.44965704796838313
0.5366733466933868,-0.45897633769037566
0.5462925851703406,-0.46777035156329744
0.5559118236472946,-0.4760706602692417
0.5655310621242484,-0.48390657412817706
0.5751503006012024,-0.4913053354252827
0.5847695390781563,-0.498292291728806
0.5943887775551102,-0.5048910523251205
0.6040080160320641,-0.51112362962253
0.613627254509018,-0.5170105671443974
0.623246492985972,-0.5225710555472552
0.6328657314629258,-0.5278230379205711
0.6424849699398798,-0.532783305500282
0.6521042084168336,-0.5374675848024625
0.6617234468937876,-0.5418906170645883
0.6713426853707415,-0.5460662308017423
0.6809619238476954,-0.5500074081714957
0.6905811623246493,-0.5537263457653573
0.7002004008016032,-0.5572345103761153
0.7098196392785572,-0.5605426902061967
0.719438877755511,-0.5636610419461657
0.729058116232465,-0.5665991340910435
0.7386773547094188,-0.5693659868301951
0.7482965931863728,-0.571970108812911
0.7579158316633265,-0.5744195310614861
0.7675350701402806,-0.5767218382805062
0.7771543086172346,-0.5788841977875845
0.7867735470941883,-0.5809133862719322
0.7963927855711423,-0.5828158145642235
0.8060120240480961,-0.5845975505892144
0.8156312625250501,-0.5862643406555993
0.8252505010020039,-0.5878216292158669
0.8348697394789579,-0.5892745772314854
0.8444889779559117,-0.5906280792471944
0.8541082164328657,-0.5918867792862912
0.8637274549098197,-0.5930550856543062
0.8733466933867735,-0.5941371847407411
0.8829659318637275,-0.5951370538930651
0.8925851703406813,-0.5960584734359037
0.9022044088176353,-0.5969050378986724
0.9118236472945891,-0.5976801665100193
0.9214428857715431,-0.5983871130142278
0.9310621242484969,-0.599028974858671
0.9406813627254509,-0.5996087017963678
0.9503006012024049,-0.6001291039471846
0.9599198396793587,-0.6005928593546178
0.9695390781563127,-0.6010025210744294
0.9791583166332665,-0.6013605238277909
0.9887775551102205,-0.601669190248372
0.9983967935871743,-0.6019307367510646
1.0080160320641283,-0.6021472790502487
1.017635270541082,-0.6023208373488187
1.027254509018036,-0.6024533412210555
1.03687374749499,-0.6025466342106705
1.0464929859719438,-0.6026024781612898
1.0561122244488979,-0.6026225572988803
1.0657314629258516,-0.602608482080742
1.0753507014028056,-0.6025617928270135
1.0849699398797594,-0.6024839631486201
1.0945891783567134,-0.6023764031848393
1.1042084168336672,-0.602240462662093
1.1138276553106212,-0.6020774337853616
1.123446893787575,-0.6018885539735659
1.133066132264529,-0.6016750084470396
1.142685370741483,-0.6014379326773773
1.1523046092184368,-0.6011784147070645
1.1619238476953908,-0.6008974973481553
1.1715430861723446,-0.6005961802655193
1.1811623246492986,-0.6002754219526308
1.1907815631262524,-0.5999361416058298
1.2004008016032064,-0.5995792209028612
1.2100200400801602,-0.5992055056912875
1.2196392785571142,-0.5988158075923107
1.229258517034068,-0.5984109055233361
1.238877755511022,-0.5979915471461521
1.2484969939879758,-0.5975584502421497
1.2581162324649298,-0.5971123040209294
1.2677354709418838,-0.5966537703642956
1.2773547094188376,-0.5961834850095551
1.2869739478957916,-0.5957020586759092
1.2965931863727453,-0.5952100781359884
1.3062124248496993,-0.5947081072358389
1.3158316633266531,-0.5941966878664926
1.3254509018036071,-0.5936763408881907
1.335070140280561,-0.5931475670116796
1.344689378757515,-0.5926108476368181
1.354308617234469,-0.5920666456519631
1.3639278557114227,-0.5915154061955967
1.3735470941883767,-0.590957557382142
1.3831663326653305,-0.5903935109940618
1.3927855711422845,-0.5898236631413557
1.4024048096192383,-0.5892483948909806
1.4120240480961923,-0.5886680728669387
1.421643286573146,-0.5880830498231976
1.4312625250501,-0.5874936651902298
1.440881763527054,-0.586900245597098
1.4505010020040079,-0.5863031053701653
1.460120240480962,-0.5857025470096893
1.4697394789579157,-0.5850988616448856
1.4793587174348697,-0.5844923294699985
1.4889779559118235,-0.5838832201606101
1.4985971943887775,-0.5832717932729236
1.5082164328657313,-0.5826582986251365
1.5178356713426853,-0.5820429766635488
1.5274549098196393,-0.5814260588129705
1.537074148296593,-0.580807767812541
1.546693386773547,-0.5801883180379795
1.5563126252505008,-0.5795679158104372
1.5659318637274549,-0.5789467596930069
1.5755511022044086,-0.5783250407750926
1.5851703406813626,-0.5777029429454289
1.5947895791583164,-0.5770806431543645
1.6044088176352704,-0.5764583116653954
1.6140280561122244,-0.5758361122970321
1.6236472945891782,-0.5752142026549925
1.6332665330661322,-0.5745927343553373
1.642885771543086,-0.5739718532387008
1.65250501002004,-0.5733516995764728
1.6621242484969938,-0.572732408268508
1.6717434869739478,-0.5721141090335733
1.6813627254509016,-0.5714969265921288
1.6909819639278556,-0.5708809808421764
1.7006012024048096,-0.5702663870282962
1.7102204408817634,-0.56965325590417
1.7198396793587174,-0.5690416938888443
1.7294589178356712,-0.5684318032171222
1.7390781563126252,-0.567823682084135
1.748697394789579,-0.5672174247843427
1.758316633266533,-0.5666131218454181
1.7679358717434868,-0.5660108601570372
1.7775551102204408,-0.5654107230946723
1.7871743486973948,-0.5648127906389104
1.7967935871743486,-0.5642171394901963
1.8064128256513026,-0.5636238431793545
1.8160320641282564,-0.5630329721738465
1.8256513026052104,-0.5624445939803313
1.8352705410821641,-0.5618587732433116
1.8448897795591181,-0.5612755718399091
1.854509018036072,-0.5606950489715734
1.864128256513026,-0.5601172612521554
1.87374749498998,-0.5595422627928155
1.8833667334669337,-0.5589701052838355
1.8929859719438877,-0.5584008380734559
1.9026052104208415,-0.5578345082439837
1.9122244488977955,-0.557271160684834
1.9218436873747493,-0.5567108381633628
1.9314629258517033,-0.556153581392782
1.941082164328657,-0.5555994290979139
1.950701402805611,-0.5550484180784132
1.9603206412825651,-0.5545005832699554
1.969939879759519,-0.5539559578029587
1.979559118236473,-0.5534145730595559
1.9891783567134267,-0.5528764587283967
1.9987975951903807,-0.5523416428575336
2.0084168336673347,-0.5518101519054951
2.0180360721442887,-0.5512820107906414
2.0276553106212423,-0.5507572429386443
2.0372745490981963,-0.5502358703286216
2.0468937875751503,-0.5497179135373543
2.0565130260521043,-0.5492033917823428
2.0661322645290583,-0.5486923229630183
2.075751503006012,-0.5481847237009425
2.085370741482966,-0.5476806093784163
2.09498997995992,-0.5471799941758648
2.104609218436874,-0.5466828911079964
2.1142284569138274,-0.5461893120587786
2.1238476953907814,-0.5456992678151837
2.1334669338677354,-0.5452127680999098
2.1430861723446895,-0.5447298216030177
2.1527054108216435,-0.5442504360125513
2.162324649298597,-0.543774618044093
2.171943887775551,-0.5433023734696062
2.181563126252505,-0.5428337071449958
2.191182364729459,-0.5423686230371634
2.200801603206413,-0.5419071242500311
2.2104208416833666,-0.5414492130497148
2.2200400801603206,-0.5409948908891145
2.2296593186372746,-0.5405441584315325
2.2392785571142286,-0.5400970155737463
2.2488977955911826,-0.5396534614682915
2.258517034068136,-0.5392134945451019
2.26813627254509,-0.5387771125325564
2.277755511022044,-0.5383443124778724
2.287374749498998,-0.537915090766869
2.296993987975952,-0.5374894431432347
2.306613226452906,-0.5370673647272459
2.31623246492986,-0.5366488500339051
2.325851703406814,-0.536233892990597
2.335470941883768,-0.5358224869543122
2.3450901803607214,-0.5354146247283087
2.3547094188376754,-0.5350102985784437
2.3643286573146294,-0.5346095002489577
2.3739478957915834,-0.5342122209778858
2.383567134268537,-0.5338184515121466
2.393186372745491,-0.5334281821220683
2.402805611222445,-0.5330414026158081
2.412424849699399,-0.5326581023531258
2.422044088176353,-0.5322782702589862
2.4316633266533065,-0.5319018948368626
2.4412825651302605,-0.5315289641815641
2.4509018036072145,-0.5311594659919041
2.4605210420841686,-0.530793387582999
2.470140280561122,-0.5304307158982824
2.479759519038076,-0.5300714375212907
2.48937875751503,-0.5297155386870968
2.498997995991984,-0.5293630052935738
2.508617234468938,-0.5290138229123732
2.5182364729458917,-0.5286679767996475
2.5278557114228457,-0.5283254519065257
2.5374749498997997,-0.527986232889458
2.5470941883767537,-0.5276503041202093
2.5567134268537073,-0.5273176496957368
2.5663326653306613,-0.5269882534477831
2.5759519038076153,-0.5266620989523905
2.5855711422845693,-0.5263391695390593
2.5951903807615233,-0.526019448299866
2.604809619238477,-0.5257029180983004
2.614428857715431,-0.5253895615779617
2.624048096192385,-0.525079361171106
2.633667334669339,-0.5247722991069481
2.6432865731462925,-0.5244683574198876
2.6529058116232465,-0.5241675179575005
2.6625250501002005,-0.5238697623884364
2.6721442885771545,-0.5235750722101236
2.6817635270541085,-0.5232834287563154
2.691382765531062,-0.5229948132045377
2.701002004008016,-0.522709206583365
2.71062124248497,-0.5224265897795295
2.720240480961924,-0.5221469435449592
2.7298597194388776,-0.5218702485036248
2.7394789579158316,-0.5215964851582868
2.7490981963927856,-0.5213256338971095
2.7587174348697396,-0.5210576750001206
2.7683366733466936,-0.520792588645616
2.777955911823647,-0.5205303549163542
2.787575150300601,-0.5202709538057182
2.797194388777555,-0.520014365223697
2.8068136272545092,-0.5197605690027853
2.816432865731463,-0.5195095449037499
2.826052104208417,-0.5192612726213355
2.835671342685371,-0.5190157317897641
2.845290581162325,-0.5187729019882297
2.854909819639279,-0.518532762746249
2.8645290581162324,-0.5182952935488476
2.8741482965931864,-0.5180604738417783
2.8837675350701404,-0.517828283036486
2.8933867735470944,-0.5175987005150748
2.903006012024048,-0.5173717056351715
2.912625250501002,-0.5171472777346328
2.922244488977956,-0.5169253961361924
2.93186372745491,-0.5167060401520198
2.941482965931864,-0.5164891890881713
2.9511022044088175,-0.5162748222489718
2.9607214428857715,-0.5160629189412667
2.9703406813627256,-0.5158534584786194
2.9799599198396796,-0.5156464201853546
2.989579158316633,-0.5154417834006533
2.999198396793587,-0.5152395274823679
3.008817635270541,-0.5150396318109395
3.018436873747495,-0.5148420757930674
3.028056112224449,-0.5146468388654226
3.0376753507014027,-0.51445390049818
3.0472945891783567,-0.514263240198537
3.0569138276553107,-0.5140748375141346
3.0665330661322647,-0.5138886720363305
3.0761523046092183,-0.5137047234035178
3.0857715430861723,-0.51352297130422
3.0953907815631263,-0.5133433954802575
3.1050100200400803,-0.5131659757296663
3.1146292585170343,-0.512990691909744
3.124248496993988,-0.5128175239397939
3.133867735470942,-0.5126464518039835
3.143486973947896,-0.5124774555540416
3.15310621242485,-0.5123105153118482
3.1627254509018035,-0.5121456112720515
3.1723446893787575,-0.5119827237045089
3.1819639278557115,-0.511821832956755
3.1915831663326655,-0.5116629194562841
3.2012024048096195,-0.5115059637128878
3.210821643286573,-0.5113509463208252
3.220440881763527,-0.5111978479609751
3.230060120240481,-0.5110466494029343
3.239679358717435,-0.510897331506944
3.2492985971943886,-0.5107498752259438
3.2589178356713426,-0.5106042616073596
3.2685370741482966,-0.5104604717949478
3.2781563126252506,-0.5103184870305457
3.2877755511022047,-0.5101782886557698
3.297394789579158,-0.5100398581136113
3.307014028056112,-0.5099031769500302
3.3166332665330662,-0.5097682268154647
3.3262525050100202,-0.5096349894662338
3.335871743486974,-0.5095034467659918
3.345490981963928,-0.5093735806870408
3.355110220440882,-0.5092453733115523
3.364729458917836,-0.5091188068328605
3.37434869739479,-0.5089938635566238
3.3839679358717434,-0.5088705259019052
3.3935871743486974,-0.5087487764022505
3.4032064128256514,-0.5086285977066977
3.4128256513026054,-0.5085099725807484
3.422444889779559,-0.5083928839072568
3.432064128256513,-0.5082773146873216
3.441683366733467,-0.5081632480410546
3.451302605210421,-0.5080506672083952
3.460921843687375,-0.5079395555498019
3.4705410821643286,-0.507829896546917
3.4801603206412826,-0.50772167380323
3.4897795591182366,-0.50761487104464
3.4993987975951906,-0.507509472119986
3.509018036072144,-0.5074054610015806
3.518637274549098,-0.5073028217856486
3.528256513026052,-0.5072015386927382
3.537875751503006,-0.5071015960681382
3.54749498997996,-0.5070029783821521
3.5571142284569137,-0.5069056702304685
3.5667334669338677,-0.5068096563343855
3.5763527054108217,-0.5067149215410505
3.5859719438877757,-0.5066214508236733
3.5955911823647293,-0.506529229281629
3.6052104208416833,-0.5064382421406449
3.6148296593186373,-0.5063484747528684
3.6244488977955913,-0.506259912596899
3.6340681362725453,-0.5061725412778624
3.643687374749499,-0.5060863465273623
3.653306613226453,-0.5060013142034889
3.662925851703407,-0.5059174302907098
3.672545090180361,-0.5058346808998075
3.6821643286573145,-0.5057530522677581
3.6917835671342685,-0.5056725307575598
3.7014028056112225,-0.5055931028580993
3.7110220440881765,-0.5055147551838894
3.7206412825651305,-0.5054374744749018
3.730260521042084,-0.505361247596284
3.739879759519038,-0.5052860615381018
3.749498997995992,-0.5052119034150113
3.759118236472946,-0.505138760465966
3.7687374749498996,-0.5050666200538712
3.7783567134268536,-0.5049954696652039
3.7879759519038076,-0.5049252969096387
3.7975951903807617,-0.5048560895196278
3.8072144288577157,-0.504787835349992
3.8168336673346692,-0.5047205223774504
3.8264529058116232,-0.5046541387002073
3.8360721442885772,-0.5045886725374147
3.8456913827655312,-0.5045241122286851
3.855310621242485,-0.5044604462336084
3.864929859719439,-0.5043976631311666
3.874549098196393,-0.5043357516192593
3.884168336673347,-0.5042747005140403
3.8937875751503004,-0.5042144987494355
3.9034068136272544,-0.5041551353764896
3.9130260521042084,-0.5040965995627887
3.9226452905811624,-0.504038880591834
3.9322645290581164,-0.5039819678623703
3.94188376753507,-0.5039258508878359
3.951503006012024,-0.5038705192956051
3.961122244488978,-0.5038159628263587
3.970741482965932,-0.5037621713334448
3.9803607214428856,-0.5037091347821097
3.9899799599198396,-0.5036568432488767
3.9995991983967936,-0.503605286920782
4.009218436873748,-0.5035544560946796
4.018837675350701,-0.5035043411765208
4.028456913827655,-0.5034549326805992
4.038076152304609,-0.5034062212288335
4.047695390781563,-0.5033581975499799
4.057314629258517,-0.5033108524789167
4.066933867735471,-0.5032641769558353
4.076553106212424,-0.5032181620255366
4.086172344689379,-0.5031727988365695
4.095791583166332,-0.5031280786405011
4.105410821643287,-0.5030839927911475
4.11503006012024,-0.5030405327437155
4.124649298597194,-0.502997690054055
4.134268537074148,-0.502955456377868
4.143887775551102,-0.502913823469852
4.153507014028055,-0.5028727831829348
4.16312625250501,-0.5028323274674629
4.1727454909819635,-0.5027924483703528
4.182364729458918,-0.5027531380343109
4.1919839679358715,-0.5027143886969858
4.201603206412826,-0.5026761926901775
4.2112224448897795,-0.5026385424389704
4.220841683366733,-0.5026014304609715
4.2304609218436875,-0.5025648493654217
4.240080160320641,-0.5025287918524071
4.2496993987975955,-0.5024932507120189
4.259318637274549,-0.5024582188235316
4.268937875751503,-0.5024236891545706
4.278557114228457,-0.5023896547602993
4.288176352705411,-0.5023561087825726
4.297795591182365,-0.5023230444491089
4.307414829659319,-0.502290455072698
4.317034068136272,-0.5022583340503313
4.326653306613227,-0.5022266748624196
4.33627254509018,-0.5021954710719507
4.345891783567135,-0.5021647163236711
4.355511022044088,-0.5021344043432636
4.365130260521042,-0.5021045289365501
4.374749498997996,-0.5020750839886704
4.38436873747495,-0.5020460634632546
4.393987975951903,-0.5020174614016399
4.403607214428858,-0.5019892719220497
4.413226452905811,-0.5019614892187954
4.422845691382766,-0.501934107561467
4.432464929859719,-0.5019071212941741
4.442084168336673,-0.5018805248347138
4.451703406813627,-0.501854312673777
4.461322645290581,-0.5018284793742078
4.470941883767535,-0.5018030195701834
4.480561122244489,-0.5017779279664423
4.4901803607214426,-0.501753199337545
4.499799599198397,-0.5017288285270234
4.509418837675351,-0.5017048104467321
4.519038076152305,-0.501681140075987
4.528657314629259,-0.5016578124608561
4.538276553106212,-0.5016348227134053
4.547895791583167,-0.5016121660109425
4.55751503006012,-0.501589837595271
4.567134268537074,-0.5015678327719971
4.576753507014028,-0.5015461469097091
4.586372745490982,-0.501524775439335
4.595991983967936,-0.5015037138533966
4.60561122244489,-0.5014829577052591
4.615230460921843,-0.5014625026084819
4.624849699398798,-0.5014423442360258
4.634468937875751,-0.5014224783196605
4.644088176352706,-0.501402900649159
4.653707414829659,-0.5013836070716959
4.663326653306613,-0.5013645934911148
4.672945891783567,-0.5013458558672516
4.682565130260521,-0.5013273902152806
4.692184368737475,-0.5013091926050343
4.701803607214429,-0.5012912591603422
4.7114228456913825,-0.501273586058387
4.721042084168337,-0.5012561695290035
4.7306613226452905,-0.5012390058541304
4.740280561122244,-0.5012220913670578
4.7498997995991985,-0.5012054224518625
4.759519038076152,-0.5011889955427761
4.7691382765531065,-0.5011728071235474
4.77875751503006,-0.5011568537268181
4.788376753507014,-0.5011411319335211
4.797995991983968,-0.5011256383722942
4.807615230460922,-0.501110369718856
4.817234468937876,-0.5010953226954128
4.82685370741483,-0.5010804940700712
4.836472945891783,-0.5010658806562733
4.846092184368738,-0.5010514793122135
4.855711422845691,-0.5010372869402505
4.865330661322646,-0.5010233004863633
4.874949899799599,-0.5010095169395696
4.884569138276553,-0.5009959333314078
4.894188376753507,-0.500982546735353
4.903807615230461,-0.5009693542662943
4.913426853707414,-0.5009563530799876
4.923046092184369,-0.500943540372536
4.932665330661322,-0.5009309133798494
4.942284569138277,-0.5009184693771429
4.95190380761523,-0.5009062056784125
4.961523046092184,-0.500894119635936
4.971142284569138,-0.5008822086397284
4.980761523046092,-0.5008704701171156
4.990380761523046,-0.5008589015321745
5.0,-0.5008475003853012
