R_angstrom,E_CCSD,E_exc_1,E_exc_2
0.2,0.018679482576709518,0.6980553765892218,0.7139531897648426
0.2241206030150754,-0.22480569263386962,0.4433152506174036,0.4580878566321085
0.24824120603015076,-0.41301470569405613,0.24389632024212887,0.25725736763830725
0.2723618090452261,-0.5609407916388542,0.08487896791384225,0.09707019684817969
0.2964824120603015,-0.6787213256776885,-0.043812717456934484,-0.03281921575836432
0.3206030150753769,-0.7734453272963002,-0.14922563453039644,-0.13945491573867624
0.34472361809045227,-0.8502178046453355,-0.23643478883509939,-0.22790972624262418
0.3688442211055276,-0.9128048210763893,-0.30918556502563316,-0.3019273925957127
0.392964824120603,-0.9640409455255425,-0.37029920055968624,-0.36432796706973203
0.4170854271356784,-1.0060958801621944,-0.42193786890251245,-0.41727280530818706
0.44120603015075377,-1.04065466753439,-0.465783574104668,-0.46244336694766086
0.4653266331658292,-1.0690428766535223,-0.5031621655659716,-0.5011651025847926
0.4894472361809045,-1.0923154639102348,-0.535131285180755,-0.534495351082331
0.5135678391959799,-1.1113209295607251,-0.5632866517793279,-0.5625437456834759
0.5376884422110553,-1.1267482739662733,-0.5882331606444586,-0.5860939381721626
0.5618090452261306,-1.139161798827622,-0.6099050924727064,-0.6063522448769489
0.585929648241206,-1.1490272091212677,-0.6287745849359443,-0.6237908760890587
0.6100502512562813,-1.1567314504881414,-0.6452353664358801,-0.6388035469331795
0.6341708542713568,-1.1625979603419103,-0.659617857922209,-0.6517206140241292
0.6582914572864322,-1.1668985553448166,-0.6722009223395977,-0.6628208839063753
0.6824120603015076,-1.1698628042899892,-0.6832211054620352,-0.6723409180510804
0.7065326633165829,-1.1716854937270138,-0.6928799816338156,-0.6804824358178732
0.7306532663316583,-1.172532613644349,-0.701350048577634,-0.687418248909511
0.7547738693467336,-1.1725461659629355,-0.7087794991577453,-0.6932970457308141
0.778894472361809,-1.171848021902065,-0.7152961150259749,-0.6982472657022942
0.8030150753768843,-1.1705430199495697,-0.7210104630289005,-0.7023802547162956
0.8271356783919597,-1.1687214868231657,-0.7260185253150767,-0.7057928511983681
0.8512562814070352,-1.166461348141877,-0.7304038614950185,-0.7085695337213954
0.8753768844221106,-1.1638299506389898,-0.7342393865513592,-0.710784217373116
0.8994974874371859,-1.160885654513046,-0.7375888421162732,-0.7125017707911855
0.9236180904522613,-1.1576792074490985,-0.740508029531553,-0.7137792984980512
0.9477386934673366,-1.1542549008030905,-0.7430458578872249,-0.7146672159355167
0.971859296482412,-1.1506515222413833,-0.745245244171336,-0.7152101655166627
0.9959798994974873,-1.1469031349212244,-0.7471438906887767,-0.7154477914165643
1.0201005025125627,-1.143039718774433,-0.7487749576023212,-0.7154154028697747
1.0442211055276382,-1.1390877054936717,-0.7501676445907921,-0.7151445453897524
1.0683417085427136,-1.135070431121457,-0.7513476937792736,-0.7146634955541331
1.092462311557789,-1.1310085229421136,-0.7523378242464847,-0.7139976916370798
1.1165829145728643,-1.1269202322094838,-0.753158107491567,-0.71317011009744
1.1407035175879396,-1.1228217210204607,-0.7538262901397526,-0.7122015964302967
1.164824120603015,-1.1187273097635082,-0.7543580715017942,-0.7111111580489021
1.1889447236180903,-1.114649690466564,-0.7547673496333381,-0.709916226834419
1.2130653266331657,-1.1106001106625363,-0.7550664284076408,-0.7086328983739272
1.237185929648241,-1.1065885318691089,-0.7552661980632396,-0.7072761544317421
1.2613065326633166,-1.1026237603833349,-0.7553763035062699,-0.7058600719018242
1.285427135678392,-1.0987135899695855,-0.7554052787880248,-0.7043980519178615
1.3095477386934673,-1.0948648682587587,-0.7553606709588412,-0.7029030116364533
1.3336683417085426,-1.0910836097543573,-0.7552491569086743,-0.7013876377715609
1.357788944723618,-1.0873750683489662,-0.7550766417621241,-0.6998646473260667
1.3819095477386933,-1.0837438061972675,-0.7548483489326075,-0.6983470925591252
1.4060301507537687,-1.0801937547016296,-0.7545689011795278,-0.6968487274318528
1.430150753768844,-1.0767282688336133,-0.7542423934929846,-0.6953844522698329
1.4542713567839194,-1.073350175714366,-0.7538724585505207,-0.6939708554693114
1.478391959798995,-1.0700618182028627,-0.7534623253532089,-0.6926268640407175
1.5025125628140703,-1.066865094158079,-0.7530148715539566,-0.6913745117459009
1.5266331658291457,-1.063761491923384,-0.7525326699504246,-0.6902397183916088
1.550753768844221,-1.0607521224678718,-0.7520180295881311,-0.6892529869289243
1.5748743718592964,-1.057837748547072,-0.7514730319092606,-0.6884495672769771
1.5989949748743717,-1.0550188112008614,-0.7508995623612673,-0.687868484135204
1.623115577889447,-1.0522954538766662,-0.7502993378670572,-0.6875495048738856
1.6472361809045226,-1.049667544447873,-0.7496739305466422,-0.6875273225920093
1.671356783919598,-1.047134695384738,-0.7490247880430954,-0.6878233873808735
1.6954773869346733,-1.0446962823276702,-0.7483532507613826,-0.6884379832793674
1.7195979899497487,-1.0423514613046188,-0.7476605664506916,-0.6893466099037983
1.743718592964824,-1.040099184825016,-0.7469479030521605,-0.690503359624059
1.7678391959798994,-1.0379382170696791,-0.7462163596319906,-0.6918498243354777
1.7919597989949747,-1.0358671483786226,-0.7454669743843368,-0.6933251864431904
1.81608040201005,-1.0338844092165782,-0.7447007314441002,-0.6948737508858852
1.8402010050251254,-1.0319882837684202,-0.7439185670527043,-0.6964487494790608
1.864321608040201,-1.0301769232869689,-0.7431213745927006,-0.6980131835131759
1.8884422110552763,-1.0284483592824283,-0.742310010599225,-0.6995390032964492
1.9125628140703517,-1.02680051660947,-0.7414852896403864,-0.7010056435223962
1.936683417085427,-1.0252312380647082,-0.7406479996883333,-0.7023984868722493
1.9608040201005024,-1.0237382526846555,-0.7397988975325552,-0.7037075313914193
1.9849246231155777,-1.0223192529155165,-0.7389387098501939,-0.7049262687471765
2.0090452261306533,-1.0209718659972884,-0.7380681367886592,-0.706050843289988
2.033165829145729,-1.0196936762557238,-0.7371878528645561,-0.7070793929791055
2.057286432160804,-1.0184822371402802,-0.7362985081329867,-0.7080115526231966
2.0814070351758795,-1.0173350695210366,-0.7354007302867976,-0.7088480823389318
2.1055276381909547,-1.0162497325927249,-0.7344951206393976,-0.7095905631126237
2.1296482412060302,-1.0152237367024601,-0.7335822632013562,-0.7102412121175028
2.1537688442211054,-1.0142546217672703,-0.7326627197635494,-0.710802694013584
2.177889447236181,-1.0133399380175392,-0.7317370331382004,-0.7112780040403308
2.2020100502512565,-1.0124772991692805,-0.730805723053831,-0.7116703471473799
2.2261306532663316,-1.0116643296883576,-0.7298692770726196,-0.7119830899773838
2.250251256281407,-1.0108987058735082,-0.7289282112293682,-0.7122196832919356
2.2743718592964823,-1.0101781550400144,-0.7279829780906795,-0.7123836179046645
2.298492462311558,-1.0095004608219769,-0.7270340280493004,-0.7124783871734773
2.3226130653266335,-1.0088634676909853,-0.7260817950804231,-0.7125074574792601
2.3467336683417086,-1.008265084718168,-0.7251266972880936,-0.7124742450548192
2.370854271356784,-1.0077032886175437,-0.7241691374332356,-0.7123820979094474
2.3949748743718593,-1.0071761261180956,-0.7232095034452997,-0.7122342818829701
2.419095477386935,-1.0066817157091708,-0.7222481689161931,-0.712033970075444
2.44321608040201,-1.0062182487855655,-0.7212854935769769,-0.7117842350241019
2.4673366834170856,-1.005783990215884,-0.7203218237565469,-0.7114880430669458
2.4914572864321607,-1.0053772784037918,-0.7193574928206108,-0.7111482504671525
2.5155778894472363,-1.0049965249429011,-0.7183928215929057,-0.7107676650798577
2.539698492462312,-1.0046402139233954,-0.7174281187604491,-0.7103487944768849
2.563819095477387,-1.0043069009101786,-0.7164636812614897,-0.7098942143931047
2.5879396984924625,-1.0039952116215765,-0.7154997946556156,-0.7094063290246615
2.6120603015075377,-1.0037038403524836,-0.7145367334764021,-0.7088874314525522
2.636180904522613,-1.0034315481876857,-0.7135747615644185,-0.7083397056972786
2.6603015075376883,-1.0031771610461904,-0.7126141323826831,-0.7077652292032388
2.684422110552764,-1.002939567591637,-0.7116550893132032,-0.7071659756607274
2.708542713567839,-1.002717717040303,-0.7106978659355084,-0.70654381808632
2.7326633165829146,-1.0025106168946791,-0.7097426862869978,-0.7059005320926302
2.75678391959799,-1.0023173306274964,-0.7087897651056165,-0.7052377992902278
2.7809045226130653,-1.0021369753384621,-0.7078393080555377,-0.7045572107741721
2.805025125628141,-1.0019687194031086,-0.7068915119362319,-0.7038602706529825
2.829145728643216,-1.001811780131137,-0.7059465648765217,-0.7031483995888874
2.8532663316582916,-1.0016654214485041,-0.7050046315411791,-0.7024229383170295
2.8773869346733667,-1.0015289516163715,-0.7040659139391875,-0.7016851511421276
2.9015075376884423,-1.0014017209971928,-0.7031305596203424,-0.700936229348095
2.925628140703518,-1.0012831198767576,-0.7021987236871281,-0.7001772945612491
2.949748743718593,-1.0011725763493284,-0.7012705533544753,-0.6994094019769993
2.9738693467336685,-1.0010695542711145,-0.7003461880726951,-0.698633543278302
2.9979899497487437,-1.000973551286372,-0.699425721882579,-0.6978506508869688
3.0221105527638192,-1.0008840969284172,-0.698509353279458,-0.6970616000446956
3.0462311557788944,-1.0008007507980794,-0.6975971629188515,-0.696267210638555
3.07035175879397,-1.0007231008198465,-0.6966892604809545,-0.6954682516307191
3.0944723618090455,-1.0006507615769211,-0.6957857485082802,-0.6946654433025724
3.1185929648241206,-1.0005833727247428,-0.6948867225382297,-0.6938594603153242
3.142713567839196,-1.000520597482579,-0.6939922712426553,-0.6930509334759544
3.1668341708542713,-1.0004621212020421,-0.6931024765766886,-0.6922404405129987
3.190954773869347,-1.000407650010748,-0.6922174139389918,-0.6914285430612994
3.215075376884422,-1.0003569095287124,-0.6913371523439865,-0.6906157406108191
3.2391959798994976,-1.0003096436552057,-0.6904617546079997,-0.68980251371844
3.2633165829145727,-1.000265613423252,-0.689591277549165,-0.6889893049097806
3.2874371859296483,-1.0002245959186458,-0.6887257722024595,-0.6881765254620811
3.311557788944724,-1.000186383261131,-0.6878652691067489,-0.6873645571299024
3.335678391959799,-1.0001507816447515,-0.6870098372853837,-0.6865537538441093
3.3597989949748746,-1.000117610434796,-0.6861594979364722,-0.685744443387988
3.3839195979899497,-1.000086701318612,-0.6853142814106326,-0.684936929023491
3.4080402010050252,-1.0000578975088072,-0.6844742135759128,-0.6841314910533811
3.4321608040201004,-1.0000310529950585,-0.6836393161198472,-0.6833283883087049
3.456281407035176,-1.0000060318430448,-0.6828096068635023,-0.6825278595602238
3.480402010050251,-0.9999827075349423,-0.6819851000842518,-0.6817301248594463
3.5045226130653266,-0.9999609623479512,-0.6811657905976521,-0.6809353868256064
3.528643216080402,-0.999940686763776,-0.6803517181626864,-0.680143831894979
3.5527638190954773,-0.9999217831686892,-0.6795428728765236,-0.6793556165250726
3.576884422110553,-0.9999041489677464,-0.6787392584366757,-0.6785709257322117
3.601005025125628,-0.9998876994348317,-0.6779408765174912,-0.6777897791621141
3.6251256281407036,-0.9998723651681465,-0.6771477561659509,-0.6770125498841281
3.6492462311557787,-0.9998580448654995,-0.6763598374225496,-0.6762392382540658
3.6733668341708543,-0.9998446801343048,-0.6755771486305029,-0.675469927832614
3.69748743718593,-0.999832205085379,-0.6747996875268905,-0.6747047480297264
3.721608040201005,-0.9998205584812065,-0.6740274745752505,-0.6739437946602875
3.7457286432160806,-0.9998096834080018,-0.6732604628996086,-0.6731871562265153
3.7698492462311557,-0.9997995269721927,-0.6724986721765704,-0.6724349146470672
3.7939698492462313,-0.999790040009569,-0.6717421010621419,-0.6716871459620506
3.8180904522613064,-0.9997811768230864,-0.6709907490813751,-0.6709439209590417
3.842211055276382,-0.9997728949321848,-0.670244616839623,-0.6702053057762409
3.8663316582914575,-0.9997651548418809,-0.669503706216298,-0.6694713624491268
3.8904522613065327,-0.9997579198408315,-0.6687680205143676,-0.6687421493907436
3.9145728643216082,-0.9997511557619223,-0.6680375646393338,-0.6680176510478263
3.9386934673366834,-0.9997448308739038,-0.6673123451522085,-0.6672980554803063
3.962814070351759,-0.9997389156682517,-0.6665923704091301,-0.666583347941577
3.986934673366834,-0.9997333826587971,-0.6658776506304335,-0.6658735767890989
4.011055276381909,-0.9997282064834165,-0.6651687888743126,-0.6651681971337287
4.035175879396984,-0.9997233629985269,-0.6644690281873217,-0.6644640262915569
4.05929648241206,-0.9997188331292621,-0.6637743271253209,-0.6637651479862464
4.083417085427135,-0.9997145920064823,-0.6630847539915266,-0.6630715906335289
4.107537688442211,-0.9997106206500104,-0.6624004569242242,-0.6623833687833623
4.131658291457287,-0.9997068990842946,-0.661721258861024,-0.6617005044409586
4.155778894472362,-0.9997034170527643,-0.6610472747789318,-0.6610230188300308
4.179899497487437,-0.9997001564783708,-0.6603785799751858,-0.6603509377685214
4.204020100502513,-0.9996970990661045,-0.6597152103247808,-0.6596842884140977
4.228140703517588,-0.9996942333569148,-0.6590571997721324,-0.6590230975688048
4.252261306532663,-0.9996915471987325,-0.6584045848593331,-0.6583673945692516
4.276381909547739,-0.9996890269997194,-0.6577574078991291,-0.6577172100908923
4.300502512562814,-0.9996866631550424,-0.6571157045741156,-0.657072573945841
4.324623115577889,-0.9996844448132483,-0.6564795131245598,-0.6564335184485338
4.3487437185929645,-0.9996823729069484,-0.6558488485391804,-0.655800071238056
4.3728643216080405,-0.9996804062826284,-0.6552238152009578,-0.6551722802019289
4.396984924623116,-0.9996785687260196,-0.6546043818598977,-0.6545501640541512
4.421105527638191,-0.9996768408891255,-0.6539906083492355,-0.6539337617801109
4.445226130653267,-0.9996752297659993,-0.6533825025574205,-0.6533231014907085
4.469346733668342,-0.9996736959992966,-0.6527801628397364,-0.6527182310774025
4.493467336683417,-0.9996722531436851,-0.652183610543528,-0.6521191761209989
4.517587939698492,-0.9996708959705394,-0.651592826175872,-0.6515259705188566
4.541708542713568,-0.999669619036771,-0.6510078694136499,-0.650938648302732
4.565829145728643,-0.9996684151396437,-0.6504287771057644,-0.6503572440702072
4.589949748743718,-0.9996672805408926,-0.6498555802125016,-0.6497817911171352
4.6140703517587935,-0.9996662099511676,-0.6492883124649057,-0.6492123231654496
4.63819095477387,-0.9996651985878033,-0.6487270067611812,-0.648648873608795
4.662311557788945,-0.9996642428177571,-0.6481716943407423,-0.6480914753831706
4.68643216080402,-0.9996633395935013,-0.6476224057419794,-0.6475401611534912
4.710552763819096,-0.9996624835260508,-0.6470791751992025,-0.6469949642119003
4.734673366834171,-0.99966167328809,-0.6465420097520308,-0.6464559166379104
4.758793969849246,-0.9996609053881588,-0.6460109862535666,-0.6459230512068068
4.782914572864321,-0.999660176316845,-0.6454861139854793,-0.6453964008659153
4.807035175879397,-0.9996594843218961,-0.6449674231647636,-0.6448759981908195
4.831155778894472,-0.9996588275397986,-0.6444549446420815,-0.6443618760374635
4.8552763819095475,-0.9996582027480154,-0.6439487122449649,-0.6438540683824824
4.8793969849246235,-0.9996576088305447,-0.6434487567849023,-0.6433526086115167
4.903517587939699,-0.999657044259208,-0.6429551107400329,-0.6428575328872208
4.927638190954774,-0.999656505112559,-0.6424678116497722,-0.6423688733068552
4.951758793969849,-0.9996559909039324,-0.6419868912825545,-0.6418866672629613
4.975879396984925,-0.9996555004404533,-0.6415123852300225,-0.6414109506160367
5.0,-0.9996550323675111,-0.641044329211508,-0.6409417632074146
