R_angstrom,E_FIC_aug-cc-pVTZ_hartree
0.2,0.018679482426763983
0.2048048048048048,-0.035185234746397676
0.20960960960960962,-0.08619450888775715
0.21441441441441442,-0.13454298493066963
0.21921921921921922,-0.18040835486822004
0.22402402402402405,-0.2239531614089909
0.22882882882882882,-0.26532637544929205
0.23363363363363365,-0.304668215074571
0.23843843843843845,-0.34209749331114514
0.24324324324324326,-0.37773356376458533
0.24804804804804806,-0.411683832921216
0.25285285285285286,-0.444046638743933
0.2576576576576577,-0.47491375337853636
0.26246246246246246,-0.5043700613191877
0.2672672672672673,-0.5324942011831502
0.27207207207207207,-0.5593595094446231
0.2768768768768769,-0.5850339601261703
0.2816816816816817,-0.6095812703366923
0.2864864864864865,-0.6330604573228507
0.2912912912912913,-0.655526951323542
0.2960960960960961,-0.6770325163694697
0.30090090090090094,-0.6976255197994876
0.3057057057057057,-0.717351432658691
0.3105105105105105,-0.7362528189519528
0.3153153153153153,-0.7543696472553367
0.32012012012012014,-0.7717395378011997
0.3249249249249249,-0.7883978057635306
0.32972972972972975,-0.804377782207605
0.3345345345345345,-0.8197108057978322
0.33933933933933935,-0.8344264660041736
0.3441441441441442,-0.8485526910377028
0.34894894894894896,-0.8621158595020408
0.35375375375375373,-0.8751408879885203
0.35855855855855856,-0.8876513703798301
0.3633633633633634,-0.8996696040331342
0.36816816816816816,-0.9112167443732835
0.37297297297297294,-0.9223128204201605
0.37777777777777777,-0.9329768276588766
0.3825825825825826,-0.9432267984311997
0.3873873873873874,-0.9530798442524135
0.3921921921921922,-0.9625522261648711
0.396996996996997,-0.9716593999616787
0.4018018018018018,-0.9804160608505714
0.40660660660660664,-0.9888361972091528
0.4114114114114114,-0.9969331190452768
0.4162162162162162,-1.0047195092478576
0.421021021021021,-1.0122074513186765
0.42582582582582584,-1.0194084673806618
0.4306306306306306,-1.026333546270436
0.43543543543543545,-1.0329931761463438
0.4402402402402402,-1.0393973707783195
0.44504504504504505,-1.0455556925468374
0.4498498498498499,-1.0514772829625503
0.45465465465465466,-1.057170878226523
0.4594594594594595,-1.0626448355103173
0.46426426426426426,-1.0679071501080233
0.4690690690690691,-1.0729654761374425
0.47387387387387386,-1.0778271422370358
0.4786786786786787,-1.0824991693910835
0.48348348348348347,-1.0869882864563194
0.4882882882882883,-1.09130094350138
0.49309309309309307,-1.0954433270453372
0.4978978978978979,-1.0994213726880815
0.5027027027027027,-1.1032407764381988
0.5075075075075075,-1.106907007512478
0.5123123123123123,-1.1104253180641321
0.5171171171171172,-1.1138007542650556
0.521921921921922,-1.1170381654640174
0.5267267267267267,-1.1201422137151955
0.5315315315315315,-1.1231173819807059
0.5363363363363363,-1.1259679826430582
0.5411411411411411,-1.1286981651322434
0.5459459459459459,-1.131311923238762
0.5507507507507508,-1.1338131018033857
0.5555555555555556,-1.1362054036258509
0.5603603603603604,-1.1384923956028343
0.5651651651651652,-1.1406775142745382
0.56996996996997,-1.1427640718830099
0.5747747747747748,-1.144755261411193
0.5795795795795795,-1.1466541616112238
0.5843843843843843,-1.1484637419290182
0.5891891891891892,-1.1501868669516853
0.593993993993994,-1.151826300702094
0.5987987987987988,-1.1533847109253994
0.6036036036036037,-1.1548646728138627
0.6084084084084084,-1.1562686728421603
0.6132132132132132,-1.1575991123636902
0.618018018018018,-1.1588583108968713
0.6228228228228228,-1.1600485094112327
0.6276276276276276,-1.1611718734669827
0.6324324324324324,-1.1622304961180556
0.6372372372372372,-1.1632264006976107
0.6420420420420421,-1.164161543589033
0.6468468468468469,-1.1650378167218929
0.6516516516516516,-1.1658570500957137
0.6564564564564564,-1.1666210140925894
0.6612612612612612,-1.1673314217377575
0.666066066066066,-1.16798993086501
0.6708708708708708,-1.168598146202138
0.6756756756756757,-1.1691576212650587
0.6804804804804805,-1.1696698603463616
0.6852852852852853,-1.1701363202539017
0.6900900900900901,-1.1705584120913395
0.6948948948948949,-1.1709375028881168
0.6996996996996997,-1.1712749171994914
0.7045045045045044,-1.1715719386278818
0.7093093093093092,-1.1718298112916978
0.7141141141141141,-1.1720497411886601
0.7189189189189189,-1.1722328975549265
0.7237237237237237,-1.1723804141508496
0.7285285285285286,-1.1724933904433978
0.7333333333333334,-1.172572892814421
0.7381381381381382,-1.1726199556505388
0.7429429429429428,-1.1726355824401322
0.7477477477477477,-1.1726207467636542
0.7525525525525525,-1.1725763932965803
0.7573573573573573,-1.172503438740451
0.7621621621621621,-1.172402772715436
0.766966966966967,-1.1722752586368312
0.7717717717717718,-1.1721217345199655
0.7765765765765766,-1.171943013793668
0.7813813813813815,-1.1717398860570027
0.7861861861861861,-1.1715131178116733
0.7909909909909909,-1.1712634531787385
0.7957957957957957,-1.1709916145805996
0.8006006006006006,-1.1706983034120937
0.8054054054054054,-1.1703842006705234
0.8102102102102102,-1.1700499675933007
0.815015015015015,-1.16969624626906
0.8198198198198199,-1.1693236602091739
0.8246246246246247,-1.1689328149446383
0.8294294294294293,-1.1685242985709268
0.8342342342342342,-1.168098682311697
0.839039039039039,-1.1676565210331367
0.8438438438438438,-1.1671983537777344
0.8486486486486486,-1.166724704264932
0.8534534534534535,-1.1662360813850785
0.8582582582582583,-1.165732979677736
0.8630630630630631,-1.1652158798015348
0.867867867867868,-1.1646852489789732
0.8726726726726726,-1.164141541449707
0.8774774774774774,-1.1635851988770471
0.8822822822822822,-1.1630166507751194
0.8870870870870871,-1.1624363148970527
0.8918918918918919,-1.1618445976201985
0.8966966966966967,-1.1612418943185472
0.9015015015015015,-1.1606285897150146
0.9063063063063064,-1.1600050582242218
0.911111111111111,-1.1593716642863612
0.9159159159159158,-1.1587287626778981
0.9207207207207206,-1.1580766988172169
0.9255255255255255,-1.1574158090597955
0.9303303303303303,-1.156746420972897
0.9351351351351351,-1.156068853609017
0.93993993993994,-1.1553834177632734
0.9447447447447448,-1.1546904162188674
0.9495495495495496,-1.1539901439889593
0.9543543543543542,-1.1532828885443744
0.9591591591591591,-1.1525689300315864
0.9639639639639639,-1.151848541489018
0.9687687687687687,-1.1511219890472009
0.9735735735735735,-1.1503895321258508
0.9783783783783784,-1.149651423625379
0.9831831831831832,-1.1489079101066286
0.987987987987988,-1.148159231968898
0.9927927927927929,-1.1474056236185985
0.9975975975975975,-1.1466473136354995
1.0024024024024023,-1.145884524929778
1.0072072072072071,-1.1451174748960669
1.012012012012012,-1.1443463755633827
1.0168168168168168,-1.1435714337379086
1.0216216216216216,-1.142792851142723
1.0264264264264265,-1.1420108245533114
1.0312312312312313,-1.1412255459281424
1.0360360360360361,-1.1404372025357188
1.0408408408408407,-1.1396459770789225
1.0456456456456455,-1.1388520478120678
1.0504504504504504,-1.1380555886598587
1.0552552552552552,-1.1372567693275917
1.06006006006006,-1.1364557554120132
1.0648648648648649,-1.1356527085061559
1.0696696696696697,-1.13484778630333
1.0744744744744745,-1.1340411426963857
1.0792792792792794,-1.1332329278753743
1.084084084084084,-1.132423288421201
1.0888888888888888,-1.1316123673976834
1.0936936936936936,-1.1308003044402413
1.0984984984984985,-1.1299872358419878
1.1033033033033033,-1.12917329463815
1.1081081081081081,-1.1283586106866768
1.112912912912913,-1.127543310747872
1.1177177177177178,-1.1267275185607504
1.1225225225225224,-1.125911354917727
1.1273273273273272,-1.1250949377391675
1.132132132132132,-1.1242783821344777
1.1369369369369369,-1.1234618004839552
1.1417417417417417,-1.1226453024958127
1.1465465465465465,-1.1218289952727938
1.1513513513513514,-1.1210129833745712
1.1561561561561562,-1.1201973688781446
1.160960960960961,-1.1193822514368315
1.1657657657657656,-1.1185677283371989
1.1705705705705705,-1.1177538945545449
1.1753753753753753,-1.1169408428064485
1.1801801801801801,-1.1161286636053895
1.184984984984985,-1.1153174453091186
1.1897897897897898,-1.1145072741700326
1.1945945945945946,-1.1136982343827455
1.1993993993993994,-1.1128904081308222
1.204204204204204,-1.1120838756314666
1.2090090090090089,-1.1112787151795858
1.2138138138138137,-1.1104750031901007
1.2186186186186185,-1.109672814239267
1.2234234234234234,-1.108872221104707
1.2282282282282282,-1.1080732948045
1.233033033033033,-1.1072761046348523
1.2378378378378379,-1.106480718206919
1.2426426426426425,-1.105687201482622
1.2474474474474473,-1.1048956188092798
1.2522522522522521,-1.1041060329533194
1.257057057057057,-1.1033185051333212
1.2618618618618618,-1.102533095051724
1.2666666666666666,-1.1017498609259158
1.2714714714714714,-1.1009688595185239
1.2762762762762763,-1.10019014616668
1.281081081081081,-1.0994137748106927
1.2858858858858857,-1.0986397980218736
1.2906906906906905,-1.0978682670295452
1.2954954954954954,-1.0970992317475496
1.3003003003003002,-1.0963327407998749
1.305105105105105,-1.0955688415455962
1.3099099099099099,-1.0948075801034367
1.3147147147147147,-1.094049001375436
1.3195195195195195,-1.0932931490701026
1.3243243243243241,-1.0925400657250022
1.329129129129129,-1.0917897927288487
1.3339339339339338,-1.091042370342889
1.3387387387387386,-1.0902978377220092
1.3435435435435434,-1.0895562329349535
1.3483483483483483,-1.0888175929845672
1.353153153153153,-1.0880819538270556
1.357957957957958,-1.087349350391195
1.3627627627627628,-1.0866198165967669
1.3675675675675674,-1.0858933853728387
1.3723723723723722,-1.0851700886755071
1.377177177177177,-1.0844499575050974
1.3819819819819819,-1.083733021923261
1.3867867867867867,-1.083019311069545
1.3915915915915915,-1.0823088531775347
1.3963963963963963,-1.081601675590731
1.4012012012012012,-1.0808978047780196
1.406006006006006,-1.0801972663490096
1.4108108108108106,-1.0795000850686
1.4156156156156154,-1.0788062848718019
1.4204204204204203,-1.0781158888777624
1.425225225225225,-1.0774289194037665
1.43003003003003,-1.0767453979788943
1.4348348348348348,-1.0760653453573483
1.4396396396396396,-1.0753887815315109
1.4444444444444444,-1.074715725744802
1.4492492492492492,-1.0740461965042116
1.4540540540540539,-1.073380211592597
1.4588588588588587,-1.0727177880807495
1.4636636636636635,-1.0720589423391609
1.4684684684684683,-1.0714036900496462
1.4732732732732732,-1.0707520462166844
1.478078078078078,-1.070104025178476
1.4828828828828828,-1.0694596406179213
1.4876876876876877,-1.0688189055732895
1.4924924924924925,-1.0681818324486998
1.497297297297297,-1.0675484330243172
1.502102102102102,-1.066918718466536
1.5069069069069068,-1.066292699337852
1.5117117117117116,-1.0656703856064635
1.5165165165165164,-1.0650517866558356
1.5213213213213213,-1.0644369112940675
1.526126126126126,-1.0638257677629228
1.530930930930931,-1.0632183637469077
1.5357357357357357,-1.0626147063819862
1.5405405405405403,-1.0620148022642981
1.5453453453453452,-1.0614186574585251
1.55015015015015,-1.060826277506308
1.5549549549549548,-1.0602376674343195
1.5597597597597597,-1.0596528317623335
1.5645645645645645,-1.0590717745109939
1.5693693693693693,-1.0584944992096172
1.5741741741741742,-1.0579210089037074
1.5789789789789788,-1.0573513061624091
1.5837837837837836,-1.0567853930857598
1.5885885885885884,-1.056223271311905
1.5933933933933933,-1.0556649420240967
1.598198198198198,-1.0551104059576357
1.603003003003003,-1.0545596634066166
1.6078078078078077,-1.054012714230592
1.6126126126126126,-1.053469557861201
1.6174174174174174,-1.0529301933085002
1.622222222222222,-1.052394619167386
1.6270270270270268,-1.0518628336237388
1.6318318318318317,-1.05133483446062
1.6366366366366365,-1.0508106190641975
1.6414414414414413,-1.0502901844297905
1.6462462462462462,-1.0497735271675688
1.651051051051051,-1.0492606435083789
1.6558558558558558,-1.0487515293093672
1.6606606606606606,-1.0482461800595142
1.6654654654654653,-1.0477445908851581
1.67027027027027,-1.047246756555385
1.675075075075075,-1.0467526714873112
1.6798798798798797,-1.0462623297514215
1.6846846846846846,-1.045775725076671
1.6894894894894894,-1.04529285085562
1.6942942942942942,-1.044813700149522
1.699099099099099,-1.0443382656932543
1.703903903903904,-1.0438665399002636
1.7087087087087085,-1.0433985148674805
1.7135135135135133,-1.0429341823800342
1.7183183183183182,-1.0424735339161395
1.723123123123123,-1.0420165606517098
1.7279279279279278,-1.0415632534650816
1.7327327327327327,-1.0411136029416248
1.7375375375375375,-1.0406675993783074
1.7423423423423423,-1.04022523278827
1.7471471471471471,-1.0397864929053129
1.7519519519519517,-1.0393513691883483
1.7567567567567566,-1.0389198508258997
1.7615615615615614,-1.0384919267404367
1.7663663663663662,-1.0380675855927763
1.771171171171171,-1.0376468157864809
1.775975975975976,-1.037229605472128
1.7807807807807807,-1.0368159425516226
1.7855855855855856,-1.036405814682496
1.7903903903903904,-1.0359992092821764
1.795195195195195,-1.0355961135322127
1.7999999999999998,-1.0351965143824886
1.8048048048048047,-1.0348003985554892
1.8096096096096095,-1.034407752550408
1.8144144144144143,-1.0340185626474514
1.8192192192192191,-1.0336328149119118
1.824024024024024,-1.0332504951983656
1.8288288288288288,-1.0328715891548268
1.8336336336336334,-1.032496082226907
1.8384384384384382,-1.0321239596619287
1.843243243243243,-1.0317552065130537
1.848048048048048,-1.0313898076433956
1.8528528528528527,-1.0310277477302177
1.8576576576576576,-1.030669011268888
1.8624624624624624,-1.0303135825771585
1.8672672672672672,-1.0299614457991184
1.872072072072072,-1.0296125849093891
1.8768768768768767,-1.029266983717184
1.8816816816816815,-1.0289246258703768
1.8864864864864863,-1.0285854948595987
1.8912912912912911,-1.0282495740223219
1.896096096096096,-1.02791684654693
1.9009009009009008,-1.027587295476768
1.9057057057057056,-1.0272609037142508
1.9105105105105105,-1.0269376540248512
1.9153153153153153,-1.0266175290412272
1.92012012012012,-1.0263005112672139
1.9249249249249247,-1.0259865830818766
1.9297297297297296,-1.0256757267435663
1.9345345345345344,-1.0253679243938776
1.9393393393393392,-1.0250631580617664
1.944144144144144,-1.024761409667448
1.9489489489489489,-1.0244626610264478
1.9537537537537537,-1.0241668938535984
1.9585585585585585,-1.0238740897669576
1.9633633633633631,-1.0235842302918186
1.968168168168168,-1.0232972968646097
1.9729729729729728,-1.0230132708370077
1.9777777777777776,-1.0227321334792956
1.9825825825825825,-1.0224538659850562
1.9873873873873873,-1.0221784494745099
1.9921921921921921,-1.0219058649985224
1.996996996996997,-1.021636093542471
2.001801801801802,-1.0213691160300413
2.0066066066066064,-1.0211049133269894
2.0114114114114114,-1.0208434662450216
2.016216216216216,-1.020584755545438
2.021021021021021,-1.0203287619429526
2.0258258258258257,-1.020075466109303
2.0306306306306308,-1.0198248486770225
2.0354354354354354,-1.0195768902430113
2.0402402402402404,-1.019331571372202
2.045045045045045,-1.0190888726011236
2.0498498498498496,-1.018848774441462
2.0546546546546547,-1.0186112573835937
2.0594594594594593,-1.0183763019000638
2.0642642642642643,-1.0181438884490401
2.069069069069069,-1.01791399747779
2.073873873873874,-1.0176866094259485
2.0786786786786786,-1.017461704728983
2.0834834834834837,-1.0172392638214625
2.0882882882882883,-1.0170192671402867
2.093093093093093,-1.016801695127983
2.097897897897898,-1.0165865282358661
2.1027027027027025,-1.0163737469271783
2.1075075075075076,-1.0161633316802097
2.112312312312312,-1.015955262991363
2.1171171171171173,-1.015749521378176
2.121921921921922,-1.015546087382295
2.126726726726727,-1.0153449415723732
2.1315315315315315,-1.0151460645470285
2.136336336336336,-1.014949436937627
2.141141141141141,-1.0147550394110882
2.145945945945946,-1.0145628526726234
2.150750750750751,-1.0143728574684567
2.1555555555555554,-1.0141850345884542
2.1603603603603605,-1.0139993648687513
2.165165165165165,-1.0138158291942656
2.16996996996997,-1.013634408501234
2.1747747747747748,-1.013455083779656
2.1795795795795794,-1.01327783607568
2.1843843843843844,-1.013102646493996
2.189189189189189,-1.0129294962001192
2.193993993993994,-1.0127583664226225
2.1987987987987987,-1.0125892384553703
2.2036036036036037,-1.0124220936596564
2.2084084084084084,-1.0122569134663373
2.2132132132132134,-1.012093679377811
2.218018018018018,-1.0119323729701022
2.222822822822823,-1.0117729758947485
2.2276276276276277,-1.0116154698807427
2.2324324324324327,-1.0114598367363359
2.2372372372372373,-1.0113060583509157
2.242042042042042,-1.011154116696639
2.246846846846847,-1.0110039938302418
2.2516516516516516,-1.0108556718946162
2.2564564564564566,-1.0107091331204454
2.2612612612612613,-1.0105643598277305
2.2660660660660663,-1.0104213344272972
2.270870870870871,-1.0102800394222582
2.275675675675676,-1.0101404574094253
2.2804804804804806,-1.0100025710806046
2.285285285285285,-1.0098663632239808
2.2900900900900902,-1.0097318167253257
2.294894894894895,-1.009598914569227
2.2996996996997,-1.0094676398402742
2.3045045045045045,-1.00933797572414
2.3093093093093096,-1.0092099055086607
2.314114114114114,-1.0090834125849126
2.318918918918919,-1.0089584804481315
2.323723723723724,-1.0088350926987
2.3285285285285284,-1.0087132330430113
2.3333333333333335,-1.0085928852943515
2.338138138138138,-1.0084740333736835
2.342942942942943,-1.0083566613104475
2.3477477477477477,-1.008240753243259
2.352552552552553,-1.0081262934205923
2.3573573573573574,-1.0080132662014667
2.3621621621621625,-1.0079016560560006
2.366966966966967,-1.0077914475660288
2.3717717717717717,-1.0076826254255695
2.3765765765765767,-1.0075751744414054
2.3813813813813813,-1.0074690795334256
2.3861861861861864,-1.0073643257351363
2.390990990990991,-1.0072608981940057
2.395795795795796,-1.007158782171794
2.4006006006006007,-1.0070579630448864
2.4054054054054057,-1.0069584263045566
2.4102102102102103,-1.0068601575572433
2.415015015015015,-1.0067631425246908
2.41981981981982,-1.006667367044207
2.4246246246246246,-1.006572817068756
2.4294294294294296,-1.0064794786670905
2.4342342342342342,-1.0063873380238424
2.4390390390390393,-1.0062963814395776
2.443843843843844,-1.0062065953308124
2.4486486486486485,-1.0061179662300164
2.4534534534534536,-1.006030480785603
2.458258258258258,-1.005944125761848
2.463063063063063,-1.0058588880388082
2.467867867867868,-1.0057747546122418
2.472672672672673,-1.0056917125934308
2.4774774774774775,-1.0056097492090639
2.4822822822822825,-1.0055288518010383
2.487087087087087,-1.0054490078262568
2.4918918918918918,-1.0053702048563835
2.496696696696697,-1.0052924305776285
2.5015015015015014,-1.0052156727904513
2.5063063063063065,-1.0051399194092627
2.511111111111111,-1.0050651584621455
2.515915915915916,-1.004991378090486
2.5207207207207207,-1.0049185665486573
2.525525525525526,-1.0048467122036067
2.5303303303303304,-1.0047758035344996
2.535135135135135,-1.004705829132333
2.53993993993994,-1.004636777699455
2.5447447447447447,-1.0045686380491812
2.5495495495495497,-1.0045013991053067
2.5543543543543543,-1.0044350499016501
2.5591591591591594,-1.0043695795815593
2.563963963963964,-1.0043049773974548
2.568768768768769,-1.0042412327102426
2.5735735735735736,-1.0041783349888447
2.5783783783783782,-1.004116273809652
2.5831831831831833,-1.004055038855964
2.587987987987988,-1.0039946199174272
2.592792792792793,-1.00393500688946
2.5975975975975976,-1.003876189772674
2.6024024024024026,-1.0038181586722843
2.6072072072072072,-1.00376090379748
2.6120120120120123,-1.003704415460838
2.616816816816817,-1.0036486840776608
2.6216216216216215,-1.0035937001654007
2.6264264264264265,-1.003539454343057
2.631231231231231,-1.0034859373302114
2.636036036036036,-1.0034331399468464
2.640840840840841,-1.0033810531123868
2.645645645645646,-1.00332966784508
2.6504504504504505,-1.0032789752613644
2.6552552552552555,-1.0032289665751022
2.66006006006006,-1.0031796330969929
2.6648648648648647,-1.0031309662337917
2.66966966966967,-1.0030829574876805
2.6744744744744744,-1.0030355984555028
2.6792792792792794,-1.0029888808281127
2.684084084084084,-1.0029427963896094
2.688888888888889,-1.0028973370166698
2.6936936936936937,-1.0028524946777915
2.6984984984984988,-1.0028082614325857
2.7033033033033034,-1.0027646294310852
2.708108108108108,-1.002721590912931
2.712912912912913,-1.002679138206739
2.7177177177177176,-1.0026372637293097
2.7225225225225227,-1.0025959599849128
2.7273273273273273,-1.0025552195645437
2.7321321321321324,-1.0025150351452103
2.736936936936937,-1.002475399489169
2.741741741741742,-1.002436305443202
2.7465465465465466,-1.002397745937868
2.7513513513513512,-1.0023597139867815
2.7561561561561563,-1.0023222026858674
2.760960960960961,-1.0022852052125981
2.765765765765766,-1.0022487148253039
2.7705705705705705,-1.0022127248623895
2.7753753753753756,-1.0021772287416295
2.78018018018018,-1.0021422199594006
2.7849849849849853,-1.0021076920900036
2.78978978978979,-1.0020736387848492
2.7945945945945945,-1.0020400537718102
2.7993993993993995,-1.0020069308544266
2.804204204204204,-1.0019742639112106
2.809009009009009,-1.0019420468949198
2.813813813813814,-1.001910273831818
2.818618618618619,-1.0018789388209675
2.8234234234234235,-1.0018480360335082
2.8282282282282285,-1.0018175597119152
2.833033033033033,-1.0017875041693303
2.8378378378378377,-1.00175786378883
2.8426426426426428,-1.001728633022681
2.8474474474474474,-1.0016998063917204
2.8522522522522524,-1.001671378484557
2.857057057057057,-1.0016433439569283
2.861861861861862,-1.0016156975310122
2.8666666666666667,-1.0015884339946943
2.8714714714714717,-1.0015615482009201
2.8762762762762764,-1.0015350350669758
2.881081081081081,-1.001508889573846
2.885885885885886,-1.0014831067654923
2.8906906906906906,-1.0014576817482228
2.8954954954954957,-1.0014326096899655
2.9003003003003003,-1.0014078858197093
2.9051051051051053,-1.0013835054267068
2.90990990990991,-1.0013594638599157
2.9147147147147145,-1.0013357565273142
2.9195195195195196,-1.001312378895261
2.924324324324324,-1.0012893264878373
2.9291291291291293,-1.0012665948862032
2.933933933933934,-1.0012441797279994
2.938738738738739,-1.0012220767066877
2.9435435435435435,-1.0012002815709176
2.9483483483483486,-1.001178790123939
2.953153153153153,-1.0011575982229448
2.957957957957958,-1.0011367017784993
2.962762762762763,-1.0011160967538908
2.9675675675675675,-1.001095779164571
2.9723723723723725,-1.001075745077538
2.977177177177177,-1.0010559906107541
2.981981981981982,-1.0010365119324725
2.9867867867867868,-1.0010173052608193
2.991591591591592,-1.0009983668631004
2.9963963963963964,-1.0009796930552408
3.001201201201201,-1.0009612802012322
3.006006006006006,-1.0009431247125833
3.0108108108108107,-1.0009252230477206
3.0156156156156158,-1.0009075717114964
3.0204204204204204,-1.0008901672545742
3.0252252252252254,-1.0008730062729194
3.03003003003003,-1.0008560854072632
3.034834834834835,-1.0008394013425699
3.0396396396396397,-1.000822950807505
3.0444444444444443,-1.0008067305738708
3.0492492492492493,-1.0007907374561742
3.054054054054054,-1.0007749683110434
3.058858858858859,-1.0007594200367298
3.0636636636636636,-1.0007440895726403
3.0684684684684687,-1.000728973898792
3.0732732732732733,-1.0007140700353339
3.0780780780780783,-1.0006993750420936
3.082882882882883,-1.0006848860180313
3.0876876876876875,-1.0006706001008103
3.0924924924924926,-1.0006565144662896
3.097297297297297,-1.0006426263280919
3.1021021021021022,-1.0006289329370872
3.106906906906907,-1.0006154315809699
3.111711711711712,-1.0006021195838066
3.1165165165165165,-1.0005889943055692
3.1213213213213216,-1.0005760531416845
3.126126126126126,-1.0005632935226112
3.1309309309309308,-1.000550712913394
3.135735735735736,-1.000538308813226
3.1405405405405404,-1.0005260787550267
3.1453453453453455,-1.0005140203050242
3.15015015015015,-1.0005021310623492
3.154954954954955,-1.0004904086585726
3.1597597597597598,-1.0004788507573648
3.164564564564565,-1.0004674550540262
3.1693693693693694,-1.0004562192751405
3.174174174174174,-1.0004451411781434
3.178978978978979,-1.000434218550945
3.1837837837837837,-1.0004234492115476
3.1885885885885887,-1.0004128310076597
3.1933933933933933,-1.0004023618162872
3.1981981981981984,-1.0003920395434676
3.203003003003003,-1.0003818621236813
3.207807807807808,-1.0003718275197533
3.2126126126126127,-1.0003619337223195
3.2174174174174173,-1.0003521787495082
3.2222222222222223,-1.000342560646609
3.227027027027027,-1.0003330774856736
3.231831831831832,-1.0003237273652543
3.2366366366366366,-1.0003145084099732
3.2414414414414416,-1.0003054187702451
3.2462462462462462,-1.0002964566219399
3.2510510510510513,-1.0002876201659796
3.255855855855856,-1.0002789076281329
3.2606606606606605,-1.0002703172586043
3.2654654654654656,-1.0002618473317517
3.27027027027027,-1.0002534961457683
3.2750750750750752,-1.0002452620223632
3.27987987987988,-1.0002371433064499
3.284684684684685,-1.0002291383658932
3.2894894894894895,-1.00022124559112
3.2942942942942945,-1.0002134633949102
3.299099099099099,-1.0002057902120547
3.3039039039039038,-1.0001982244990708
3.308708708708709,-1.000190764733957
3.3135135135135134,-1.0001834094158495
3.3183183183183185,-1.0001761570647816
3.323123123123123,-1.0001690062214168
3.327927927927928,-1.0001619554467465
3.3327327327327327,-1.0001550033218378
3.337537537537538,-1.0001481484475765
3.3423423423423424,-1.0001413894443831
3.347147147147147,-1.0001347249519772
3.351951951951952,-1.0001281536291138
3.3567567567567567,-1.0001216741533518
3.3615615615615617,-1.0001152852206703
3.3663663663663663,-1.0001089855454466
3.3711711711711714,-1.0001027738600823
3.375975975975976,-1.0000966489147483
3.380780780780781,-1.0000906094771982
3.3855855855855856,-1.000084654332494
3.3903903903903903,-1.000078782282815
3.3951951951951953,-1.0000729921472
3.4,-1.0000672827613206
3.404804804804805,-1.000061652977279
3.4096096096096096,-1.000056101663357
3.4144144144144146,-1.0000506277038437
3.4192192192192192,-1.000045229998776
3.424024024024024,-1.0000399074637314
3.428828828828829,-1.0000346590296496
3.4336336336336335,-1.000029483642603
3.4384384384384385,-1.0000243802635849
3.443243243243243,-1.0000193478683015
3.448048048048048,-1.000014385447032
3.452852852852853,-1.0000094920043456
3.457657657657658,-1.0000046665589806
3.4624624624624625,-0.9999999081435834
3.467267267267267,-0.999995215804599
3.472072072072072,-0.9999905886019984
3.4768768768768767,-0.9999860256091637
3.481681681681682,-0.9999815259126648
3.4864864864864864,-0.9999770886120962
3.4912912912912915,-0.9999727128198825
3.496096096096096,-0.9999683976611164
3.500900900900901,-0.9999641422733887
3.5057057057057057,-0.999959945806618
3.5105105105105103,-0.9999558074228412
3.5153153153153154,-0.9999517262961073
3.52012012012012,-0.9999477016122729
3.524924924924925,-0.9999437325688527
3.5297297297297296,-0.9999398183748522
3.5345345345345347,-0.9999359582506057
3.5393393393393393,-0.9999321514276284
3.5441441441441444,-0.9999283971484612
3.548948948948949,-0.999924694666509
3.5537537537537536,-0.9999210432459092
3.5585585585585586,-0.9999174421613393
3.5633633633633632,-0.9999138906979322
3.5681681681681683,-0.9999103881510777
3.572972972972973,-0.9999069338262931
3.577777777777778,-0.9999035270391053
3.5825825825825826,-0.9999001671148793
3.5873873873873876,-0.9998968533886906
3.592192192192192,-0.9998935852052101
3.596996996996997,-0.9998903619185295
3.601801801801802,-0.9998871828920627
3.6066066066066065,-0.9998840474983851
3.6114114114114115,-0.999880955119142
3.616216216216216,-0.9998779051448831
3.621021021021021,-0.9998748969749607
3.625825825825826,-0.9998719300174178
3.630630630630631,-0.9998690036887876
3.6354354354354355,-0.9998661174140802
3.64024024024024,-0.9998632706266015
3.645045045045045,-0.9998604627678271
3.6498498498498497,-0.9998576932873237
3.6546546546546548,-0.999854961642606
3.6594594594594594,-0.9998522672990222
3.6642642642642644,-0.9998496097296773
3.669069069069069,-0.9998469884152562
3.673873873873874,-0.9998444028439955
3.6786786786786787,-0.9998418525115161
3.6834834834834833,-0.9998393369207181
3.6882882882882884,-0.9998368555817222
3.693093093093093,-0.999834408011715
3.697897897897898,-0.999831993734903
3.7027027027027026,-0.9998296122823147
3.7075075075075077,-0.9998272631918298
3.7123123123123123,-0.9998249460079822
3.7171171171171173,-0.9998226602818985
3.721921921921922,-0.9998204055712014
3.7267267267267266,-0.9998181814399041
3.7315315315315316,-0.9998159874583643
3.736336336336336,-0.9998138232031062
3.7411411411411413,-0.9998116882568393
3.745945945945946,-0.9998095822082187
3.750750750750751,-0.9998075046519266
3.7555555555555555,-0.9998054551884709
3.7603603603603606,-0.9998034334241622
3.765165165165165,-0.9998014389709733
3.76996996996997,-0.9997994714464837
3.774774774774775,-0.9997975304738255
3.7795795795795795,-0.9997956156815573
3.7843843843843845,-0.9997937267035931
3.789189189189189,-0.9997918631791489
3.793993993993994,-0.9997900247526428
3.798798798798799,-0.9997882110736009
3.803603603603604,-0.9997864217966415
3.8084084084084084,-0.9997846565813499
3.813213213213213,-0.9997829150922014
3.818018018018018,-0.9997811969985264
3.8228228228228227,-0.9997795019744111
3.8276276276276278,-0.999777829698624
3.8324324324324324,-0.9997761798545755
3.8372372372372374,-0.9997745521302399
3.842042042042042,-0.9997729462180084
3.846846846846847,-0.9997713618147643
3.8516516516516517,-0.9997697986217254
3.8564564564564563,-0.9997682563444052
3.8612612612612613,-0.9997667346925225
3.866066066066066,-0.9997652333799741
3.870870870870871,-0.9997637521247682
3.8756756756756756,-0.9997622906489271
3.8804804804804807,-0.9997608486784635
3.8852852852852853,-0.9997594259433267
3.89009009009009,-0.9997580221772986
3.894894894894895,-0.9997566371180008
3.8996996996996995,-0.999755270506776
3.9045045045045046,-0.9997539220886633
3.909309309309309,-0.999752591612342
3.9141141141141143,-0.9997512788300713
3.918918918918919,-0.9997499834976509
3.923723723723724,-0.9997487053743483
3.9285285285285285,-0.9997474442228459
3.933333333333333,-0.9997461998092141
3.938138138138138,-0.9997449719028316
3.942942942942943,-0.9997437602763714
3.947747747747748,-0.9997425647057178
3.9525525525525524,-0.9997413849699268
3.9573573573573575,-0.9997402208511871
3.962162162162162,-0.9997390721347791
3.966966966966967,-0.9997379386089974
3.9717717717717718,-0.9997368200651475
3.9765765765765764,-0.999735716297486
3.9813813813813814,-0.9997346271031455
3.986186186186186,-0.999733552282134
3.990990990990991,-0.9997324916372814
3.9957957957957957,-0.9997314449741785
4.000600600600601,-0.999730412101154
4.005405405405405,-0.9997293928292215
4.01021021021021,-0.9997283869720757
4.015015015015015,-0.9997273943460013
4.019819819819819,-0.9997264147698277
4.024624624624624,-0.9997254480649886
4.029429429429429,-0.9997244940553608
4.034234234234234,-0.9997235525672972
4.0390390390390385,-0.9997226234295928
4.0438438438438435,-0.9997217064733942
4.048648648648649,-0.9997208015322446
4.053453453453454,-0.9997199084419793
4.058258258258258,-0.999719027040711
4.063063063063063,-0.999718157168825
4.067867867867868,-0.9997172986689135
4.072672672672672,-0.9997164513857475
4.077477477477477,-0.9997156151662642
4.082282282282282,-0.9997147898595045
4.087087087087087,-0.9997139753166258
4.091891891891891,-0.999713171390813
4.0966966966966964,-0.9997123779373009
4.1015015015015015,-0.9997115948133106
4.106306306306306,-0.9997108218780388
4.111111111111111,-0.9997100589926359
4.115915915915916,-0.9997093060201458
4.120720720720721,-0.9997085628255042
4.125525525525525,-0.9997078292755102
4.13033033033033,-0.9997071052387825
4.135135135135135,-0.99970639058576
4.13993993993994,-0.9997056851886482
4.144744744744744,-0.9997049889214031
4.149549549549549,-0.9997043016597179
4.154354354354354,-0.9997036232809706
4.159159159159159,-0.9997029536642426
4.163963963963964,-0.9997022926902446
4.168768768768769,-0.9997016402413375
4.173573573573574,-0.999700996201466
4.178378378378378,-0.9997003604561958
4.183183183183183,-0.9996997328926077
4.187987987987988,-0.9996991133993463
4.192792792792792,-0.9996985018665631
4.197597597597597,-0.9996978981859338
4.202402402402402,-0.999697302250576
4.207207207207207,-0.999696713955178
4.212012012012012,-0.9996961331955335
4.2168168168168165,-0.9996955598691715
4.221621621621622,-0.9996949938749327
4.226426426426427,-0.9996944351129939
4.231231231231231,-0.9996938834849252
4.236036036036036,-0.9996933388935842
4.240840840840841,-0.9996928012431767
4.245645645645646,-0.9996922704392144
4.25045045045045,-0.9996917463884588
4.255255255255255,-0.9996912289989587
4.26006006006006,-0.9996907181799927
4.264864864864865,-0.9996902138420923
4.269669669669669,-0.9996897158969519
4.2744744744744745,-0.9996892242575097
4.2792792792792795,-0.9996887388378433
4.284084084084084,-0.9996882595532272
4.288888888888889,-0.9996877863200501
4.293693693693694,-0.9996873190558584
4.298498498498499,-0.9996868576792812
4.303303303303303,-0.9996864021100772
4.308108108108108,-0.9996859522690738
4.312912912912913,-0.9996855080781639
4.317717717717717,-0.9996850694603198
4.322522522522522,-0.9996846363395204
4.327327327327327,-0.9996842086407955
4.332132132132132,-0.9996837862901822
4.336936936936937,-0.9996833692147066
4.341741741741742,-0.9996829573424036
4.346546546546547,-0.9996825506022617
4.351351351351352,-0.999682148924243
4.356156156156156,-0.9996817522392314
4.360960960960961,-0.9996813604790747
4.365765765765766,-0.9996809735765291
4.37057057057057,-0.9996805914652641
4.375375375375375,-0.9996802140798452
4.38018018018018,-0.9996798413557147
4.384984984984985,-0.9996794732292136
4.3897897897897895,-0.9996791096375095
4.394594594594595,-0.9996787505186577
4.3993993993994,-0.9996783958115365
4.404204204204204,-0.9996780454558343
4.409009009009009,-0.9996776993921078
4.413813813813814,-0.9996773575616608
4.418618618618619,-0.9996770199066389
4.423423423423423,-0.9996766863699643
4.428228228228228,-0.999676356895349
4.433033033033033,-0.9996760314271861
4.437837837837838,-0.9996757099107252
4.442642642642642,-0.9996753922919271
4.4474474474474475,-0.9996750785174893
4.4522522522522525,-0.9996747685348389
4.457057057057057,-0.9996744622921102
4.461861861861862,-0.9996741597381598
4.466666666666667,-0.9996738608225288
4.471471471471472,-0.9996735654954606
4.476276276276276,-0.9996732737078771
4.481081081081081,-0.999672985411364
4.485885885885886,-0.9996727005581794
4.49069069069069,-0.9996724191012281
4.495495495495495,-0.9996721409940723
4.5003003003003,-0.9996718661909124
4.505105105105105,-0.999671594646556
4.50990990990991,-0.9996713263164524
4.514714714714715,-0.9996710611566777
4.51951951951952,-0.9996707991238908
4.524324324324325,-0.999670540175349
4.529129129129129,-0.9996702842689141
4.533933933933934,-0.9996700313630195
4.538738738738739,-0.9996697814166727
4.543543543543543,-0.9996695343894664
4.548348348348348,-0.9996692902415352
4.553153153153153,-0.9996690489335779
4.557957957957958,-0.9996688104268614
4.5627627627627625,-0.9996685746831029
4.5675675675675675,-0.9996683416646498
4.572372372372373,-0.9996681113343341
4.577177177177177,-0.9996678836555111
4.581981981981982,-0.9996676585920552
4.586786786786787,-0.9996674361083441
4.591591591591592,-0.9996672161692419
4.596396396396396,-0.9996669987401103
4.601201201201201,-0.9996667837868123
4.606006006006006,-0.999666571275672
4.610810810810811,-0.999666361173493
4.615615615615615,-0.9996661534475482
4.6204204204204204,-0.9996659480655691
4.6252252252252255,-0.9996657449957368
4.63003003003003,-0.999665544206789
4.634834834834835,-0.9996653456676121
4.63963963963964,-0.9996651493478368
4.644444444444445,-0.9996649552174042
4.649249249249249,-0.9996647632466755
4.654054054054054,-0.9996645734064755
4.658858858858859,-0.999664385668005
4.663663663663663,-0.9996642000028799
4.668468468468468,-0.999664016383143
4.673273273273273,-0.9996638347812161
4.678078078078078,-0.999663655169909
4.682882882882883,-0.9996634775224457
4.687687687687688,-0.99966330181242
4.692492492492493,-0.9996631280137996
4.697297297297297,-0.9996629561009192
4.702102102102102,-0.9996627860485102
4.706906906906907,-0.9996626178316466
4.711711711711712,-0.9996624514257575
4.716516516516516,-0.999662286806641
4.721321321321321,-0.9996621239504423
4.726126126126126,-0.9996619628336323
4.730930930930931,-0.999661803433138
4.7357357357357355,-0.9996616457259309
4.7405405405405405,-0.9996614896895879
4.745345345345346,-0.9996613353019488
4.75015015015015,-0.9996611825411397
4.754954954954955,-0.9996610313856266
4.75975975975976,-0.9996608818141628
4.764564564564565,-0.9996607338058581
4.769369369369369,-0.9996605873400684
4.774174174174174,-0.9996604423965036
4.778978978978979,-0.9996602989551301
4.783783783783783,-0.9996601569962358
4.788588588588588,-0.9996600165003837
4.793393393393393,-0.9996598774484158
4.7981981981981985,-0.9996597398214718
4.803003003003003,-0.9996596036009472
4.807807807807808,-0.9996594687685253
4.812612612612613,-0.9996593353061614
4.817417417417418,-0.9996592031960625
4.822222222222222,-0.99965907242072
4.827027027027027,-0.9996589429628472
4.831831831831832,-0.9996588148054458
4.836636636636636,-0.9996586879318192
4.841441441441441,-0.9996585623253147
4.846246246246246,-0.999658437969736
4.851051051051051,-0.9996583148490543
4.8558558558558556,-0.9996581929474864
4.860660660660661,-0.9996580722494548
4.865465465465466,-0.999657952739644
4.87027027027027,-0.9996578344029581
4.875075075075075,-0.9996577172245024
4.87987987987988,-0.9996576011896418
4.884684684684685,-0.9996574862839208
4.889489489489489,-0.9996573724931177
4.894294294294294,-0.9996572598032915
4.899099099099099,-0.9996571482005007
4.903903903903904,-0.9996570376712013
4.9087087087087085,-0.9996569282020079
4.9135135135135135,-0.9996568197797102
4.918318318318319,-0.9996567123913165
4.923123123123123,-0.9996566060239959
4.927927927927928,-0.9996565006651573
4.932732732732733,-0.9996563963023357
4.937537537537538,-0.9996562929233133
4.942342342342342,-0.9996561905160061
4.947147147147147,-0.9996560890685232
4.951951951951952,-0.9996559885691776
4.956756756756756,-0.9996558890064158
4.961561561561561,-0.9996557903688769
4.966366366366366,-0.9996556926453563
4.9711711711711715,-0.9996555958248498
4.975975975975976,-0.9996554998964675
4.980780780780781,-0.9996554048495152
4.985585585585586,-0.9996553106734434
4.990390390390391,-0.999655217357875
4.995195195195195,-0.9996551248925596
5.0,-0.9996550332674259
