R_angstrom,E_root0,E_root1,E_root2,E_root3,E_root4,E_root5,E_root6
0.2,0.8313503983495809,2.136329113346365,2.151381078805217,2.1513810788052408,2.170194690703443,2.4209635232054736,2.4319782886074033
0.2096192384769539,0.7219902048354885,2.0139591744040075,2.030380072726216,2.0303800727262162,2.050413940960433,2.2992744629219213,2.3110897041827076
0.21923847695390783,0.6232724258054492,1.9021993250381914,1.9200498272265794,1.9200498272265856,1.941294621614893,2.188228167375697,2.2008564805528366
0.22885771543086172,0.5338370701626931,1.7997065201759355,1.8190464772995423,1.8190464772995538,1.8414910519779728,2.086481344077284,2.0999336534840745
0.23847695390781565,0.4525430697142856,1.7053546528719372,1.7262429174474845,1.7262429174474987,1.749874569627401,1.9929074812154874,2.007192936530064
0.24809619238476954,0.37842609683712736,1.6181924302674202,1.6406867809318462,1.6406867809318484,1.6654914970127446,1.9065548215649752,1.9216806627340741
0.25771543086172344,0.31066576723264117,1.5374103550622018,1.5615678298181876,1.561567829818217,1.5875305071611976,1.82661373786157,1.8425851201947814
0.26733466933867733,0.24855985987405615,1.4623144885558692,1.488192385342249,1.4881923853609058,1.515297038441073,1.7523911553713567,1.7692109413603216
0.2769539078156313,0.19150385644659806,1.392306171761078,1.419963086964659,1.4199630870278435,1.4481930153839362,1.6832903347541528,1.7009587805524748
0.2865731462925852,0.13897456470116265,1.3268672519778733,1.356362728255233,1.3563627282552395,1.3857006634970888,1.618794752542991,1.637309104021727
0.2961923847695391,0.09051691203237433,1.2655483262983402,1.2969412419909923,1.2969412419909947,1.3273694680672121,1.5584550899848066,1.5778090972215826
0.305811623246493,0.04573322318816819,1.2079577158989023,1.2413051424655883,1.2413051424655912,1.272805586128662,1.5018786349011224,1.522062106739691
0.3154308617234469,0.004274459725612134,1.1537518057864078,1.1891088988710359,1.1891088988710385,1.2216632194761439,1.4487206312224918,1.4697190045499933
0.3250501002004008,-0.03416698084354364,1.1026275241121462,1.1400478407322587,1.1400478407322594,1.1736374889588204,1.3986771839939052,1.4203843287251223
0.3346693386773547,-0.06986321846578147,1.054316514101508,1.0938522867849565,1.0938522867849632,1.1284585571851844,1.3514793975665997,1.3735370925177257
0.3442885771543086,-0.10305584060122519,1.0085803861800857,1.0502826580646107,1.050282658064614,1.0858867391157323,1.3068884923583408,1.3293033605640616
0.3539078156312625,-0.13396004080865653,0.9652067288657674,1.0091253879495699,1.0091253879495783,1.0457084013831102,1.2646917172135483,1.2874699654826427
0.3635270541082164,-0.16276809753774346,0.9240057220302718,0.9701894815455558,0.970189481545564,1.00773251815223,1.2246989087128686,1.247846306037485
0.37314629258517035,-0.1896523135115975,0.8848072534139622,0.9333036072424215,0.9333036072424248,0.9717877591287665,1.1867395819751683,1.2102614382121855
0.38276553106212424,-0.21476751176643227,0.8474584587813239,0.8983136268313872,0.8983136268313945,0.9377200188298078,1.150660459503913,1.174561604895073
0.3923847695390782,-0.2382531653515645,0.8118216182354507,0.8650804889289506,0.8650804889289627,0.9053903045908909,1.1163233629948448,1.1406081289166985
0.4020040080160321,-0.26023522271526045,0.7777723516731624,0.8334784248561253,0.83347842485613,0.8746729323893008,1.0836034072571794,1.1082756085855694
0.411623246492986,-0.2808276789870854,0.7451980657587827,0.8033933974964222,0.8033933974964254,0.845453973034529,1.052387446677185,1.077450366245343
0.4212424849699399,-0.300133933998908,0.7139966128577253,0.7747217626912835,0.7747217626912852,0.8176299114904737,1.0225727336010568,1.048029109414148
0.4308617234468938,-0.3182479704100447,0.6840751291583461,0.7473691099534849,0.7473691099534957,0.7911064855240479,0.9940657552112542,1.0199177712883467
0.44048096192384767,-0.3352553793774393,0.6553490247604312,0.7212492550810559,0.7212492550810716,0.7657976762755534,0.9667812212056484,0.9930305031956677
0.4501002004008016,-0.3512342563884747,0.6277411030319636,0.6962833619420389,0.6962833619420423,0.7416248280377187,0.9406411793076307,0.967288796268027
0.4597194388777555,-0.36625598605434617,0.6011807901826873,0.6723991745048326,0.6723991745048423,0.718515878332592,0.9155742395593713,0.9426207134085228
0.4693386773547094,-0.3803859315338334,0.5756034589458603,0.6495303432934407,0.6495303432934418,0.6964046826303878,0.8915148917571667,0.9189602157279931
0.4789579158316633,-0.3936840417278633,0.5509498326632876,0.6276158329885493,0.6276158329885599,0.6752304203006471,0.8684029033747037,0.8962465701683202
0.48857715430861726,-0.4062053873412228,0.5271654581232081,0.6065993999891899,0.6065993999891914,0.6549370689048748,0.8461827879718196,0.874423827119935
0.49819639278557115,-0.41800063519923936,0.5042002373903367,0.5864291304767528,0.5864291304767602,0.635472945013392,0.8248033362349857,0.8534403585691058
0.507815631262525,-0.42911646883108356,0.4820080106808986,0.567057030958743,0.5670570309587477,0.6167902888942112,0.8042172032053344,0.8332484487434527
0.5174348697394789,-0.4395959621736445,0.4605461840619457,0.5484386644617671,0.5484386644617705,0.5988449019974489,0.7843805458479269,0.8138039304182499
0.5270541082164328,-0.44947891228602055,0.4397753972000825,0.5305328265423119,0.5305328265423173,0.5815958215021592,0.765252705044813,0.7950658610438918
0.5366733466933868,-0.45880213615983767,0.4196592272932902,0.5133012561194308,0.5133012561194349,0.5650050303211991,0.7467959259120994,0.7769962336925718
0.5462925851703406,-0.4675997360196792,0.4001639256431153,0.49670837683784724,0.49670837683785507,0.5490372005422768,0.7289751106328644,0.7595597185271359
0.5559118236472946,-0.4759033369276754,0.3812581832270394,0.480721065641986,0.48072106564198874,0.5336594472731979,0.7117575988792026,0.7427234310913242
0.5655310621242484,-0.48374230000969853,0.36291292149488397,0.46530844310748404,0.46530844310748454,0.5188411470446717,0.6951129719932306,0.7264567242254971
0.5751503006012024,-0.49114391418113434,0.3451011047444206,0.45044168836411885,0.45044168836412246,0.5045537237619788,0.6790128777800251,0.7107310008413289
0.5847695390781563,-0.49813356888383065,0.3277975708765539,0.4360938688116248,0.4360938688116291,0.49077049196211525,0.6634308727902939,0.695519545155946
0.5943887775551102,-0.5047349100189366,0.3109788783120483,0.42223978802510154,0.42223978802510687,0.47746650199966467,0.6483422786942451,0.6807973702983119
0.6040080160320641,-0.5109699809863003,0.2946231646628126,0.40885584785269063,0.4088558478527005,0.4646184017541351,0.6337240485866154,0.6665410804698862
0.613627254509018,-0.5168593504866748,0.2787100228242645,0.3959199230557553,0.3959199230557625,0.45220431146194,0.6195546424295187,0.652728746071536
0.623246492985972,-0.5224222285429193,0.2632203814625995,0.383411249550434,0.3834112495504382,0.44020371013795295,0.6058139058922823,0.6393397904070401
0.6328657314629258,-0.5276765720092761,0.24813640043792629,0.37131031889430793,0.37131031889431354,0.42859733377377507,0.5924829568463456,0.626354886743961
0.6424849699398798,-0.5326391806738601,0.2334413734480809,0.35959878608214046,0.35959878608214685,0.4173670755562097,0.5795440774700132,0.6137558646594324
0.6521042084168336,-0.5373257849345162,0.21911963924247013,0.348259383602572,0.3482593836025746,0.40649590918683437,0.5669806144415404,0.6015256247247455
0.6617234468937876,-0.5417511258943034,0.2051565003857858,0.3372758433443972,0.3372758433444005,0.3959678045325134,0.5547768882192039,0.5896480606914526
0.6713426853707415,-0.5459290286365621,0.19153814890478604,0.3266328252013231,0.3266328252013237,0.3857676577529664,0.54291811195049,0.5781079884355431
0.6809619238476954,-0.5498724693333796,0.1782515982286974,0.31631585171338744,0.31631585171338955,0.37588122587116235,0.531390319824715,0.566891080996818
0.6905811623246493,-0.5535936367792118,0.16528462087839546,0.306311248156929,0.3063112481569328,0.3662950667889218,0.520180304085594,0.5559838091210336
0.7002004008016032,-0.5571039888601292,0.15262569141261828,0.2966060875598278,0.296606087559828,0.3569964842170702,0.5092755595980851,0.5453733867729154
0.7098196392785572,-0.5604143044199583,0.14026393417060978,0.28718814017583405,0.28718814017583744,0.3479734770477113,0.49866423476042654,0.5350477211416573
0.719438877755511,-0.5635347309298812,0.1281890753902697,0.2780458270014878,0.2780458270014917,0.33921469274424165,0.4883350876423361,0.5249953667075669
0.729058116232465,-0.5664748283209923,0.11639139931156428,0.26916817696362444,0.26916817696362466,0.33070938372147984,0.47827744639835923,0.5149049620733277
0.7386773547094188,-0.5692436093067077,0.10486170790940785,0.2605447874443729,0.2605447874443738,0.3224473703741399,0.4684811732035683,0.5052051758041902
0.7482965931863728,-0.5718495764871931,0.0935912839306483,0.2521657878464149,0.25216578784642185,0.31441900031653436,0.458936631140507,0.4957447406183152
0.7579158316633265,-0.5743007565048989,0.08257185694080338,0.24402180610901492,0.24402180610901808,0.3066151173869824,0.44963465361423827,0.48731053105133226
0.7675350701402806,-0.5766047314922347,0.07179557211255172,0.23610393661382267,0.23610393661382556,0.2990270292721953,0.4405665159827054,0.47847292395354246
0.7771543086172346,-0.5787686680436415,0.06125496151589993,0.2284037132770544,0.22840371327705833,0.2916464789595798,0.43172390917033654,0.4698513971226975
0.7867735470941883,-0.5807993439231733,0.05094291769063264,0.22091308094498024,0.22091308094498185,0.28446561748835575,0.42309891508403286,0.46143801836784526
0.7963927855711423,-0.5827031727039726,0.04085266930440645,0.21362437151903418,0.21362437151903801,0.2774769791125548,0.4146839836870422,0.45322524211109705
0.8060120240480961,-0.5844862265276608,0.03097775871836117,0.20653028080009855,0.20653028080010094,0.27067345818728594,0.4064719116086245,0.4452058857404854
0.8156312625250501,-0.58615425715291,0.021312021444895635,0.1996238471096874,0.19962384710969028,0.2640482876937891,0.3984558221838361,0.4354953848153681
0.8252505010020039,-0.587712715453099,0.011849566478538187,0.1928984314157694,0.19289843141577262,0.2575950194708769,0.3906291468107597,0.4276496856101898
0.8348697394789579,-0.5891667695034535,0.002584759531284453,0.18634769883595115,0.18634769883595687,0.2513075055558236,0.3829856075744675,0.4199739771494275
0.8444889779559117,-0.5905213213898736,-0.006487793810381004,0.17996560144558899,0.17996560144559193,0.24517988110552014,0.3755192009988449,0.41246226402479746
0.8541082164328657,-0.5917810228519443,-0.015373262988844227,0.17374636206422406,0.17374636206423,0.23920654837861216,0.36822418288771164,0.4051088289631057
0.8637274549098197,-0.5929502898633673,-0.024076606382839927,0.16768445950278638,0.16768445950278887,0.23338216183466698,0.361095054164374,0.39790821744555405
0.8733466933867735,-0.5940333162400282,-0.03260258417182138,0.16177461441132124,0.16177461441132268,0.22770161423429713,0.3541265476404536,0.3908552229781456
0.8829659318637275,-0.5950340863546956,-0.04095577024021757,0.15601177624437929,0.15601177624437973,0.22216002365755572,0.3473136156487049,0.3839448730472085
0.8925851703406813,-0.5959563870286377,-0.04914056319877713,0.15039111103139635,0.15039111103139713,0.21675272136548324,0.34065141847707586,0.37717241579057637
0.9022044088176353,-0.5968038186637736,-0.05716119659256702,0.14490798992994963,0.14490798992995058,0.21147524043759408,0.3341353135461615,0.3705333074053513
0.9118236472945891,-0.5975798056706654,-0.06502174835990548,0.13955797850340418,0.1395579785034054,0.206323305124397,0.32776084527565563,0.36402320030044977
0.9214428857715431,-0.5982876062429414,-0.07272614960166479,0.13433682666920876,0.13433682666921143,0.20129282086088174,0.3215237355892808,0.3576379319889566
0.9310621242484969,-0.5989303215261874,-0.08027819271428116,0.12924045926867306,0.12924045926867483,0.19637986489134057,0.3154198750113661,0.351373514703461
0.9406813627254509,-0.5995109042200467,-0.08768153893711972,0.12426496721316466,0.12426496721316616,0.19158067746185736,0.3094453143112229,0.34522612570788536
0.9503006012024049,-0.600032166656415,-0.0949397253594163,0.11940659916526547,0.11940659916526619,0.18689165353980985,0.3035962566550088,0.33919209827206764
0.9599198396793587,-0.6004967883854743,-0.10205617142910095,0.11466175371698223,0.11466175371698356,0.1823093350244277,0.2978690502273634,0.3332679132708565
0.9695390781563127,-0.6009073233056021,-0.10903418500273643,0.11002697203001821,0.11002697203002126,0.17783040341471457,0.292260181288442,0.3274501913668346
0.9791583166332665,-0.6012662063654869,-0.11587696797171831,0.10549893090609325,0.10549893090609708,0.17345167290447372,0.28676626763373164,0.3217356857353746
0.9887775551102205,-0.6015757598679988,-0.1225876214984597,0.10107443625785817,0.10107443625786061,0.16917008387635152,0.2813840524273515,0.3161212752910607
0.9983967935871743,-0.601838199401201,-0.1291691508925451,0.09675041695310999,0.09675041695311365,0.1649826967687763,0.2761103983814519,0.3106039583765493
1.0080160320641283,-0.6020556394204143,-0.13562447015527368,0.09252391900740914,0.09252391900741253,0.16088668629235237,0.2709422822565936,0.3051808468767325
1.017635270541082,-0.6022300985046046,-0.14195640621695815,0.08839210010153559,0.08839210010153853,0.1568793359730032,0.26587678966006145,0.2998491607239909
1.027254509018036,-0.6023635043070075,-0.14816770289658754,0.0843522244060369,0.08435222440603884,0.15295803300160032,0.2609111101214621,0.29460622276279447
1.03687374749499,-0.6024576982194525,-0.1542610245944206,0.0804016576963359,0.08040165769634017,0.14912026337076045,0.25604253242643976,0.28944945394461813
1.0464929859719438,-0.6025144397682521,-0.160238959751136,0.07653786269700452,0.07653786269700663,0.14536360728109016,0.2512684401915098,0.2843763688268168
1.0561122244488979,-0.6025354107583187,-0.16610402408272706,0.07275839473110973,0.07275839473111095,0.1416857348000794,0.246586307665005,0.27938457135132544
1.0657314629258516,-0.6025222191807587,-0.17185866361225827,0.06906089757143252,0.0690608975714338,0.13808440175825137,0.24199369574030172,0.274471750881372
1.0753507014028056,-0.6024764028988476,-0.17750525751316287,0.06544309951308092,0.0654430995130838,0.13455744586801555,0.2374882481698471,0.26963567847646064
1.0849699398797594,-0.6023994331250637,-0.1830461207789556,0.06190281027956418,0.061902810279566844,0.1311027830515918,0.2330676879693107,0.2648742033874334
1.0945891783567134,-0.6022927177023553,-0.18848350673237158,0.058437914899898746,0.058437914899899746,0.1277184039654946,0.22872981400305953,0.2601852497553627
1.1042084168336672,-0.6021576042014882,-0.19381960938602105,0.05504637443993904,0.05504637443994187,0.1244023707095091,0.22447249774293926,0.2555668134992061
1.1138276553106212,-0.6019953828449978,-0.19905656566617574,0.05172621998374943,0.051726219983753485,0.12115281370916026,0.220293680193707,0.2510169593786018
1.123446893787575,-0.6018072892686217,-0.20419645750929194,0.048475550372805876,0.0484755503728066,0.11796792877778295,0.2161913689785217,0.24653381821939657
1.133066132264529,-0.6015945071296107,-0.209241313841374,0.04529252934754052,0.0452925293475423,0.11484597425619791,0.21216363557902818,0.24211558429028318
1.142685370741483,-0.6013581705713962,-0.21419311244826356,0.042175382831758756,0.04217538283176181,0.11178526840365649,0.20820861272460078,0.23776051282142824
1.1523046092184368,-0.6010993665532453,-0.2190537817451369,0.03912239635175818,0.03912239635175874,0.1087841869444845,0.2043244919248277,0.2334669176515845
1.1619238476953908,-0.6008191370522178,-0.2238252024525506,0.03613191258240023,0.03613191258240389,0.10584116052458259,0.20050952113990256,0.2292331689950356
1.1715430861723446,-0.6005184811462854,-0.22850920918559975,0.03320232901305986,0.03320232901306097,0.10295467253564211,0.19676200258275672,0.22505769132649467
1.1811623246492986,-0.6001983569849716,-0.23310759196263586,0.03033209572662615,0.030332095726628205,0.10012325693174617,0.19308029064612697,0.2209389613750754
1.1907815631262524,-0.5998596836544892,-0.23762209763920833,0.02751971328531133,0.027519713285313885,0.09734549617366273,0.1894627899478214,0.21687550621287655
1.2004008016032064,-0.5995033429435495,-0.24205443127251858,0.024763730717337173,0.024763730717341892,0.09462001927373648,0.18590795348651185,0.21286590143498962
1.2100200400801602,-0.5991301810165303,-0.24640625742139055,0.022062743598947332,0.02206274359894883,0.09194549993488532,0.18241428090019152,0.20890876942746192
1.2196392785571142,-0.5987410099980858,-0.2506792013861763,0.01941539222657085,0.01941539222657168,0.08932065477824636,0.1789803168190966,0.20500277771680392
1.229258517034068,-0.5983366094765974,-0.2548748503928669,0.016820359874234192,0.01682035987423608,0.08674424165398914,0.17560464930490183,0.20114663739547856
1.238877755511022,-0.5979177279293826,-0.2589947547251453,0.014276371131624499,0.014276371131626997,0.08421505803065182,0.17228590836804608,0.19733910161852347
1.2484969939879758,-0.5974850840756545,-0.2630404288079496,0.011782190318552488,0.011782190318555097,0.08173193945848894,0.16902276455535697,0.19357896416699116
1.2581162324649298,-0.5970393681610056,-0.2670133522458071,0.009336619971655746,0.009336619971656634,0.07929375810267708,0.16581392760056657,0.18986505807416354
1.2677354709418838,-0.5965812431776025,-0.270914970818621,0.0069384993996440825,0.00693849939964486,0.07689942134225547,0.16265814513111382,0.18619625431082532
1.2773547094188376,-0.5961113460239462,-0.2747466974379218,0.004586703303453621,0.004586703303456008,0.07454787043110012,0.15955420142508675,0.18257146052615106
1.2869739478957916,-0.5956302886078066,-0.27850991306572054,0.002280140457905422,0.0022801404579060325,0.072238079217392,0.15650091621316814,0.17898961984103115
1.2965931863727453,-0.5951386588957646,-0.282205967598273,1.775245175150708e-05,1.775245175233975e-05,0.06996905291828165,0.15349714352126775,0.17544970969087365
1.3062124248496993,-0.5946370219119395,-0.28583618071669625,-0.0022014875169389936,-0.0022014875169366066,0.06773982694676406,0.15054177055019602,0.1719507407151739
1.3158316633266531,-0.5941259206900545,-0.28940184270628044,-0.004378575792821138,-0.004378575792818251,0.06554946580626714,0.14763371658956786,0.16849175745291023
1.3254509018036071,-0.5936058771800636,-0.29290421524614446,-0.0065144793654496325,-0.006514479365446135,0.06339706193314648,0.14477193196391297,0.16507182982181345
1.335070140280561,-0.5930773931132065,-0.2963445321706082,-0.008610136924075085,-0.00861013692407403,0.06128173479486648,0.14195539700939003,0.16169006412512066
1.344689378757515,-0.5925409508268578,-0.2997240002038627,-0.010666459867396283,-0.01066645986739534,0.059202629803741635,0.13918312107996444,0.1583455935168395
1.354308617234469,-0.5919970140525974,-0.3030437996690226,-0.01268433327057572,-0.012684333270574055,0.05715891739379858,0.13645414158258545,0.155037579392617
1.3639278557114227,-0.5914460286680692,-0.3063050851728191,-0.014664616811515374,-0.014664616811513265,0.05514979210451276,0.1337675230407422,0.15176521094543452
1.3735470941883767,-0.5908884234160097,-0.3095089862670209,-0.016608145658508988,-0.01660814565850749,0.053174471685559666,0.13112235618628382,0.1485277035434645
1.3831663326653305,-0.5903246105914904,-0.31265660808761253,-0.018515731321023243,-0.0185157313210208,0.051232196292618104,0.12851775707939517,0.1453242980165163
1.3927855711422845,-0.5897549866990213,-0.31574903197273685,-0.020388162465493076,-0.020388162465492243,0.04932222764812738,0.12595286625658264,0.14215426054201336
1.4024048096192383,-0.5891799330817358,-0.31878731606014427,-0.022226205697733037,-0.022226205697731594,0.04744384826578185,0.12342684790663422,0.13901688144452615
1.4120240480961923,-0.5885998165231852,-0.32177249586535445,-0.024030606313573122,-0.024030606313571512,0.045596360702739425,0.12093888907435113,0.1359114744909014
1.421643286573146,-0.5880149898241207,-0.3247055848410053,-0.02580208901925568,-0.025802089019253793,0.04377908683859055,0.11848819889193629,0.13283737620286368
1.4312625250501,-0.5874257923545998,-0.3275875749184251,-0.027541358622967194,-0.027541358622966083,0.04199136718192198,0.1160740078376356,0.12979394518125295
1.440881763527054,-0.5868325505833919,-0.3304194370321685,-0.02924910069886616,-0.029249100698864883,0.040232560203623535,0.11369556702124511,0.12678056145041372
1.4505010020040079,-0.5862355785851336,-0.3332021216280619,-0.03092598222486742,-0.030925982224866366,0.0385020416959464,0.11135214749610323,0.12379662582383585
1.460120240480962,-0.5856351785267497,-0.3359365591557181,-0.03257265219545785,-0.032572652195456187,0.03679920415652399,0.10904303959685341,0.12084155929067447
1.4697394789579157,-0.5850316411337106,-0.3386236605460249,-0.03418974221055704,-0.03418974221055521,0.035123456196625435,0.1067675523024404,0.11791480242235394
1.4793587174348697,-0.5844252461372245,-0.3412643176742469,-0.0357778670416376,-0.035777867041635214,0.03347422197286948,0.10452501262357461,0.11501581479833353
1.4889779559118235,-0.5838162627031609,-0.34385940380944297,-0.037337625176043554,-0.03733762517604228,0.03185094064178695,0.10231476501390724,0.11214407445029362
1.4985971943887775,-0.583204949843303,-0.34640977405069867,-0.038869599340521754,-0.0388695993405202,0.03025306583662335,0.10013617080417286,0.10929907732379068
1.5082164328657313,-0.5825915568098459,-0.3489162657507994,-0.04037435700488268,-0.04037435700488079,0.028680065165789248,0.09798860765838086,0.106480336756686
1.5178356713426853,-0.5819763234736469,-0.3513796989277316,-0.04185245086665618,-0.04185245086665518,0.027131419732357442,0.09587146905130939,0.10368738297354957
1.5274549098196393,-0.5813594806869473,-0.3538008766647744,-0.04330441931758111,-0.04330441931757828,0.025606623674063855,0.09378416376640114,0.10091976259527477
1.537074148296593,-0.5807412506309376,-0.35618058549930764,-0.04473078689272991,-0.04473078689272875,0.02410518372324988,0.09172611541323822,0.09817703816329124
1.546693386773547,-0.5801218471491556,-0.3585195958011653,-0.04613206470300507,-0.046132064703004405,0.022626618786099506,0.08969676196376108,0.09545878767781149
1.5563126252505008,-0.5795014760665784,-0.3608186621405854,-0.04750875085171846,-0.047508750851716075,0.02117045954065444,0.08769555530642587,0.09276460414787879
1.5659318637274549,-0.5788803354956644,-0.3630785236464915,-0.04886133083594896,-0.048861330835947514,0.01973624805288421,0.08572196081749645,0.09009409515865627
1.5755511022044086,-0.5782586161291425,-0.36529990435531084,-0.050190277933308436,-0.050190277933307104,0.01832353741018239,0.0837754569486861,0.0874468824408891
1.5851703406813626,-0.5776365015204334,-0.3674835135506393,-0.05149605357473597,-0.05149605357473375,0.016931891371554153,0.08185553483047625,0.08482260146723475
1.5947895791583164,-0.5770141683519636,-0.36963004609426653,-0.05277910770390398,-0.05277910770390265,0.015560884033771594,0.07996169789030122,0.08222090104329077
1.6044088176352704,-0.5763917866920198,-0.3717401827487797,-0.0540398791237951,-0.05403987912379371,0.014210099512619367,0.0780934614849868,0.07964144292387282
1.6140280561122244,-0.5757695202402056,-0.373814590492043,-0.055278795830967564,-0.05527879583096623,0.012879131638459496,0.07625035254678103,0.07708390146519117
1.6236472945891782,-0.5751475265622996,-0.37585392282386026,-0.05649627533803825,-0.056496275338036805,0.011567583665102077,0.07443190924233073,0.07454796370562128
1.6332665330661322,-0.5745259573148573,-0.37785882006509214,-0.057692724984841015,-0.057692724984838295,0.010275067986846464,0.0720333261839532,0.07263768064402332
1.642885771543086,-0.5739049584597223,-0.37982990964951857,-0.05886854223872162,-0.05886854223871868,0.009001205890358466,0.06953970061084003,0.0708672264131825
1.65250501002004,-0.5732846704693166,-0.3817678064085638,-0.060024114984437105,-0.06002411498443655,0.007745627257382204,0.06706680728543207,0.06912011649447608
1.6621242484969938,-0.5726652285225731,-0.3836731128493322,-0.06115982180402002,-0.06115982180401969,0.0065079703781036335,0.06461437796027936,0.06739593082115847
1.6717434869739478,-0.5720467626926492,-0.3855464194258802,-0.0622760322470835,-0.06227603224708006,0.005287881641975634,0.062182154858118566,0.06569425903058795
1.6813627254509016,-0.5714293981260377,-0.3873883048042088,-0.06337310709184224,-0.06337310709183952,0.00408501536308542,0.05976989035475472,0.06401470018957794
1.6909819639278556,-0.5708132552140448,-0.38919933612095103,-0.0644513985973546,-0.06445139859735155,0.002899033521624683,0.05737734666806893,0.062356862529204415
1.7006012024048096,-0.5701984497569472,-0.39098006923610434,-0.06551125074718034,-0.06551125074718,0.001729605553337954,0.05500429555642827,0.06072036318859053
1.7102204408817634,-0.5695850931209119,-0.392731048979807,-0.06655299948491628,-0.06655299948491455,0.0005764081306539048,0.0526505180258266,0.059104827967369544
1.7198396793587174,-0.5689732923885558,-0.39445280939346233,-0.06757697294182136,-0.06757697294181803,-0.0005608750538145246,0.050315804046289436,0.05750989108638371
1.7294589178356712,-0.568363150503034,-0.39614587396531464,-0.06858349165692146,-0.06858349165691946,-0.001682553502390438,0.04799995227808507,0.05593519495634269
1.7390781563126252,-0.5677547664063347,-0.3978107558606056,-0.06957286878983676,-0.06957286878983299,-0.0027889301279216405,0.045702769808471544,0.05438038995407554
1.748697394789579,-0.5671482351720359,-0.3994479581464184,-0.07054541032660167,-0.07054541032660061,-0.0038803014713341133,0.04342407189981767,0.05284513420609929
1.758316633266533,-0.566543648132765,-0.4010579740114041,-0.07150141527878984,-0.0715014152787884,-0.0049569579227941585,0.04116368175025942,0.05132909337919522
1.7679358717434868,-0.5659410930028436,-0.4026412869805529,-0.07244117587614135,-0.07244117587613941,-0.006019183948112072,0.038921430268142154,0.0498319404777233
1.7775551102204408,-0.5653406539961858,-0.4041983711248686,-0.07336497775297934,-0.07336497775297846,-0.007067258322400516,0.036697155861950825,0.04835335564742316
1.7871743486973948,-0.5647424119399163,-0.4057296912665201,-0.07427310012863331,-0.0742731001286322,-0.008101454373017236,0.034490704247635506,0.046893025985431686
1.7967935871743486,-0.5641464443838193,-0.4072357031790202,-0.07516581598207961,-0.07516581598207794,-0.009122040234295359,0.03230192827567446,0.04545064535631882
1.8064128256513026,-0.5635528257059672,-0.40871685378299966,-0.07604339222105161,-0.07604339222105033,-0.010129279116946388,0.030130687780722143,0.0440259142138682
1.8160320641282564,-0.5629616272146203,-0.4101735813374508,-0.07690608984575975,-0.07690608984575853,-0.011123429595410683,0.02797684945720147,0.042618539428443986
1.8256513026052104,-0.5623729172465823,-0.41160631562650646,-0.07775416410749714,-0.07775416410749675,-0.012104745878748435,0.025840286947104663,0.0412282341197063
1.8352705410821641,-0.5617867612624282,-0.4130154781419829,-0.07858786466224527,-0.07858786466224471,-0.01307347829743688,0.023720880056165683,0.03985471749447905
1.8448897795591181,-0.5612032219382955,-0.4144014822616958,-0.07940743571953268,-0.0794074357195313,-0.014029873451603003,0.021618515816500095,0.038497714689617046
1.854509018036072,-0.5606223592549189,-0.4157647334235203,-0.08021311618662741,-0.08021311618662541,-0.014974174764292303,0.019533087800848448,0.0371569566196473
1.864128256513026,-0.5600442305835269,-0.4171056292955982,-0.0810051398083323,-0.0810051398083314,-0.015906622904618806,0.017464496389174855,0.035832179829081795
1.87374749498998,-0.5594688907690846,-0.4184245599424206,-0.0817837353024683,-0.08178373530246585,-0.016827456306770017,0.015412648926740657,0.03452312634916621
1.8833667334669337,-0.5588963922108318,-0.41972190798702236,-0.08254912649121615,-0.0825491264912156,-0.017736911763946095,0.013377459966285199,0.03322954355896332
1.8929859719438877,-0.5583267849401223,-0.4209980487694299,-0.08330153242850036,-0.08330153242849908,-0.01863522511549015,0.01135885161267236,0.0319511840505953
1.9026052104208415,-0.5577601166958355,-0.4222533505013259,-0.08404116752348417,-0.08404116752348262,-0.01952263205050081,0.0093567539935831,0.030687805498512716
1.9122244488977955,-0.5571964329973238,-0.42348817441704606,-0.0847682416603826,-0.08476824166038105,-0.020399369058049732,0.007371105886345208,0.029439170532639974
1.9218436873747493,-0.5566357772148818,-0.42470287492102804,-0.08548296031468589,-0.08548296031468472,-0.021265674563040737,0.005401855540258849,0.028205046615282475
1.9314629258517033,-0.5560781906380334,-0.42589779973170905,-0.08618552466590362,-0.08618552466590296,-0.022121790299005406,0.00344896174556214,0.02698520592163678
1.941082164328657,-0.5555237125414487,-0.4270732900220088,-0.08687613170700864,-0.08687613170700798,-0.022967962985461887,0.001512395216899387,0.025779425223828145
1.950701402805611,-0.5549723802487658,-0.42822968055645977,-0.08755497435060561,-0.08755497435060416,-0.02380444640022078,-0.00040785961842870755,0.024587485778282903
1.9603206412825651,-0.5544242291941925,-0.42936729982504124,-0.08822224153202896,-0.08822224153202668,-0.024631503968349178,-0.0023118023057059345,0.023409173216409562
1.969939879759519,-0.5538792929819869,-0.43048647017384345,-0.08887811830941039,-0.08887811830940939,-0.02544941203348794,-0.004199413355884141,0.022244277438395077
1.979559118236473,-0.5533376034440938,-0.4315875079325396,-0.08952278596084118,-0.08952278596084046,-0.026258464039812468,-0.006070650318333259,0.02109259251004436
1.9891783567134267,-0.552799190695613,-0.4326707235388959,-0.0901564220787252,-0.09015642207872276,-0.02705897594264489,-0.007925442615354827,0.01995391656257911
1.9987975951903807,-0.5522640831884488,-0.433736421660212,-0.0907792006614167,-0.09077920066141554,-0.027851293296654367,-0.009763684689672314,0.018828051695250314
2.0084168336673347,-0.5517323077630789,-0.43478490131194214,-0.09139129220222703,-0.09139129220222658,-0.028635800663769695,-0.011585226822917294,0.017714803880689883
2.0180360721442887,-0.5512038896985665,-0.435816455973398,-0.09199286377590027,-0.09199286377589949,-0.029412934272670943,-0.013389862693512278,0.016613982872916766
2.0276553106212423,-0.5506788527607616,-0.4368313737008525,-0.09258407912263289,-0.09258407912263139,-0.030183199302244,-0.015177312301666246,0.01552540211786868
2.0372745490981963,-0.5501572192488449,-0.4378299372377801,-0.09316509872969647,-0.09316509872969614,-0.030947193842270904,-0.016947198208534187,0.014448878666426163
2.0468937875751503,-0.549639010040283,-0.43881242412266247,-0.09373607991079858,-0.09373607991079835,-0.03170564265226594,-0.018699011968816626,0.013384233089795139
2.0565130260521043,-0.5491242446341682,-0.439779106794187,-0.0942971768831789,-0.09429717688317701,-0.03245944553812957,-0.02043206593740504,0.01233128939719233
2.0661322645290583,-0.5486129411930836,-0.4407302526939891,-0.09484854084256844,-0.0948485408425675,-0.033209747901166986,-0.022145422895738454,0.011289874955726614
2.075751503006012,-0.5481051165834719,-0.441666124367028,-0.09539032003607667,-0.09539032003607478,-0.033958045448357344,-0.02383779150931975,0.010259820412468562
2.085370741482966,-0.5476007864146472,-0.44258697955969395,-0.09592265983302917,-0.09592265983302883,-0.034706342220185926,-0.025507368460262414,0.009240959618521782
2.09498997995992,-0.5470999650764854,-0.4434930713155845,-0.09644570279387576,-0.09644570279387427,-0.03545739240041962,-0.027151596790788435,0.008233129555152457
2.104609218436874,-0.5466026657757567,-0.44438464806916866,-0.09695958873717225,-0.09695958873717159,-0.036215072935441794,-0.028766793430376858,0.0072361702618105594
2.1142284569138274,-0.5461089005713062,-0.4452619537373366,-0.09746445480476235,-0.09746445480476151,-0.036984953276229804,-0.03034757959360823,0.006249924766028703
2.1238476953907814,-0.5456186804079864,-0.4461252278088441,-0.09796043552513586,-0.09796043552513514,-0.03777513199538271,-0.031886044296711685,0.005274239015130938
2.1334669338677354,-0.5451320151495536,-0.4469747054318597,-0.09844766287510395,-0.09844766287510251,-0.038597326286416184,-0.03337065498572342,0.004308961809683043
2.1430861723446895,-0.5446489136103537,-0.4478106174995369,-0.0989262663397524,-0.09892626633975163,-0.03946783307917215,-0.034785296542731464,0.0033539447386289334
2.1527054108216435,-0.5441693835861103,-0.4486331907336625,-0.0993963729708105,-0.09939637297080839,-0.040407039269378164,-0.03610976117237652,0.0024090421160827546
2.162324649298597,-0.5436934318836658,-0.44944264776662235,-0.09985810744342305,-0.09985810744342305,-0.04143509145949942,-0.03732407877171556,0.001474110919683358
2.171943887775551,-0.5432210643497368,-0.4502392072215027,-0.10031159211139198,-0.10031159211139098,-0.04256315940203889,-0.03841725359247952,0.0005490107305101133
2.181563126252505,-0.5427522858988484,-0.45102308379048683,-0.10075694706093402,-0.10075694706093286,-0.04378647104960881,-0.039394229291689564,-0.0003663963255153002
2.191182364729459,-0.5422871005403898,-0.45179448831167707,-0.10119429016301645,-0.10119429016301568,-0.04508691502844192,-0.04027328655421758,-0.0012722456347800115
2.200801603206413,-0.541825511404781,-0.45255362784417247,-0.10162373712425127,-0.10162373712424994,-0.046442220833962655,-0.04107686298881941,-0.002168670151708324
2.2104208416833666,-0.5413675207689519,-0.45330070574169956,-0.10204540153647543,-0.10204540153647515,-0.047832952393739275,-0.041824559652536425,-0.003055800453119234
2.2200400801603206,-0.5409131300809646,-0.4540359217246612,-0.1024593949249814,-0.10245939492497996,-0.04924464894714503,-0.04253100025417095,-0.0039337647912561224
2.2296593186372746,-0.5404623399839896,-0.45475947195064514,-0.10286582679547063,-0.10286582679547002,-0.05066727458954168,-0.04320638168923063,-0.004802689145508521
2.2392785571142286,-0.5400151503396113,-0.4554715490836182,-0.10326480467976598,-0.1032648046797652,-0.05209401861832638,-0.04385767376921493,-0.005662697272838579
2.2488977955911826,-0.539571560250341,-0.4561723423615606,-0.10365643418030879,-0.10365643418030651,-0.05352025392672838,-0.04448966089963308,-0.006513910757009411
2.258517034068136,-0.5391315680816569,-0.45686203766283984,-0.10404081901347306,-0.10404081901347145,-0.054942799472563975,-0.045105679679550426,-0.007356449056567349
2.26813627254509,-0.5386951714833079,-0.45754081757118176,-0.10441806105174867,-0.10441806105174689,-0.056359433283762195,-0.045708105960980405,-0.008190429551656608
2.277755511022044,-0.5382623674101317,-0.45820886143929784,-0.10478826036479735,-0.10478826036479608,-0.057768577351286515,-0.04629867001733337,-0.009015967589645846
2.287374749498998,-0.5378331521422199,-0.45886634545136706,-0.10515151525944119,-0.10515151525944003,-0.05916909344458751,-0.046878660786570575,-0.009833176529661952
2.296993987975952,-0.537407521304588,-0.45951344268402705,-0.10550792231857342,-0.10550792231857226,-0.060560149283762854,-0.04744905976252772,-0.01064216778597235
2.306613226452906,-0.5369854698863674,-0.4601503231663998,-0.10585757643908603,-0.10585757643908575,-0.06194112942573812,-0.04801063018222376,-0.011443050870291904
2.31623246492986,-0.5365669922593997,-0.46077715393872587,-0.10620057086876619,-0.10620057086876508,-0.06331157486844932,-0.04856397740665089,-0.012235933433016905
2.325851703406814,-0.5361520821964043,-0.4613940991099007,-0.10653699724225285,-0.10653699724225107,-0.06467114143086111,-0.04910959060750297,-0.013020921303413785
2.335470941883768,-0.5357407328887225,-0.4620013199138244,-0.10686694561603258,-0.10686694561603124,-0.06601957046963028,-0.04964787204234536,-0.01379811852877788
2.3450901803607214,-0.535332936963487,-0.46259897476467604,-0.10719050450254655,-0.10719050450254505,-0.06735666817590327,-0.05017915826062977,-0.014567627412564788
2.3547094188376754,-0.5349286865004899,-0.46318721931098084,-0.1075077609033876,-0.1075077609033846,-0.0686822902372285,-0.05070373463553052,-0.01532954855155913
2.3643286573146294,-0.5345279730485631,-0.4637662064886995,-0.10781880034164143,-0.10781880034163932,-0.06999633093853747,-0.051221846959994655,-0.01608398087204249
2.3739478957915834,-0.5341307876415311,-0.46433608657314807,-0.10812370689341169,-0.10812370689340825,-0.0712987148251604,-0.051733709621448604,-0.01683102166501932
2.383567134268537,-0.5337371208138648,-0.46489700722994576,-0.10842256321849911,-0.10842256321849705,-0.07258939047096633,-0.052239511868881566,-0.017570766620521927
2.393186372745491,-0.53334696261582,-0.4654491135648883,-0.10871545059031518,-0.10871545059031273,-0.07386832572089702,-0.052739422606191355,-0.01830330986095649
2.402805611222445,-0.5329603026283454,-0.46599254817282315,-0.10900244892501987,-0.10900244892501798,-0.07513550401998303,-0.053233594095003944,-0.01902874397360163
2.412424849699399,-0.5325771299775315,-0.4665274511910796,-0.10928363680992792,-0.10928363680992681,-0.07639092155216481,-0.05372216484528891,-0.019747160041563516
2.422044088176353,-0.5321974333487748,-0.467053960323904,-0.10955909153117821,-0.10955909153117577,-0.07763458498911074,-0.05420526189407926,-0.02045864767697153
2.4316633266533065,-0.531821201000604,-0.46757221092255413,-0.10982888910072469,-0.10982888910072203,-0.07886650970316395,-0.05468300261849468,-0.021163295047242597
2.4412825651302605,-0.5314484207780982,-0.46808233600728033,-0.11009310428263663,-0.11009310428263536,-0.08008671833654818,-0.055155496190740116,-0.02186118890653299
2.4509018036072145,-0.5310790801261364,-0.46858446631724293,-0.11035181061875779,-0.11035181061875629,-0.08129523964595367,-0.055622844755401774,-0.022552414623433742
2.4605210420841686,-0.5307131661022167,-0.4690787303537203,-0.11060508045372774,-0.11060508045372669,-0.0824921080324087,-0.05608514438966805,-0.023237056208444212
2.470140280561122,-0.5303506653890501,-0.469565254422328,-0.11085298495939463,-0.11085298495939391,-0.08367736106718607,-0.05654248589110064,-0.023915196340726724
2.479759519038076,-0.5299915643068455,-0.47004416267451943,-0.11109559415863593,-0.11109559415863454,-0.08485104124889256,-0.05699495543061159,-0.02458691639408589
2.48937875751503,-0.5296358488252868,-0.4705155771481039,-0.11133297694861757,-0.11133297694861674,-0.08601319397402371,-0.057442635095247246,-0.025252296462259516
2.498997995991984,-0.5292835045753074,-0.4709796178069997,-0.11156520112350304,-0.11156520112350166,-0.08716386745667531,-0.05788560334342385,-0.025911415383500835
2.508617234468938,-0.5289345168605558,-0.4714364025800961,-0.11179233339663444,-0.11179233339663316,-0.0883031123602919,-0.058323935388732956,-0.02656435076449562
2.5182364729458917,-0.5285888706685999,-0.47188604739939544,-0.11201443942220185,-0.11201443942219969,-0.08943098149068296,-0.058757703527240024,-0.02721117900362524
2.5278557114228457,-0.5282465506819337,-0.4723286662373011,-0.11223158381643994,-0.11223158381643855,-0.09054752952411754,-0.0591869774136064,-0.0278519753136163
2.5374749498997997,-0.5279075412886494,-0.47276437114308123,-0.11244383017834544,-0.11244383017834372,-0.09165281279099854,-0.059611824291528975,-0.028486813743562628
2.5470941883767537,-0.5275718265930531,-0.47319327227872754,-0.11265124110995511,-0.11265124110995373,-0.09274688907092693,-0.06003230921954411,-0.029115767200392578
2.5567134268537073,-0.5272393904258026,-0.47361547795390246,-0.11285387823618492,-0.1128538782361842,-0.09382981746213215,-0.060448495240272015,-0.029738907469744363
2.5663326653306613,-0.5269102163540795,-0.4740310946602587,-0.11305180222428299,-0.11305180222428049,-0.0949016581673138,-0.06086044350417705,-0.030356305236344056
2.5759519038076153,-0.5265842876913804,-0.474440227104978,-0.11324507280285265,-0.11324507280285237,-0.09596247243571712,-0.061268213456327686,-0.0309680301038254
2.5855711422845693,-0.5262615875071442,-0.47484297824366706,-0.1134337487805597,-0.11343374878055931,-0.09701232242007887,-0.06167186292694751,-0.03157415061408478
2.5951903807615233,-0.5259420986361985,-0.4752394493125207,-0.11361788806442752,-0.11361788806442635,-0.09805127108546452,-0.06207144824084754,-0.032174734266138455
2.604809619238477,-0.5256258036880062,-0.4756297398598716,-0.11379754767784411,-0.11379754767784289,-0.09907938212354334,-0.06246702431165152,-0.032769847534560886
2.614428857715431,-0.525312685055716,-0.4760139477769967,-0.11397278377821038,-0.11397278377820833,-0.10009671987412036,-0.06285864472438604,-0.033359555887429254
2.624048096192385,-0.5250027249249789,-0.47639216932832806,-0.11414365167431248,-0.11414365167430982,-0.10110334926814032,-0.06324636181276164,-0.03394392380392103
2.633667334669339,-0.5246959052826785,-0.4767644991811025,-0.11431020584341428,-0.1143102058434129,-0.10209933574460983,-0.06363022671989016,-0.034523014791458834
2.6432865731462925,-0.5243922079253716,-0.4771310304342558,-0.1144724999480492,-0.11447249994804726,-0.10308474499194042,-0.06401028946427145,-0.035096891402500885
2.6529058116232465,-0.5240916144676683,-0.4774918546468231,-0.11463058685257746,-0.11463058685257496,-0.10405964381125751,-0.06438659899104102,-0.03566561525096848
2.6625250501002005,-0.5237941063503524,-0.47784706186572534,-0.11478451863950742,-0.1147845186395067,-0.10502409865231607,-0.06475920322183668,-0.03622924702830341
2.6721442885771545,-0.5234996648483802,-0.47819674065295503,-0.1149343466255793,-0.11493434662557858,-0.10597817654701394,-0.0651281490995281,-0.0367878465192259
2.6817635270541085,-0.5232082710787251,-0.47854097811222873,-0.11508012137764473,-0.11508012137764412,-0.10692194481975492,-0.06549348262906701,-0.0373414726171416
2.691382765531062,-0.5229199060080182,-0.47887985991509907,-0.11522189272833061,-0.11522189272832994,-0.10785547105296378,-0.06585524891487238,-0.03789018333926006
2.701002004008016,-0.52263455046006,-0.47921347032651723,-0.1153597097915488,-0.11535970979154608,-0.10877882305523678,-0.06621349219512251,-0.03843403584141786
2.71062124248497,-0.5223521851232287,-0.4795418922298104,-0.11549362097777544,-0.11549362097777449,-0.10969206883184274,-0.06656825587336201,-0.038973086432609216
2.720240480961924,-0.5220727905576457,-0.47986520715129677,-0.11562367400923695,-0.11562367400923618,-0.11059527655728868,-0.06691958254760294,-0.039507390589263114
2.7298597194388776,-0.5217963472022504,-0.4801834952842506,-0.11574991593486034,-0.11574991593485917,-0.11148851454977804,-0.06726751403730125,-0.04003700296924831
2.7394789579158316,-0.5215228353817181,-0.4804968355124854,-0.11587239314513692,-0.11587239314513498,-0.11237185124727322,-0.06761209140832769,-0.040561977425617374
2.7490981963927856,-0.5212522353132589,-0.4808053054333828,-0.1159911513868121,-0.11599115138681054,-0.11324535518507983,-0.0679533549961866,-0.04108236702012699
2.7587174348697396,-0.5209845271132247,-0.48110898138049346,-0.1161062357774672,-0.11610623577746443,-0.11410909497473948,-0.06829134442763274,-0.04159822403650931
2.7683366733466936,-0.5207196908036558,-0.4814079384457335,-0.11621769081994596,-0.11621769081994374,-0.11496313928413929,-0.06862609864085986,-0.042109599993517294
2.777955911823647,-0.5204577063185752,-0.48170225050101156,-0.11632556041669123,-0.11632556041668968,-0.11580755681867783,-0.06895765590435521,-0.04261654565775347
2.787575150300601,-0.5201985535102891,-0.48199199021957756,-0.11664241630346156,-0.11642988788394126,-0.11642988788394065,-0.06928605383458264,-0.04311911105627714
2.797194388777555,-0.5199422121554544,-0.48227722909679743,-0.11746778646638922,-0.11653071596582687,-0.1165307159658256,-0.06961132941257003,-0.04361734548900037
2.8068136272545092,-0.519688661961028,-0.48255803747031945,-0.1182837360220699,-0.11662808684835366,-0.11662808684835177,-0.06993351899952174,-0.04411129595086452
2.816432865731463,-0.519437882570158,-0.4828344845414257,-0.11909033365653943,-0.1167220421732762,-0.11672204217327548,-0.07025265835152028,-0.04460101364454841
2.826052104208417,-0.5191898535678483,-0.4831066383926166,-0.11988764801257382,-0.11681262305186416,-0.1168126230518631,-0.07056878263339986,-0.04508654402861295
2.835671342685371,-0.5189445544865694,-0.48337456600827855,-0.12067574767568909,-0.11689987007856975,-0.11689987007856881,-0.07088192643186622,-0.04556793361306399
2.845290581162325,-0.5187019648117259,-0.4836383332931988,-0.12145470116063334,-0.1169838233445607,-0.11698382334456064,-0.07119212376791606,-0.04604522823947241
2.854909819639279,-0.5184620639869673,-0.4838980050910971,-0.12222457689839766,-0.11706452245118282,-0.11706452245118154,-0.07149940810862859,-0.046518473092164475
2.8645290581162324,-0.5182248314194452,-0.4841536452027828,-0.12298544322373675,-0.11714200652327564,-0.1171420065232743,-0.07180381237836128,-0.04698771270914612
2.8741482965931864,-0.51799024648489,-0.48440531640394324,-0.1237373683632049,-0.11721631422238468,-0.11721631422238385,-0.07210536896947525,-0.04745299099287886
2.8837675350701404,-0.5177582885325842,-0.4846530804626518,-0.12448042042363311,-0.11728748375985781,-0.11728748375985637,-0.07240410975252348,-0.04791435122081575
2.8933867735470944,-0.5175289368902511,-0.48489699815649745,-0.12521466738103382,-0.11735555290981253,-0.11735555290981009,-0.07270006608602048,-0.04837183605575934
2.903006012024048,-0.5173021708687701,-0.4851371292893911,-0.12594017706983102,-0.1174205590219577,-0.1174205590219573,-0.07299326882575452,-0.0488254875560179
2.912625250501002,-0.5170779697668529,-0.4853735327080656,-0.1266570171723995,-0.11748253903432357,-0.11748253903432279,-0.07328374833367898,-0.04927534718538443
2.922244488977956,-0.5168563128755084,-0.4856062662934492,-0.12736525520906095,-0.11754152948578073,-0.11754152948577956,-0.07357153448653525,-0.049721456314893775
2.93186372745491,-0.5166371794824972,-0.48583538707707563,-0.1280649585283106,-0.11759756652846745,-0.11759756652846645,-0.07385665668408894,-0.050163854340376235
2.941482965931864,-0.5164205488766012,-0.48606095110188846,-0.12875619429732138,-0.11765068594003075,-0.11765068594002959,-0.07413914385714221,-0.0506025814775794
2.9511022044088175,-0.5162064003518344,-0.48628301354495385,-0.12943902949267802,-0.1177009231357026,-0.1177009231357011,-0.07441902447525137,-0.05103767692223368
2.9607214428857715,-0.5159947132115135,-0.4865016287041581,-0.13011353089134442,-0.11774831318021411,-0.11774831318021323,-0.0746963265541929,-0.05146917932515763
2.9703406813627256,-0.5157854667722175,-0.48671685001292603,-0.13077976506195083,-0.11779289079950739,-0.11779289079950478,-0.07497107766323685,-0.05189712680145894
2.9799599198396796,-0.5155786403677052,-0.4869287300547101,-0.13143779835626496,-0.11783469039226063,-0.11783469039226008,-0.07524330493218162,-0.05232155693957155
2.989579158316633,-0.5153742133526308,-0.4871373205771854,-0.1320876969009313,-0.11787374604124295,-0.11787374604124151,-0.07551303505824664,-0.05274250681013193
2.999198396793587,-0.5151721651062626,-0.4873426725062182,-0.1327295265893723,-0.11791009152440143,-0.11791009152439771,-0.07578029431275982,-0.0531600129747235
3.008817635270541,-0.5149724750360165,-0.4875448359595407,-0.13336335307389863,-0.11794376032576825,-0.11794376032576659,-0.07604510854771845,-0.05357411149445107
3.018436873747495,-0.5147751225809483,-0.48774386026021455,-0.13398924175799717,-0.1179747856461483,-0.11797478564614614,-0.0763075032022075,-0.05398483793836087
3.028056112224449,-0.5145800872151353,-0.4879397939327913,-0.13460725778879,-0.11800320041352502,-0.11800320041352341,-0.07656750330869594,-0.05439222215124084
3.0376753507014027,-0.514387348450932,-0.48813268479471716,-0.13521746604966586,-0.11802903729326378,-0.11802903729326344,-0.07682513349922185,-0.054796309473994054
3.0472945891783567,-0.5141968858422216,-0.48832257983155725,-0.13581993115304755,-0.1180523286980372,-0.11805232869803559,-0.0770804180114841,-0.0551971285637953
3.0569138276553107,-0.5140086789874363,-0.48850952531698355,-0.13641471743333758,-0.11807310679747338,-0.11807310679747188,-0.07733338069483789,-0.05559471310376368
3.0665330661322647,-0.5138227075326325,-0.48869356679346243,-0.13700188893998122,-0.1180914035275814,-0.11809140352758041,-0.0775840450162158,-0.055989096325280485
3.0761523046092183,-0.513638951174418,-0.4888747490842582,-0.13758150943067865,-0.11810725059982785,-0.11810725059982669,-0.07783243406597537,-0.056380311015611806
3.0857715430861723,-0.51345738966276,-0.48905311630507875,-0.1381536423647294,-0.11812067950997965,-0.11812067950997776,-0.07807857056368311,-0.05676838952544483
3.0953907815631263,-0.5132780028037667,-0.4892287118754563,-0.13871835089650797,-0.11813172154662366,-0.11813172154662238,-0.078322476863844,-0.05715336377622893
3.1050100200400803,-0.5131007704623913,-0.4894015785296454,-0.13927569786905472,-0.1181404077993973,-0.11814040779939547,-0.0785641749615699,-0.057535265267340846
3.1146292585170343,-0.5129256725649883,-0.48957175832705524,-0.13982574580779053,-0.11814676916689629,-0.1181467691668954,-0.07880368649820688,-0.057914125082959456
3.124248496993988,-0.5127526891018965,-0.4897392926618497,-0.14036855691435643,-0.11815083636428073,-0.1181508363642799,-0.07904103276692417,-0.058289973898435626
3.133867735470942,-0.512581800129824,-0.48990422227143937,-0.14090419306055182,-0.11815263993056677,-0.11815263993056616,-0.07927623471824247,-0.05866284198586105
3.143486973947896,-0.5124129857743033,-0.49006658724349117,-0.14143271578239744,-0.1181522102355684,-0.11815221023556668,-0.07950931296554861,-0.059032759218257735
3.15310621242485,-0.5122462262319502,-0.4902264270224559,-0.14195418627432185,-0.11814957748653823,-0.11814957748653684,-0.07974028779055828,-0.05939975507184264
3.1627254509018035,-0.5120815017727092,-0.49038378042236963,-0.14246866538342037,-0.1181447717344761,-0.11814477173447527,-0.07996917914874552,-0.0597638586264467
3.1723446893787575,-0.5119187927420575,-0.49053868567235037,-0.14297621360386537,-0.1181378228800859,-0.11813782288008468,-0.0801960066747393,-0.06012509856680073
3.1819639278557115,-0.5117580795630907,-0.490691180539517,-0.1434768910714055,-0.11812876067941624,-0.11812876067941586,-0.08042078968769037,-0.06048350319201182
3.1915831663326655,-0.5115993427385781,-0.4908413024356382,-0.14397075755797856,-0.11811761474915411,-0.11811761474915322,-0.08064354719659211,-0.06083910044192217
3.2012024048096195,-0.5114425628529347,-0.4909890881355975,-0.14445787246643574,-0.11810441457158452,-0.11810441457158291,-0.08086429790557229,-0.061191917935832535
3.210821643286573,-0.5112877205741667,-0.49113457340377187,-0.1449382948253868,-0.11808918949922323,-0.11808918949922173,-0.08108306021915318,-0.061541982996538624
3.220440881763527,-0.5111347966557245,-0.49127779621002193,-0.1454120832841332,-0.11807196875909237,-0.11807196875909182,-0.08129985224745034,-0.06188932323792068
3.230060120240481,-0.5109837719383296,-0.49141878491322954,-0.14587929610776215,-0.11805278145669254,-0.11805278145669182,-0.08151469181136253,-0.06223396439756895
3.239679358717435,-0.5108346273517058,-0.49155757721064364,-0.14633999117231308,-0.11803165657961887,-0.11803165657961792,-0.08172759644768673,-0.06257593308391282
3.2492985971943886,-0.510687343916301,-0.49169420683072085,-0.14679422596010053,-0.11800862300084405,-0.11800862300084339,-0.08193858341420729,-0.06291525524125671
3.2589178356713426,-0.5105419027449544,-0.49182870697584546,-0.14724205755513778,-0.11798370948171402,-0.11798370948171263,-0.08214766969472337,-0.06325195646222026
3.2685370741482966,-0.5103982850444416,-0.4919611103343764,-0.1476835426387054,-0.11795694467457321,-0.11795694467457249,-0.08235487200403735,-0.06358606208372475
3.2781563126252506,-0.5102564721171002,-0.492091449083948,-0.1481187374850241,-0.11792835712511443,-0.11792835712511321,-0.08256020679286233,-0.0639175970687677
3.2877755511022047,-0.5101164453622461,-0.4922197549029821,-0.14854769795712391,-0.11789797527438806,-0.11789797527438672,-0.08276369025271091,-0.0642465860876672
3.297394789579158,-0.509978186277741,-0.49234605897804523,-0.14897047950276981,-0.1178658274605251,-0.11786582746052487,-0.08296533832068037,-0.06457305350634787
3.307014028056112,-0.5098416764612816,-0.4924703920118227,-0.14938713715058644,-0.11783194192015217,-0.11783194192015062,-0.08316516668419024,-0.06489702339157458
3.3166332665330662,-0.5097068976118607,-0.49259278423096675,-0.14979772550632728,-0.11779634678951642,-0.11779634678951403,-0.08336319078565402,-0.06521851951591953
3.3262525050100202,-0.5095738315310379,-0.4927132653938123,-0.1502022987492744,-0.11775907010533224,-0.11775907010533146,-0.08355942582707182,-0.0655375653625529
3.335871743486974,-0.5094424601242457,-0.4928318647979717,-0.1506009106288169,-0.11772013980533261,-0.11772013980533255,-0.08375388677454576,-0.06585418412986502
3.345490981963928,-0.5093127654020051,-0.4929486112878017,-0.15099361446117038,-0.11767958372858017,-0.11767958372857934,-0.08394658836271354,-0.06616839873595307
3.355110220440882,-0.5091847294811431,-0.4930635332616928,-0.1513804631262904,-0.11763742961548479,-0.1176374296154839,-0.08413754509909926,-0.06648023182301202
3.364729458917836,-0.5090583345859445,-0.4931766586793331,-0.15176150906494063,-0.11759370510759842,-0.11759370510759687,-0.08432677126837904,-0.06678970576161863
3.37434869739479,-0.5089335630492327,-0.4932880150687651,-0.15213680427593562,-0.11754843774715046,-0.11754843774714885,-0.08451428093652946,-0.06709684265493196
3.3839679358717434,-0.5088103973135252,-0.4933976295333671,-0.15250640031358081,-0.11750165497635856,-0.11750165497635795,-0.08470008795488454,-0.06740166434281503
3.3935871743486974,-0.5086888199319948,-0.49350552875867204,-0.15287034828528603,-0.11745338413650705,-0.11745338413650444,-0.08488420596400817,-0.06770419240587311
3.4032064128256514,-0.5085688135695084,-0.4936117390191739,-0.15322869884938087,-0.11740365246681975,-0.1174036524668183,-0.08506664839729561,-0.0680044481694127
3.4128256513026054,-0.5084503610035858,-0.4937162861848671,-0.15358150221309863,-0.11735248710313262,-0.11735248710313223,-0.08524742848365532,-0.06830245270733229
3.422444889779559,-0.5083334451253297,-0.4938191957278154,-0.1539288081307195,-0.11729991507636137,-0.1172999150763602,-0.08542655924541684,-0.06859822684592723
3.432064128256513,-0.5082180489403167,-0.4939204927285163,-0.1542706659008828,-0.11724596331078907,-0.11724596331078818,-0.08560405358203207,-0.06889179116763994
3.441683366733467,-0.5081041555694212,-0.4940202018822086,-0.15460712436606988,-0.11719065862219591,-0.11719065862219563,-0.08577992407341606,-0.06918316601472532
3.451302605210421,-0.5079917482496873,-0.49411834750506656,-0.1549382319049699,-0.11713402771580003,-0.1171340277157992,-0.08595418318276035,-0.06947237149282712
3.460921843687375,-0.5078808103350623,-0.4942149535402583,-0.155264036484204,-0.11707609718407258,-0.11707609718407025,-0.08612684313646532,-0.06975942747452749
3.4705410821643286,-0.5077713252971809,-0.49431004356393526,-0.15558458554029772,-0.1170168935043863,-0.11701689350438435,-0.08629791616228127,-0.07004435360279618
3.4801603206412826,-0.5076632767260527,-0.4944036407910899,-0.15589992609056988,-0.11695644303656375,-0.11695644303656347,-0.08646741406279615,-0.07032716929437174
3.4897795591182366,-0.5075566483307496,-0.4944957680813773,-0.15621010468838972,-0.11689477202026574,-0.11689477202026546,-0.08663534858907729,-0.07060789374308735
3.4993987975951906,-0.5074514239400365,-0.49458644794471474,-0.15651516742678506,-0.1168319065723108,-0.1168319065723088,-0.08680173130525498,-0.07088654592313165
3.509018036072144,-0.5073475875030026,-0.4946757025469465,-0.1568151599393944,-0.11676787268384956,-0.11676787268384695,-0.08696657360281301,-0.07116314459222822
3.518637274549098,-0.5072451230896213,-0.4947635537152582,-0.1571101274010555,-0.11670269621749296,-0.11670269621749246,-0.08712988670500216,-0.07143770829478596
3.528256513026052,-0.5071440148912861,-0.49485002294361924,-0.1574001145285566,-0.11663640290432256,-0.11663640290432167,-0.08729168166987453,-0.07171025536493567
3.537875751503006,-0.5070442472213362,-0.49493513139804135,-0.15768516558159176,-0.11656901834084907,-0.11656901834084818,-0.08745196939294411,-0.07198080392956208
3.54749498997996,-0.5069458045154938,-0.4950188999218201,-0.15796532436396082,-0.11650056798590869,-0.11650056798590702,-0.08761076060966538,-0.07224937191123454
3.5571142284569137,-0.506848671332345,-0.49510134904061753,-0.1582406342250066,-0.11643107715749143,-0.11643107715748938,-0.08776806589779657,-0.07251597703110385
3.5667334669338677,-0.506752832353712,-0.4951824989675372,-0.15851113806129838,-0.11636057102954875,-0.11636057102954758,-0.08792389567966499,-0.07278063681173627
3.5763527054108217,-0.5066582723850497,-0.495262369608022,-0.15877687831856746,-0.11628907462874166,-0.11628907462874083,-0.08807826022433876,-0.073043368579876
3.5859719438877757,-0.5065649763557725,-0.495340980564761,-0.15903789699390197,-0.11621661283118401,-0.11621661283118195,-0.08823116964974703,-0.07330418946917741
3.5955911823647293,-0.5064729293195623,-0.49541835114242483,-0.1592942356381599,-0.11614321035914635,-0.1161432103591454,-0.08838263392468387,-0.07356311642287894
3.6052104208416833,-0.5063821164546438,-0.4954945003523664,-0.1595459353586591,-0.11606889177777516,-0.11606889177777382,-0.08853266287076686,-0.07382016619640577
3.6148296593186373,-0.5062925230640385,-0.49556944691726545,-0.15979303682211876,-0.11599368149177891,-0.11599368149177763,-0.08868126616432978,-0.07407535535994741
3.6244488977955913,-0.5062041345757571,-0.4956432092756301,-0.16003558025780903,-0.11591760374214619,-0.11591760374214513,-0.08882845333823802,-0.07432870030097186
3.6340681362725453,-0.5061169365429703,-0.495715805586263,-0.16027360546098351,-0.11584068260285812,-0.11584068260285596,-0.0889742337836564,-0.07458021722669311
3.643687374749499,-0.5060309146442059,-0.495787253732633,-0.16050715179655275,-0.11576294197763079,-0.11576294197762829,-0.08911861675176797,-0.07482992216649959
3.653306613226453,-0.5059460546834009,-0.49585757132719577,-0.1607362582029657,-0.11568440559667134,-0.11568440559667106,-0.08926161135542882,-0.07507783097432
3.662925851703407,-0.5058623425900212,-0.49592677571560373,-0.16096096319635417,-0.11560509701348243,-0.1156050970134796,-0.08940322657078922,-0.07532395933097102
3.672545090180361,-0.5057797644191102,-0.49599488398087677,-0.16118130487491514,-0.11552503960168267,-0.11552503960168112,-0.0895434712388776,-0.07556832274643985
3.6821643286573145,-0.5056983063513031,-0.49606191294747026,-0.16139732092350004,-0.11544425655188831,-0.11544425655188792,-0.08968235406713712,-0.07581093656212698
3.6917835671342685,-0.505617954692841,-0.4961278791853128,-0.16160904861846387,-0.11536277086864022,-0.11536277086863983,-0.08981988363095039,-0.0760518159530632
3.7014028056112225,-0.5055386958755128,-0.49619279901373475,-0.16181652483268977,-0.11528060536737678,-0.1152806053673765,-0.08995606837512132,-0.07629097593007692
3.7110220440881765,-0.5054605164565896,-0.4962566885053421,-0.16201978604087255,-0.11519778267147016,-0.1151977826714691,-0.09009091661534352,-0.07652843134191928
3.7206412825651305,-0.5053834031187475,-0.4963195634905323,-0.16221886832498564,-0.11511432520932272,-0.11511432520932138,-0.09022443653965423,-0.07676419738649859
3.730260521042084,-0.5053073426699431,-0.4963814395584786,-0.16241380737997865,-0.11503025521154689,-0.11503025521154628,-0.09035663620988144,-0.07699828755683302
3.739879759519038,-0.5052323220432355,-0.49644233206493016,-0.16260463851965165,-0.11494559470818297,-0.11494559470818275,-0.09048752356307568,-0.07723071675729876
3.749498997995992,-0.5051583282966321,-0.49650225613308463,-0.16279139668272447,-0.11486036552602663,-0.11486036552602574,-0.09061710641293724,-0.07746149920895751
3.759118236472946,-0.5050853486128801,-0.4965612266578561,-0.16297411643911258,-0.11477458928601425,-0.11477458928601336,-0.09074539245126503,-0.07769064898092029
3.7687374749498996,-0.5050133702992288,-0.4966192583093241,-0.16315283199635686,-0.11468828740068945,-0.11468828740068918,-0.09087238924938909,-0.07791817999225611
3.7783567134268536,-0.5049423807871773,-0.4966763655362118,-0.16332757720624502,-0.1146014810717621,-0.11460148107176127,-0.09099810425962493,-0.07814410601390215
3.7879759519038076,-0.5048723676321779,-0.4967325625692429,-0.16349838557159224,-0.11451419128775359,-0.1145141912877527,-0.09112254481675325,-0.07836844067050727
3.7975951903807617,-0.5048033185133336,-0.49678786342446046,-0.16366529025315765,-0.11442643882172074,-0.11442643882171885,-0.09124571813949073,-0.07859119744229198
3.8072144288577157,-0.5047352212330589,-0.49684228190650537,-0.16382832407675288,-0.11433824422908187,-0.11433824422908048,-0.09136763133202216,-0.07881238966683946
3.8168336673346692,-0.5046680637167461,-0.4968958316118123,-0.16398751954044097,-0.11424962784552392,-0.11424962784552259,-0.09148829138551559,-0.07903203054088587
3.8264529058116232,-0.5046018340123176,-0.4969485259317712,-0.16414290882189783,-0.11416060978502138,-0.1141606097850201,-0.09160770517970443,-0.07925013312208715
3.8360721442885772,-0.5045365202899221,-0.4970003780558368,-0.16429452378589499,-0.11407120993792869,-0.11407120993792719,-0.0917258794844859,-0.07946671033073033
3.8456913827655312,-0.5044721108414072,-0.49705140097455347,-0.16444239599186414,-0.11398144796918772,-0.11398144796918577,-0.09184282096154486,-0.07968177495146161
3.855310621242485,-0.504408594079933,-0.4971016074825887,-0.16458655670161662,-0.11389134331662118,-0.11389134331662029,-0.09195853616604324,-0.0798953396349662
3.864929859719439,-0.5043459585394668,-0.49715101018165253,-0.16472703688709772,-0.11380091518933944,-0.11380091518933838,-0.09207303154832236,-0.08010741689962997
3.874549098196393,-0.5042841928743096,-0.4971996214834061,-0.16486386723827595,-0.11371018256621962,-0.11371018256621857,-0.09218631345567474,-0.08031801913319239
3.884168336673347,-0.5042232858585861,-0.49724745361234657,-0.16499707817106476,-0.11361916419451262,-0.11361916419451204,-0.09229838813412902,-0.08052715859435927
3.8937875751503004,-0.5041632263856992,-0.4972945186085635,-0.16512669983534345,-0.11352787858853741,-0.11352787858853697,-0.09240926173032174,-0.08073484741441345
3.9034068136272544,-0.5041040034677892,-0.49734082833052995,-0.16525276212300571,-0.1134363440284687,-0.11343634402846728,-0.09251894029338198,-0.08094109759879425
3.9130260521042084,-0.5040456062351729,-0.4973863944578055,-0.16537529467605905,-0.11334457855923283,-0.11334457855923269,-0.0926274297768879,-0.08114592102866877
3.9226452905811624,-0.503988023935718,-0.49743122849371285,-0.16549432689476568,-0.11325259998950937,-0.11325259998950865,-0.09273473604086471,-0.08134932946247703
3.9322645290581164,-0.5039312459342922,-0.49747534176795594,-0.16560988794579348,-0.11316042589080677,-0.11316042589080533,-0.09284086485384074,-0.08155133453747165
3.94188376753507,-0.5038752617121199,-0.49751874543923813,-0.165722006770384,-0.11306807359666052,-0.11306807359666005,-0.09294582189495307,-0.08175194777121894
3.951503006012024,-0.5038200608661385,-0.4975614504977607,-0.16583071209252623,-0.11297556020192837,-0.11297556020192692,-0.09304961275610268,-0.08195118056311307
3.961122244488978,-0.5037656331083483,-0.4976034677677388,-0.16593603242711666,-0.11288290256216099,-0.11288290256215969,-0.09315224294417007,-0.08214904419585106
3.970741482965932,-0.5037119682651572,-0.4976448079098877,-0.16603799608809583,-0.11279011729308816,-0.11279011729308636,-0.09325371788327735,-0.0823455498369157
3.9803607214428856,-0.503659056276712,-0.4976854814238378,-0.16613663119656552,-0.11269722077019054,-0.11269722077018993,-0.09335404291710703,-0.08254070854000989
3.9899799599198396,-0.5036068871961472,-0.49772549865050236,-0.16623196568886273,-0.1126042291283765,-0.11260422912837478,-0.09345322331127381,-0.08273453124651617
3.9995991983967936,-0.5035554511889541,-0.4977648697744541,-0.16632402732457474,-0.11251115826172917,-0.11251115826172817,-0.09355126425574192,-0.08292702878691938
4.009218436873748,-0.5035047385322091,-0.4978036048262013,-0.16641284369451165,-0.11241802382337121,-0.11241802382337016,-0.09364817086730168,-0.0831182118822208
4.018837675350701,-0.5034547396138492,-0.49784171368452323,-0.16649844222858406,-0.1123248412254016,-0.11232484122539993,-0.09374394819208098,-0.0833080911453383
4.028456913827655,-0.5034054449319698,-0.4978792060786461,-0.1665808502036305,-0.11223162563891934,-0.11223162563891759,-0.09383860120813042,-0.08349667708249994
4.038076152304609,-0.5033568450939976,-0.49791609159049244,-0.16666009475112056,-0.11213839199415435,-0.11213839199415299,-0.09393213482801557,-0.0836839800946203
4.047695390781563,-0.5033089308160159,-0.4979523796568562,-0.16673620286478963,-0.11204515498065651,-0.11204515498065579,-0.09402455390149272,-0.08387001047866646
4.057314629258517,-0.5032616929219058,-0.49798807957150637,-0.16680920140815306,-0.1119519290475893,-0.11195192904758841,-0.09411586321820847,-0.08405477842900774
4.066933867735471,-0.5032151223426142,-0.49802320048732873,-0.16687911712189218,-0.11185872840409436,-0.11185872840409322,-0.09420606751043373,-0.0842382940387634
4.076553106212424,-0.5031692101153742,-0.4980577514184004,-0.1669459766311276,-0.11176556701973916,-0.1117655670197377,-0.09429517145584912,-0.08442056730113598
4.086172344689379,-0.5031239473828426,-0.49809174124202366,-0.16700980645255292,-0.1116724586250418,-0.11167245862504141,-0.09438317968036,-0.0846016081107209
4.095791583166332,-0.5030793253923813,-0.49812517870074374,-0.16707063300141356,-0.11157941671208399,-0.11157941671208119,-0.09447009676094392,-0.0847814262648246
4.105410821643287,-0.503035335495153,-0.4981580724043375,-0.16712848259835958,-0.11148645453516687,-0.11148645453516548,-0.0945559272285279,-0.08496003146475845
4.11503006012024,-0.5029919691453848,-0.4981904308317605,-0.1671833814761015,-0.11139358511159225,-0.11139358511159159,-0.09464067557090045,-0.08513743331712509
4.124649298597194,-0.502949217899484,-0.49822226233310607,-0.16723535578593446,-0.11130082122245621,-0.11130082122245422,-0.09472434623563739,-0.08531364133510183
4.134268537074148,-0.502907073415205,-0.49825357513143825,-0.16728443160405448,-0.11120817541355146,-0.11120817541355094,-0.09480694363304903,-0.08548866493969251
4.143887775551102,-0.502865527450869,-0.4982843773247271,-0.16733063493772068,-0.11111565999632969,-0.11111565999632864,-0.09488847213916674,-0.08566251346099293
4.153507014028055,-0.5028245718644658,-0.4983146768876736,-0.16737399173121517,-0.11102328704891307,-0.11102328704891251,-0.09496893609871421,-0.0858351961394315
4.16312625250501,-0.5027841986128331,-0.49834448167351886,-0.16741452787159422,-0.110931068417195,-0.11093106841719297,-0.09504833982811597,-0.08600672212700328
4.1727454909819635,-0.5027443997507903,-0.49837379941583027,-0.1674522691942654,-0.11083901571597826,-0.11083901571597754,-0.09512668761849741,-0.08617710048848784
4.182364729458918,-0.502705167430316,-0.4984026377302853,-0.16748724148833938,-0.11074714033018138,-0.1107471403301803,-0.09520398373870445,-0.08634634020267104
4.1919839679358715,-0.5026664938996499,-0.4984310041163915,-0.16751947050177304,-0.11065545341611027,-0.11065545341610947,-0.09528023243831163,-0.08651445016353307
4.201603206412826,-0.502628371502472,-0.4984589059592325,-0.16754898194629264,-0.11056396590277603,-0.11056396590277379,-0.09535543795063883,-0.0866814391814413
4.2112224448897795,-0.5025907926770156,-0.4984863505311108,-0.1675758015021011,-0.1104726884932663,-0.11047268849326472,-0.0954296044957611,-0.08684731598434131
4.220841683366733,-0.5025537499552188,-0.4985133449932737,-0.16759995482235351,-0.11038163166617274,-0.11038163166617143,-0.09550273628350806,-0.08701208921890255
4.2304609218436875,-0.5025172359618452,-0.4985398963974955,-0.16762146753740165,-0.1102908056770728,-0.11029080567707175,-0.09557483751644918,-0.0871757674516978
4.240080160320641,-0.5024812434136396,-0.4985660116877504,-0.167640365258809,-0.11020022056004446,-0.1102002205600426,-0.09564591239287347,-0.08733835917032827
4.2496993987975955,-0.5024457651184415,-0.4985916977017816,-0.16765667358312925,-0.11010988612924041,-0.11010988612923972,-0.09571596510974215,-0.08749987278457114
4.259318637274549,-0.5024107939743266,-0.49861696117268445,-0.16767041809543248,-0.11001981198050247,-0.11001981198050202,-0.09578499986561949,-0.08766031662749023
4.268937875751503,-0.5023763229687432,-0.49864180873045033,-0.16768162437261347,-0.10993000749301768,-0.1099300074930171,-0.09585302086358638,-0.08781969895656089
4.278557114228457,-0.5023423451776269,-0.49866624690350336,-0.16769031798643097,-0.10984048183101462,-0.10984048183101376,-0.09592003231411438,-0.08797802795475677
4.288176352705411,-0.5023088537645647,-0.4986902821202336,-0.16769652450631484,-0.10975124394549801,-0.10975124394549676,-0.09598603843791531,-0.08813531173164146
4.297795591182365,-0.5022758419798973,-0.4987139207104477,-0.16770026950193134,-0.1096623025760257,-0.10966230257602454,-0.09605104346875988,-0.08829155832443779
4.307414829659319,-0.5022433031598796,-0.49873716890686093,-0.1677015785454811,-0.10957366625251322,-0.10957366625251283,-0.09611505165624398,-0.08844677569910728
4.317034068136272,-0.5022112307257949,-0.49876003284651754,-0.16770047721377612,-0.10948534329707334,-0.109485343297073,-0.096178067268529,-0.08860097175138405
4.326653306613227,-0.502179618183096,-0.49878251857227607,-0.16769699109004801,-0.10939734182589292,-0.10939734182589167,-0.09624009459502825,-0.0887541543078165
4.33627254509018,-0.5021484591205871,-0.49880463203413666,-0.16769114576551875,-0.10930966975114274,-0.10930966975114058,-0.09630113794904836,-0.08890633112680361
4.345891783567135,-0.5021177472094832,-0.49882637909071825,-0.16768296684071698,-0.10922233478288919,-0.10922233478288908,-0.09636120167038927,-0.08905750989960172
4.355511022044088,-0.5020874762026393,-0.4988477655105408,-0.16767247992656065,-0.10913534443107785,-0.10913534443107757,-0.09642029012787197,-0.08920769825132295
4.365130260521042,-0.5020576399336343,-0.49886879697343955,-0.16765971064519958,-0.10904870600750104,-0.1090487060075007,-0.09647840772183917,-0.08935690374193238
4.374749498997996,-0.5020282323159476,-0.498889479071862,-0.16764468463057278,-0.10896242662781072,-0.10896242662780964,-0.09653555888656429,-0.08950513386722331
4.38436873747495,-0.5019992473421238,-0.49890981731218786,-0.167627427528796,-0.10887651321354817,-0.10887651321354565,-0.09659174809263661,-0.08965239605977425
4.393987975951903,-0.5019706790829064,-0.4989298171160445,-0.1676079649982578,-0.10879097249419377,-0.10879097249419258,-0.09664697984924918,-0.08979869768990613
4.403607214428858,-0.5019425216863833,-0.4989494838215446,-0.16758632270949161,-0.10870581100924298,-0.10870581100924159,-0.09670125870644922,-0.08994404606662604
4.413226452905811,-0.5019147693771835,-0.49896882268456433,-0.16756252634484417,-0.10862103511028776,-0.10862103511028709,-0.09675458925730557,-0.09008844843853986
4.422845691382766,-0.5018874164556272,-0.4989878388800025,-0.16753660159787692,-0.10853665096312155,-0.10853665096312097,-0.09680697614001423,-0.09023191199477874
4.432464929859719,-0.5018604572969009,-0.4990065375029644,-0.1675085741725642,-0.10845266454986091,-0.10845266454986033,-0.09685842403992437,-0.09037444386589613
4.442084168336673,-0.5018338863501974,-0.49902492357000683,-0.16747846978228215,-0.10836908167107928,-0.10836908167107875,-0.09690893769150857,-0.0905160511247407
4.451703406813627,-0.5018076981379562,-0.4990430020202836,-0.16744631414855832,-0.10828590794794678,-0.10828590794794594,-0.09695852188023725,-0.09065674078736642
4.461322645290581,-0.501781887254993,-0.49906077771678486,-0.16741213299962077,-0.10820314882439634,-0.10820314882439534,-0.0970071814443917,-0.09079651981385635
4.470941883767535,-0.5017564483677026,-0.4990782554474149,-0.16737595206875733,-0.10812080956928138,-0.10812080956928086,-0.09705492127680587,-0.09093539510920234
4.480561122244489,-0.5017313762132549,-0.49909543992619,-0.1673377970924398,-0.1080388952785591,-0.10803889527855813,-0.09710174632649589,-0.09107337352412657
4.4901803607214426,-0.501706665598793,-0.49911233579432607,-0.16729769380828835,-0.1079574108774623,-0.1079574108774618,-0.09714766160025592,-0.09121046185591558
4.499799599198397,-0.501682311400628,-0.49912894762138305,-0.1672556679528311,-0.10787636112270399,-0.10787636112270368,-0.09719267216413907,-0.09134666684923154
4.509418837675351,-0.5016583085634337,-0.49914527990631663,-0.1672117452590687,-0.10779575060465638,-0.10779575060465516,-0.09723678314486675,-0.09148199519691039
4.519038076152305,-0.5016346520994862,-0.4991613370785794,-0.16716595145387741,-0.10771558374955618,-0.10771558374955577,-0.0972799997311536,-0.09161645354076615
4.528657314629259,-0.501611337087859,-0.49917712349918797,-0.16711831225525725,-0.10763586482170885,-0.10763586482170844,-0.0973223271749634,-0.0917500484723447
4.538276553106212,-0.5015883586736383,-0.49919264346172343,-0.16706885336936647,-0.10755659792569139,-0.10755659792569114,-0.09736377079264738,-0.0918827865337161
4.547895791583167,-0.5015657120671853,-0.4992079011934343,-0.16701760048743858,-0.1074777870085524,-0.1074777870085509,-0.09740433596602965,-0.09201467421820927
4.55751503006012,-0.501543392543309,-0.4992229008561841,-0.16696457928254893,-0.10739943586201722,-0.10739943586201584,-0.09744402814339995,-0.09214571797117746
4.567134268537074,-0.5015213954405761,-0.49923764654750397,-0.1669098154062031,-0.10732154812470278,-0.10732154812470256,-0.09748285284040047,-0.09227592419071225
4.576753507014028,-0.5014997161604953,-0.499252142301547,-0.16685333448482947,-0.10724412728430563,-0.10724412728430499,-0.09752081564085924,-0.09240529922837998
4.586372745490982,-0.5014783501667955,-0.49926639209004625,-0.16679516211611178,-0.10716717667981267,-0.10716717667981161,-0.09755792219751012,-0.09253384938992675
4.595991983967936,-0.5014572929846703,-0.4992803998233395,-0.1667353238652077,-0.10709069950368622,-0.10709069950368472,-0.09759417823264216,-0.09266158093598947
4.60561122244489,-0.5014365402000601,-0.4992941693512466,-0.16667384526086593,-0.1070146988040705,-0.10701469880406939,-0.09762958953866038,-0.09278850008278214
4.615230460921843,-0.5014160874588854,-0.49930770446402345,-0.16661075179140572,-0.10693917748696692,-0.1069391774869662,-0.09766416197855489,-0.09291461300278507
4.624849699398798,-0.5013959304663342,-0.49932100889329617,-0.16654606890063117,-0.1068641383184182,-0.1068641383184171,-0.09769790148629878,-0.0930399258254209
4.634468937875751,-0.5013760649861567,-0.49933408631291865,-0.16647982198361777,-0.1067895839266858,-0.10678958392668458,-0.09773081406714146,-0.09316444463771187
4.644088176352706,-0.5013564868399476,-0.49934694033991367,-0.16641203638245053,-0.1067155168044158,-0.10671551680441516,-0.09776290579783359,-0.09328817548495277
4.653707414829659,-0.5013371919063884,-0.4993595745353141,-0.16634273738184416,-0.10664193931079449,-0.10664193931079322,-0.09779418282676128,-0.0934111243713486
4.663326653306613,-0.5013181761206191,-0.49937199240504326,-0.166271950204727,-0.10656885367370314,-0.10656885367370275,-0.09782465137398919,-0.09353329726066764
4.672945891783567,-0.5012994354734868,-0.4993841974007628,-0.1661997000077441,-0.10649626199185802,-0.10649626199185785,-0.09785431773123124,-0.0936547000768721
4.682565130260521,-0.5012809660108924,-0.4993961929207074,-0.1661260118767096,-0.10642416623694038,-0.10642416623693952,-0.0978831882617348,-0.09377533870474723
4.692184368737475,-0.5012627638330647,-0.499407982310494,-0.16605091082200293,-0.10635256825572018,-0.10635256825571973,-0.09791126940007072,-0.09389521899052797
4.701803607214429,-0.5012448250939276,-0.499419568863982,-0.1659744217739413,-0.10628146977216443,-0.10628146977216174,-0.09793856765187162,-0.09401434674251738
4.7114228456913825,-0.501227146000385,-0.49943095582400265,-0.16589656957809965,-0.10621087238952967,-0.1062108723895284,-0.09796508959346861,-0.09413272773169404
4.721042084168337,-0.5012097228117105,-0.4994421463832334,-0.16581737899062188,-0.10614077759245867,-0.10614077759245753,-0.09799084187146494,-0.09425036769232771
4.7306613226452905,-0.5011925518388348,-0.4994531436848788,-0.1657368746734928,-0.10607118674904585,-0.10607118674904532,-0.09801583120222772,-0.09436727232257537
4.740280561122244,-0.5011756294437048,-0.4994639508235156,-0.1656550811898226,-0.10600210111290048,-0.10600210111289846,-0.09804006437131221,-0.0944834472850859
4.7498997995991985,-0.5011589520386746,-0.49947457084582414,-0.16557202299911478,-0.10593352182518877,-0.10593352182518846,-0.09806354823280718,-0.09459889820759367
4.759519038076152,-0.5011425160858236,-0.4994850067512753,-0.16548772445253096,-0.10586544991667597,-0.10586544991667542,-0.09808628970860715,-0.09471363068351875
4.7691382765531065,-0.5011263180963373,-0.49949526149294377,-0.1654022097881866,-0.10579788630973105,-0.10579788630973055,-0.09810829578761468,-0.09482765027254819
4.77875751503006,-0.5011103546298754,-0.4995053379781659,-0.16531550312643423,-0.10573083182034392,-0.10573083182034283,-0.0981295735248706,-0.09494096250123714
4.788376753507014,-0.5010946222939691,-0.49951523906927564,-0.16522762846519573,-0.10566428716010275,-0.10566428716010152,-0.0981501300406228,-0.09505357286359196
4.797995991983968,-0.5010791177433954,-0.49952496758429754,-0.16513860967529717,-0.10559825293817121,-0.10559825293817068,-0.09816997251931076,-0.09516548682165579
4.807615230460922,-0.5010638376795578,-0.49953452629761436,-0.1650484704958738,-0.10553272966324327,-0.10553272966324277,-0.09818910820851422,-0.09527670980610252
4.817234468937876,-0.5010487788498988,-0.4995439179406725,-0.16495723452977756,-0.10546771774548803,-0.10546771774548767,-0.09820754441780426,-0.09538724721682766
4.82685370741483,-0.5010339380473015,-0.4995531452026082,-0.1648649252390546,-0.10540321749846397,-0.1054032174984632,-0.09822528851756741,-0.09549710442353097
4.836472945891783,-0.5010193121095055,-0.49956221073094276,-0.16477156594047634,-0.10533922914103513,-0.10533922914103441,-0.09824234793773992,-0.09560628676631414
4.846092184368738,-0.5010048979184957,-0.4995711171322026,-0.16467717980110363,-0.10527575279925402,-0.1052757527992538,-0.09825873016650441,-0.09571479955626336
4.855711422845691,-0.5009906923999793,-0.49957986697254264,-0.16458178983395388,-0.10521278850824466,-0.10521278850824377,-0.09827444274893134,-0.09582264807606818
4.865330661322646,-0.5009766925227709,-0.499588462778396,-0.16448541889369261,-0.10515033621403867,-0.10515033621403778,-0.09828949328554458,-0.09592983758060032
4.874949899799599,-0.5009628952982308,-0.49959690703708437,-0.16438808971577173,-0.1050883957754316,-0.1050883957754311,-0.09830388942058556,-0.09603637329752561
4.884569138276553,-0.500949297779741,-0.49960520219738613,-0.16428982474386944,-0.10502696696579132,-0.10502696696579096,-0.09831763888096277,-0.0961422604279082
4.894188376753507,-0.5009358970621194,-0.4996133506701956,-0.16419064637209685,-0.10496604947486171,-0.1049660494748611,-0.0983307494149657,-0.09624750414683855
4.903807615230461,-0.5009226902810789,-0.499621354829036,-0.16409057678068795,-0.10490564291053991,-0.10490564291053953,-0.09834322882976052,-0.09635210960402438
4.913426853707414,-0.5009096746127164,-0.49962921701068885,-0.16398963797135907,-0.10484574680065063,-0.10484574680065036,-0.09835508498014216,-0.09645608192444054
4.923046092184369,-0.5008968472729438,-0.49963693951574195,-0.1638878517635374,-0.10478636059468155,-0.10478636059468147,-0.09836632576682103,-0.0965594262089598
4.932665330661322,-0.5008842055169642,-0.4996445246091352,-0.16378523979068185,-0.10472748366551404,-0.1047274836655134,-0.09837695913469419,-0.0966621475349666
4.942284569138277,-0.5008717466387893,-0.49965197452074916,-0.16368182349672822,-0.10466911531112778,-0.10466911531112612,-0.09838699307104991,-0.09676425095703066
4.95190380761523,-0.500859467970695,-0.49965929144587945,-0.1635776241326216,-0.10461125475629203,-0.10461125475629178,-0.09839643560376561,-0.09686574150755071
4.961523046092184,-0.5008473668826843,-0.4996664775458393,-0.16347266275297134,-0.1045539011542285,-0.10455390115422833,-0.09840529479944846,-0.09696662419741431
4.971142284569138,-0.500835440782053,-0.4996735349484401,-0.16336696021280656,-0.1044970535882729,-0.1044970535882725,-0.09841357876155672,-0.09706690401667432
4.980761523046092,-0.5008236871128323,-0.49968046574850916,-0.16326053716445466,-0.10444071107349147,-0.10444071107348922,-0.0984212956284889,-0.09716658593523532
4.990380761523046,-0.5008121033553208,-0.49968727200840934,-0.1631534140545417,-0.10438487255829823,-0.10438487255829687,-0.09842845357164465,-0.09726567490354013
5.0,-0.5008006870256083,-0.4996939557585198,-0.16304561112109556,-0.10432953692604875,-0.10432953692604814,-0.09843506079345028,-0.09736417585327554
