R_angstrom,E_root_0,E_root_1,E_root_2
0.2,0.8313503983487855,2.136329113571982,2.1513810788052186,2.151381078805231,2.170194690708172
0.2241206030150754,0.5767968130639538,1.8490975027633154,1.8676965378912098,1.8676965378912314,1.8895517624343277
0.24824120603015076,0.37735929207665464,1.6169291190817565,1.6394481193720418,1.6394481193720463,1.6642704056717492
0.2723618090452261,0.21814655713424247,1.425127128804537,1.4519273630665768,1.451927363066578,1.4796222219511548
0.2964824120603015,0.08911479829928282,1.2637592502481447,1.2952102716230347,1.2952102716230403,1.3256710898553914
0.3206030150753769,-0.01675198172404424,1.1258976995533883,1.162357596658375,1.1623575966583903,1.1954709182420529
0.34472361809045227,-0.10450140003637887,1.0065692644187627,1.0483707052458853,1.04837070524589,1.0840194675744563
0.3688442211055276,-0.17785623840523157,0.9021008498176176,0.9495571374081901,0.9495571374081921,0.987622724492052
0.392964824120603,-0.23962012071925276,0.8097245978664456,0.8631298202627009,0.8631298202627039,0.9034935139269324
0.4170854271356784,-0.29194211282281524,0.7273183683918922,0.78694535113392,0.7869453511339239,0.8294894721843342
0.44120603015075377,-0.3364947290156399,0.6532299791851619,0.7193281313796505,0.7193281313796531,0.7639369548855113
0.4653266331658292,-0.3745969831691376,0.5861558144372927,0.6589491993847258,0.6589491993847316,0.7055096663945863
0.4894472361809045,-0.40730143718242595,0.5250552231993884,0.6047408907262953,0.6047408907263088,0.6531431253293682
0.5135678391959799,-0.4354569700351596,0.4690888497231983,0.5558355441258482,0.5558355441258526,0.6059732006220537
0.5376884422110553,-0.4597547636766256,0.4175731956424562,0.5115207007639713,0.5115207007639726,0.563291172894228
0.5618090452261306,-0.4807624591337899,0.3699466297442058,0.4712058399080495,0.4712058399080522,0.5245103715029771
0.585929648241206,-0.49894985136967185,0.3257439227145694,0.43439732423632726,0.4343973242363288,0.48914105387445067
0.6100502512562813,-0.5147084622712054,0.2845770213829788,0.40067928794651614,0.4006792879465222,0.45677124733669555
0.6341708542713568,-0.52836663675036,0.24612015465975368,0.3696988787284363,0.3696988787284444,0.4270519653955096
0.6582914572864322,-0.5402013262950703,0.2100980629509791,0.34115474377679805,0.3411547437767989,0.39968566676715167
0.6824120603015076,-0.5504473884694018,0.17627661122298766,0.31478794976640223,0.3147879497664031,0.3744171746990545
0.7065326633165829,-0.5593049962662446,0.14445528418065434,0.2903747627857889,0.29037476278579083,0.35102644001281225
0.7306532663316583,-0.5669455873603678,0.11446114861393863,0.26772085341202895,0.2677208534120363,0.32932274002911405
0.7547738693467336,-0.573516668250201,0.08614405683616244,0.24665661061149785,0.24665661061150257,0.3091399798390274
0.778894472361809,-0.579145707909896,0.05937273518976616,0.22703332424159545,0.2270333242415994,0.29033285656430846
0.8030150753768843,-0.5839433014060523,0.034031648887199006,0.20872005494174156,0.20872005494174278,0.27277371017812946
0.8271356783919597,-0.5880057487655995,0.010018451943988427,0.19160105085895013,0.19160105085895535,0.25634992219154307
0.8512562814070352,-0.5914171696078175,-0.012758090873511985,0.17557360437321257,0.1755736043732144,0.24096176668048125
0.8753768844221106,-0.5942512521728117,-0.03437980350255987,0.16054626352000662,0.160546263520008,0.22652062350251712
0.8994974874371859,-0.5965727138289016,-0.05492049286800271,0.1464373322483833,0.14643733224838457,0.2129474858426602
0.9236180904522613,-0.5984385308011809,-0.0744470961720819,0.13317360578454324,0.1331736057845463,0.20017170451411204
0.9477386934673366,-0.5998989799417386,-0.09302062763247809,0.12068929936099226,0.12068929936099648,0.1881299239976454
0.971859296482412,-0.6009985251151232,-0.11069696200205759,0.10892513611111787,0.10892513611111931,0.17676517547790893
0.9959798994974873,-0.6017765738932035,-0.12752748506484912,0.09782756684985994,0.09782756684986182,0.16602610000456636
1.0201005025125627,-0.602268125382933,-0.14355963564478502,0.08734809968606883,0.08734809968607049,0.15586628060769914
1.0442211055276382,-0.6025043262643961,-0.1588373591242478,0.077442721634356,0.07744272163436,0.14624366631259933
1.0683417085427136,-0.6025129491204373,-0.17340148454236126,0.06807139760457648,0.06807139760457986,0.1371200740571683
1.092462311557789,-0.6023188047183874,-0.18729006518356772,0.05919763554178348,0.059197635541785754,0.12846075687518255
1.1165829145728643,-0.6019440979667898,-0.2005386235728434,0.050788104364872355,0.05078810436487602,0.12023402858825954
1.1407035175879396,-0.6014087357238099,-0.21318040756664558,0.04281230577874545,0.042812305778746396,0.11241093799829971
1.164824120603015,-0.6007305933902625,-0.2252465870763678,0.035242280046185626,0.03524228004618629,0.10496497795264287
1.1889447236180903,-0.5999257462061192,-0.23676642991395713,0.02805235066311168,0.028052350663112346,0.09787184351572187
1.2130653266331657,-0.5990086703221449,-0.2477674555587585,0.021218898474903103,0.02121889847490377,0.09110920562178743
1.237185929648241,-0.5979924179981678,-0.2582755706062507,0.014720162013751037,0.014720162013752536,0.08465651900182491
1.2613065326633166,-0.5968887706578844,-0.26831518896745465,0.00853606058981976,0.008536060589823702,0.07849485063810024
1.285427135678392,-0.5957083729891836,-0.2779093393120058,0.002648037178141216,0.0026480371781424372,0.07260672746849828
1.3095477386934673,-0.5944608508089964,-0.2870797570560649,-0.002961081429857959,-0.002961081429857293,0.06697600067763676
1.3336683417085426,-0.5931549150033844,-0.29584699131804804,-0.00830720938153462,-0.008307209381532399,0.06158772432708243
1.357788944723618,-0.5917984535001239,-0.3042304543979146,-0.013405113292148274,-0.013405113292147663,0.056428046427307144
1.3819095477386933,-0.5903986129302659,-0.31224851539171067,-0.018268512157593064,-0.0182685121575914,0.05148411085049759
1.4060301507537687,-0.588961871371843,-0.3199185612949074,-0.02291016704138138,-0.022910167041379936,0.04674396874692077
1.430150753768844,-0.5874941033500367,-0.3272570581266278,-0.02734196174019421,-0.027341961740191656,0.04219649836273065
1.4542713567839194,-0.5860006380753372,-0.3342796071676163,-0.03157497547310584,-0.031574975473104394,0.03783133236319064
1.478391959798995,-0.5844863117394311,-0.34100099682124574,-0.03561954850332283,-0.035619548503321996,0.03363879195873537
1.5025125628140703,-0.5829555145507541,-0.34743525055216734,-0.03948534148449373,-0.0394853414844929,0.029609827295541902
1.5266331658291457,-0.5814122330755502,-0.353595671308588,-0.043181389223228395,-0.04318138922322756,0.025735963653440164
1.550753768844221,-0.5798600883567453,-0.35949488278985026,-0.04671614946299152,-0.04671614946299035,0.02200925303075202
1.5748743718592964,-0.5783023702072234,-0.3651448678777134,-0.05009754722010573,-0.05009754722010551,0.01842223070655369
1.5989949748743717,-0.5767420680210973,-0.37055700451128515,-0.053333015138152084,-0.053333015138151585,0.014967876318021767
1.623115577889447,-0.5751818984074009,-0.3757420992491393,-0.056429530271610795,-0.05642953027160963,0.011639581396124865
1.6472361809045226,-0.5736243299288296,-0.38071041872978395,-0.05939364766136046,-0.05939364766135924,0.008431114716669685
1.671356783919598,-0.5720716052158694,-0.3854717192137765,-0.06223153102298923,-0.06223153102298662,0.005336597384579589
1.6954773869346733,-0.5705257607209462,-0.390035274365217,-0.06494898083252854,-0.06494898083252387,0.002350478084842622
1.7195979899497487,-0.5689886443725162,-0.39440990140945686,-0.06755146006264595,-0.06755146006264534,-0.0005324906672330432
1.743718592964824,-0.5674619313822478,-0.398603985785051,-0.07004411779469522,-0.070044117794694,-0.0033172742486094475
1.7678391959798994,-0.5659471384445782,-0.40262550439231604,-0.07243181090761219,-0.07243181090760853,-0.006008577373025625
1.7919597989949747,-0.5644456365485988,-0.4064820475273884,-0.07471912402362563,-0.07471912402362474,-0.008610867710136139
1.81608040201005,-0.5629586625959011,-0.4101808395796264,-0.07691038787155413,-0.07691038787155324,-0.011128392703605716
1.8402010050251254,-0.5614873299884031,-0.41372875856105495,-0.07900969621212128,-0.07900969621212,-0.013565216713392614
1.864321608040201,-0.5600326383193397,-0.4171323545292664,-0.08102092145484191,-0.08102092145484113,-0.01592524576082116
1.8884422110552763,-0.5585954822722563,-0.4203978669598088,-0.08294772908289944,-0.08294772908289677,-0.018212269818835225
1.9125628140703517,-0.5571766598079401,-0.4235312411201747,-0.08479359099086026,-0.08479359099085865,-0.020430017803914624
1.936683417085427,-0.55577687970128,-0.42653814349522956,-0.08656179782967305,-0.08656179782967144,-0.022582237593970156
1.9608040201005024,-0.5543967684759948,-0.42942397631210805,-0.08825547044401277,-0.08825547044401216,-0.02467282093421902
1.9849246231155777,-0.5530368767782592,-0.4321938912123587,-0.08987757047890149,-0.08987757047890094,-0.026706012736791795
2.0090452261306533,-0.5516976852258821,-0.4348528021189062,-0.0914309102249537,-0.09143091022495148,-0.028686788335738844
2.033165829145729,-0.5503796097681546,-0.4374053973451562,-0.09291816176499623,-0.09291816176499545,-0.030621588676196243
2.057286432160804,-0.5490830065924717,-0.43985615099373526,-0.09434186547887158,-0.0943418654788678,-0.03251988351619656
2.0814070351758795,-0.5478081766131028,-0.442209333691564,-0.09570443795769656,-0.09570443795769423,-0.03439784298134074
2.1055276381909547,-0.5465553695785944,-0.44446902270705235,-0.09700817937420914,-0.09700817937420708,-0.036287946726437814
2.1296482412060302,-0.5453247878330739,-0.4466391114934314,-0.09825528035130077,-0.09825528035129921,-0.0382661614695175
2.1537688442211054,-0.5441165897656912,-0.4487233187000363,-0.09944782836700783,-0.09944782836700589,-0.04051600792939469
2.177889447236181,-0.5429308929803125,-0.4507251966911654,-0.10058781373072359,-0.10058781373072115,-0.04330899429782234
2.2020100502512565,-0.5417677772151225,-0.4526481396055272,-0.10167713516214846,-0.10167713516214591,-0.04117382981376452
2.2261306532663316,-0.5406272870385846,-0.4544953910009881,-0.10271760500180585,-0.10271760500180407,-0.05014462460183297
2.250251256281407,-0.5395094343458019,-0.4562700514240675,-0.10371095407926939,-0.10371095407926711,-0.053720693679401466
2.2743718592964823,-0.5384142006759398,-0.45797508360831135,-0.10465883626321376,-0.1046588362632111,-0.057273830940535786
2.298492462311558,-0.5373415393687098,-0.4596133226141426,-0.10556283271524058,-0.10556283271524008,-0.060775949949608055
2.3226130653266335,-0.5362913775759734,-0.46118747758162176,-0.10642445586791194,-0.10642445586791077,-0.06421463015985657
2.3467336683417086,-0.5352636181416282,-0.462700141006685,-0.1072451531457867,-0.10724515314578414,-0.06758397221090212
2.370854271356784,-0.5342581413617598,-0.46415379262572337,-0.1080263104470836,-0.10802631044708311,-0.07088110946902015
2.3949748743718593,-0.5332748066353417,-0.46555080580255026,-0.10876925540254945,-0.10876925540254845,-0.07410482144806602
2.419095477386935,-0.532313454014193,-0.4668934495054893,-0.10947526042709926,-0.10947526042709899,-0.07725460988334698
2.44321608040201,-0.5313739056606537,-0.46818390216858374,-0.11014554557923237,-0.1101455455792312,-0.08033057473785218
2.4673366834170856,-0.5304559672196394,-0.4694242430689969,-0.11078128124250727,-0.11078128124250616,-0.08333310718560552
2.4914572864321607,-0.5295594291118307,-0.470616465620998,-0.11138359064292172,-0.11138359064292,-0.08626280241016884
2.5155778894472363,-0.5286840677538651,-0.47176247918148345,-0.11195355221561343,-0.11195355221561121,-0.08912039326092686
2.539698492462312,-0.5278296467105971,-0.4728641129520339,-0.11249220183394432,-0.11249220183394171,-0.09190670855471178
2.563819095477387,-0.526995917784705,-0.47392311968081935,-0.11300053491366036,-0.11300053491365919,-0.0946226458674021
2.5879396984924625,-0.5261826220477753,-0.47494117917416767,-0.11347950840448148,-0.11347950840447943,-0.0972691531476039
2.6120603015075377,-0.5253894908171544,-0.47591990162722075,-0.11393004268102647,-0.11393004268102586,-0.09984721587407319
2.636180904522613,-0.5246162465819465,-0.47686083078316643,-0.11435302334450989,-0.11435302334450789,-0.1023578478040292
2.6603015075376883,-0.5238626038817712,-0.4777654469298158,-0.11474930294604263,-0.11474930294604219,-0.10480208409045871
2.684422110552764,-0.5231282701408893,-0.47863516974262893,-0.11511970264169569,-0.11511970264169535,-0.10718097603689652
2.708542713567839,-0.5224129464604444,-0.47947136098238563,-0.11546501378857374,-0.11546501378857285,-0.10949558696600295
2.7326633165829146,-0.521716328371049,-0.48027532705586784,-0.11578599949025253,-0.11578599949025031,-0.11174698889631718
2.75678391959799,-0.5210381065474674,-0.48104832144713167,-0.11608339609880325,-0.11608339609880175,-0.11393625980115513
2.7809045226130653,-0.5203779674874124,-0.4817915470270139,-0.11635791467936765,-0.11635791467936682,-0.11606447846316945
2.805025125628141,-0.519735594155495,-0.48250615824782483,-0.11813273470825963,-0.11661024244201734,-0.11661024244201584
2.829145728643216,-0.5191106665939856,-0.48319326322993883,-0.1201421077420399,-0.11684104414419225,-0.11684104414419152
2.8532663316582916,-0.5185028625010881,-0.483853925746612,-0.12209367909300764,-0.11705096346564106,-0.11705096346563973
2.8773869346733667,-0.5179118577780527,-0.4844891671129651,-0.12398852719571637,-0.11724062435635332,-0.1172406243563526
2.9015075376884423,-0.5173373270457328,-0.4850999679847363,-0.12582772697960495,-0.11741063235666696,-0.11741063235666468
2.925628140703518,-0.5167789441317319,-0.4856872700719815,-0.12761234890717316,-0.11756157588738964,-0.11756157588738853
2.949748743718593,-0.5162363825288205,-0.48625197777268336,-0.12934345516772802,-0.11769402750677985,-0.11769402750677568
2.9738693467336685,-0.5157093158255364,-0.4867949597307609,-0.13102210101597958,-0.1178085451301206,-0.11780854513011926
2.9979899497487437,-0.5151974181099468,-0.4873170503227473,-0.13264933385948988,-0.11790567320717923,-0.11790567320717751
3.0221105527638192,-0.5147003643474939,-0.4878190510772429,-0.13422619209900957,-0.1179859438520762,-0.11798594385207431
3.0462311557788944,-0.5142178307340035,-0.48830173203056987,-0.13575370433563438,-0.1180498779200424,-0.1180498779200419
3.07035175879397,-0.5137494950248607,-0.48876583302228954,-0.13723288863886157,-0.1180979860253798,-0.11809798602537869
3.0944723618090455,-0.5132950368416412,-0.489212064933751,-0.13866475184780888,-0.11813076949503684,-0.11813076949503573
3.1185929648241206,-0.512854137957232,-0.4896411108724599,-0.14005028890566582,-0.11814872125276646,-0.11814872125276635
3.142713567839196,-0.5124264825607169,-0.49005362730533253,-0.14139048222578118,-0.11815232662924671,-0.11815232662924638
3.1668341708542713,-0.5120117575033105,-0.49045024514314073,-0.14268630108739097,-0.11814206409445774,-0.1181420640944574
3.190954773869347,-0.5116096525264011,-0.4908315707786692,-0.1439387010595533,-0.11811840590939787,-0.11811840590939665
3.215075376884422,-0.5112198604729961,-0.49119818708085383,-0.1451486234527286,-0.11808181869528828,-0.11808181869528789
3.2391959798994976,-0.5108420774836515,-0.4915506543468913,-0.14631699479802873,-0.11803276391939066,-0.11803276391938772
3.2633165829145727,-0.5104760031779298,-0.491889511214283,-0.14744472635502337,-0.11797169829765353,-0.11797169829765064
3.2874371859296483,-0.510121340822368,-0.49221527553468636,-0.14853271364943216,-0.1178990741154467,-0.1178990741154462
3.311557788944724,-0.5097777974858224,-0.49252844521117645,-0.14958183604264616,-0.11781533946861147,-0.11781533946861125
3.335678391959799,-0.50944508418309,-0.4928294990006497,-0.15059295633541464,-0.11772093842802356,-0.11772093842802156
3.3597989949748746,-0.5091229160072164,-0.4931188972826477,-0.15156692040833672,-0.11761631113160323,-0.11761631113160284
3.3839195979899497,-0.5088110122514705,-0.49339708279620287,-0.15250455690214335,-0.11750189380859408,-0.1175018938085928
3.4080402010050252,-0.5085090965211166,-0.4936644813459561,-0.15340667694078494,-0.11737811874131207,-0.11737811874131118
3.4321608040201004,-0.5082168968355634,-0.49392150247877636,-0.15427407390043135,-0.11724541417023387,-0.11724541417023193
3.456281407035176,-0.5079341457212571,-0.494168540132063,-0.1551075232274672,-0.11710420414850473,-0.1171042041485025
3.480402010050251,-0.5076605802954388,-0.49440597325494007,-0.15590778230837263,-0.11695490835224479,-0.11695490835224429
3.5045226130653266,-0.5073959423410807,-0.4946341664033007,-0.15667559039415757,-0.11679794185307618,-0.11679794185307485
3.528643216080402,-0.507139978373142,-0.49485347030987603,-0.15741166858174754,-0.11663371485927226,-0.11663371485927199
3.5527638190954773,-0.5068924396962314,-0.4950642224301657,-0.1581167198541932,-0.11646263243189017,-0.11646263243188879
3.576884422110553,-0.5066530824539126,-0.4952667474653406,-0.15879142918133457,-0.11628509418193447,-0.1162850941819342
3.601005025125628,-0.5064216676695802,-0.4954613578628848,-0.15943646368179387,-0.11610149395440583,-0.11610149395440539
3.6251256281407036,-0.5061979612792641,-0.4956483542960528,-0.16005247284681237,-0.11591221950470124,-0.11591221950469857
3.6492462311557787,-0.5059817341562113,-0.49582802612282106,-0.16064008882574568,-0.1157176521724623,-0.11571765217245997
3.6733668341708543,-0.5057727621276353,-0.4960006518253271,-0.16119992677243078,-0.11551816655752417,-0.11551816655752323
3.69748743718593,-0.5055708259836652,-0.49616649943059143,-0.1617325852510575,-0.11531413020219117,-0.11531413020219056
3.721608040201005,-0.5053757114786832,-0.4963258269132324,-0.16223864669949334,-0.11510590328359183,-0.1151059032835896
3.7457286432160806,-0.5051872093253352,-0.49647888258111317,-0.16271867794739306,-0.11489383831937314,-0.11489383831937258
3.7698492462311557,-0.5050051151814033,-0.49662590544453944,-0.16317323078589321,-0.1146782798896038,-0.11467827988960347
3.7939698492462313,-0.5048292296298238,-0.49676712556984565,-0.16360284258504276,-0.11445956437722671,-0.11445956437722626
3.8180904522613064,-0.504659358152131,-0.4969027644180965,-0.16400803695456295,-0.11423801972901798,-0.11423801972901632
3.842211055276382,-0.5044953110956628,-0.4970330351694713,-0.16438932444318896,-0.11401396523859939,-0.11401396523859833
3.8663316582914575,-0.504336903634895,-0.49715814303424716,-0.16474720327123277,-0.11378771135267057,-0.11378771135266957
3.8904522613065327,-0.5041839557271126,-0.4972782855508165,-0.1650821600907572,-0.11355955950124383,-0.11355955950124333
3.9145728643216082,-0.5040362920629694,-0.4973936528715146,-0.16539467076735073,-0.11332980195239689,-0.11332980195239564
3.9386934673366834,-0.5038937420121681,-0.497504428036748,-0.1656852011773443,-0.11309872169171004,-0.11309872169170959
3.962814070351759,-0.5037561395646792,-0.4976107872381954,-0.16595420801406957,-0.11286659232637256,-0.11286659232637222
3.986934673366834,-0.503623323267852,-0.4977129000714115,-0.16620213959669133,-0.11263367801360996,-0.11263367801360893
4.011055276381909,-0.5034951361598641,-0.49781092977852015,-0.16642943667510593,-0.11240023341299421,-0.11240023341299366
4.035175879396984,-0.5033714256997386,-0.4979050334814825,-0.16663653322452757,-0.11216650366194322,-0.11216650366194264
4.05929648241206,-0.5032520436944389,-0.497995362406355,-0.16682385722338824,-0.11193272437364438,-0.11193272437364382
4.083417085427135,-0.5031368462232773,-0.4980820620990216,-0.1669918314084988,-0.11169912165644488,-0.11169912165644327
4.107537688442211,-0.5030256935600279,-0.49816527263286864,-0.16714087400162392,-0.11146591215373214,-0.11146591215372936
4.131658291457287,-0.50291845009307,-0.49824512880872185,-0.16727139940193844,-0.11123330310319635,-0.11123330310319507
4.155778894472362,-0.5028149842438342,-0.498321760347452,-0.16738381883928952,-0.1110014924143507,-0.11100149241434859
4.179899497487437,-0.5027151683839,-0.4983952920756133,-0.167478540983577,-0.11077066876311442,-0.11077066876311348
4.204020100502513,-0.5026188787509802,-0.49846584410439376,-0.16755597250603352,-0.11054101170229091,-0.11054101170228978
4.228140703517588,-0.5025259953640692,-0.4985335320022146,-0.16761651858879442,-0.11031269178668937,-0.11031269178668862
4.252261306532663,-0.5024364019379877,-0.49859846696123716,-0.1676605833796173,-0.11008587071173936,-0.11008587071173845
4.276381909547739,-0.5023499857976268,-0.4986607559579849,-0.16768857038923013,-0.10986070146437378,-0.10986070146437275
4.300502512562814,-0.5022666377919403,-0.4987205019084572,-0.16770088282940598,-0.10963732848501355,-0.10963732848501297
4.324623115577889,-0.5021862522080986,-0.49877780381780573,-0.16769792389040994,-0.10941588783952878,-0.10941588783952604
4.3487437185929645,-0.5021087266857899,-0.49883275692479945,-0.1676800969571472,-0.1091965074000793,-0.10919650740007811
4.3728643216080405,-0.5020339621319614,-0.49888545284138547,-0.16764780576385496,-0.1089793070337221,-0.108979307033721
4.396984924623116,-0.501961862636117,-0.4989359796873617,-0.1676014544878745,-0.10876439879783434,-0.1087643987978334
4.421105527638191,-0.5018923353862825,-0.49898442222044054,-0.16754144778348412,-0.10855188714130161,-0.10855188714130036
4.445226130653267,-0.50182529058579,-0.4990308619618171,-0.16746819075745054,-0.10834186911059668,-0.10834186911059593
4.469346733668342,-0.501760641371009,-0.49907537731729784,-0.16738208888833528,-0.1081344345598433,-0.10813443455984266
4.493467336683417,-0.5016983037301178,-0.49911804369437546,-0.16728354789218558,-0.10792966636402508,-0.10792966636402467
4.517587939698492,-0.501638196422934,-0.4991589336150183,-0.1671729735376033,-0.10772764063457668,-0.1077276406345756
4.541708542713568,-0.5015802409020572,-0.49919811682462056,-0.16705077141355104,-0.10752842693660505,-0.10752842693660411
4.565829145728643,-0.5015243612351867,-0.4992356603970621,-0.16691734665370944,-0.1073320885070765,-0.10733208850707436
4.589949748743718,-0.5014704840288198,-0.499271628835986,-0.16677310362134662,-0.10713868247330559,-0.10713868247330453
4.6140703517587935,-0.5014185383533711,-0.4993060841724863,-0.16661844555900357,-0.10694826007117222,-0.10694826007117178
4.63819095477387,-0.5013684556696544,-0.49933908605926924,-0.16645377420744692,-0.10676086686251907,-0.1067608668625182
4.662311557788945,-0.5013201697569252,-0.4993706918613302,-0.16627948939847573,-0.10657654295121621,-0.10657654295121563
4.68643216080402,-0.5012736166423511,-0.4994009567433406,-0.1660959886262217,-0.10639532319744437,-0.10639532319744295
4.710552763819096,-0.5012287345320852,-0.4994299337538119,-0.16590366660169253,-0.10621723742977056,-0.1062172374297695
4.734673366834171,-0.5011854637438253,-0.4994576739061054,-0.16570291479518473,-0.10604231065462313,-0.10604231065462272
4.758793969849246,-0.5011437466410013,-0.49948422625639155,-0.16549412097119706,-0.10587056326284172,-0.10587056326284094
4.782914572864321,-0.5011035275684909,-0.49950963797867864,-0.16527766872030536,-0.10570201123297406,-0.10570201123297292
4.807035175879397,-0.5010647527899528,-0.4995339544369881,-0.16505393699239998,-0.10553666633104722,-0.10553666633104689
4.831155778894472,-0.5010273704266756,-0.49955721925475705,-0.16482329963532938,-0.10537453630657746,-0.10537453630657657
4.8552763819095475,-0.5009913303981033,-0.49957947438157024,-0.1645861249429699,-0.10521562508456853,-0.10521562508456833
4.8793969849246235,-0.5009565843638238,-0.4996007601572753,-0.16434277561739255,-0.10505993295336563,-0.10505993295336524
4.903517587939699,-0.500923085667178,-0.4996211153736931,-0.16409360676092788,-0.10490745674814662,-0.10490745674814526
4.927638190954774,-0.5008907892804166,-0.4996405773337908,-0.16383896782432422,-0.10475819002994824,-0.1047581900299471
4.951758793969849,-0.5008596517513165,-0.4996591819086401,-0.16357920067574644,-0.10461212326010165,-0.1046121232601006
4.975879396984925,-0.500829631151413,-0.49967696359205055,-0.16331463962813592,-0.10446924396999176,-0.10446924396999037
5.0,-0.5008006870256096,-0.49969395555312857,-0.16304561110989557,-0.10432953692604933,-0.10432953692604895
