R_angstrom,E_ROHF_aug-cc-pV5Z_hartree
0.2,0.8306530093084294
0.2048048048048048,0.7746006304008699
0.20960960960960962,0.7213941535643322
0.21441441441441442,0.6708400579786737
0.21921921921921922,0.6227617326431143
0.22402402402402405,0.5769976695924086
0.22882882882882882,0.5333998842447891
0.23363363363363365,0.4918325302424942
0.23843843843843845,0.45217068139750216
0.24324324324324326,0.41429925767341347
0.24804804804804806,0.3781120757003842
0.25285285285285286,0.343511007276899
0.2576576576576577,0.31040523177505097
0.26246246246246246,0.278710570423953
0.2672672672672673,0.24834889217323353
0.27207207207207207,0.21924758229234276
0.2768768768768769,0.19133906608919538
0.2816816816816817,0.16456038117229954
0.2864864864864865,0.13885279256372818
0.2912912912912913,0.11416144572347209
0.2960960960960961,0.09043505318812795
0.30090090090090094,0.06762561107734322
0.3057057057057057,0.04568814219330597
0.3105105105105105,0.024580462844797646
0.3153153153153153,0.004262970876947714
0.32012012012012014,-0.015301547309410912
0.3249249249249249,-0.034148092703592425
0.32972972972972975,-0.05230961432318204
0.3345345345345345,-0.06981715607436167
0.33933933933933935,-0.08669999119153737
0.3441441441441442,-0.10298574546308692
0.34894894894894896,-0.11870051031793616
0.35375375375375373,-0.13386894673172756
0.35855855855855856,-0.14851438080979817
0.3633633633633634,-0.1626588918137597
0.36816816816816816,-0.1763233933194026
0.37297297297297294,-0.18952770812439024
0.37777777777777777,-0.20229063745693576
0.3825825825825826,-0.21463002499208828
0.3873873873873874,-0.2265628161186528
0.3921921921921922,-0.23810511286632563
0.396996996996997,-0.24927222486380307
0.4018018018018018,-0.26007871665116555
0.40660660660660664,-0.2705384516568843
0.4114114114114114,-0.2806646331051459
0.4162162162162162,-0.2904698421060343
0.421021021021021,-0.2999660731492513
0.42582582582582584,-0.30916476720840547
0.4306306306306306,-0.31807684264098546
0.43543543543543545,-0.32671272405261864
0.4402402402402402,-0.33508236928869417
0.44504504504504505,-0.34319529467604504
0.4498498498498499,-0.3510605986667059
0.45465465465465466,-0.35868698398711674
0.4594594594594595,-0.3660827784031051
0.46426426426426426,-0.3732559542049183
0.4690690690690691,-0.38021414650321117
0.47387387387387386,-0.38696467041127036
0.4786786786786787,-0.39351453720276774
0.48348348348348347,-0.39987046950840166
0.4882882882882883,-0.4060389156195052
0.49309309309309307,-0.41202606295671385
0.4978978978978979,-0.41783785076351454
0.5027027027027027,-0.42347998207506876
0.5075075075075075,-0.428957935005978
0.5123123123123123,-0.43427697340666915
0.5171171171171172,-0.43944215692767563
0.521921921921922,-0.4444583505266666
0.5267267267267267,-0.44933023346053136
0.5315315315315315,-0.4540623077841415
0.5363363363363363,-0.45865890640000384
0.5411411411411411,-0.4631242006754712
0.5459459459459459,-0.4674622076567442
0.5507507507507508,-0.471676796913418
0.5555555555555556,-0.4757716970169613
0.5603603603603604,-0.47975050169350986
0.5651651651651652,-0.48361667566127897
0.56996996996997,-0.48737356017106725
0.5747747747747748,-0.49102437826826184
0.5795795795795795,-0.49457223979343024
0.5843843843843843,-0.4980201461338215
0.5891891891891892,-0.5013709947429583
0.593993993993994,-0.5046275834354994
0.5987987987987988,-0.5077926144808639
0.6036036036036037,-0.5108686984898578
0.6084084084084084,-0.5138583581216738
0.6132132132132132,-0.5167640316156147
0.618018018018018,-0.5195880761492716
0.6228228228228228,-0.5223327710444128
0.6276276276276276,-0.525000320822725
0.6324324324324324,-0.5275928581194081
0.6372372372372372,-0.5301124464625051
0.6420420420420421,-0.5325610829276586
0.6468468468468469,-0.5349407006731175
0.6516516516516516,-0.5372531713570501
0.6564564564564564,-0.5395003074557131
0.6612612612612612,-0.5416838644716793
0.666066066066066,-0.5438055430508161
0.6708708708708708,-0.5458669910070826
0.6756756756756757,-0.5478698052583951
0.6804804804804805,-0.5498155336826545
0.6852852852852853,-0.5517056768945956
0.6900900900900901,-0.5535416899463813
0.6948948948948949,-0.5553249839611512
0.6996996996996997,-0.5570569276961782
0.7045045045045044,-0.5587388490404196
0.7093093093093092,-0.5603720364550631
0.7141141141141141,-0.5619577403514319
0.7189189189189189,-0.5634971744145268
0.7237237237237237,-0.5649915168738632
0.7285285285285286,-0.5664419117221877
0.7333333333333334,-0.5678494698858534
0.7381381381381382,-0.5692152703485066
0.7429429429429428,-0.57054036123145
0.7477477477477477,-0.5718257608296694
0.7525525525525525,-0.5730724586087454
0.7573573573573573,-0.5742814161628652
0.7621621621621621,-0.5754535681339978
0.766966966966967,-0.5765898230990416
0.7717717717717718,-0.5776910644192882
0.7765765765765766,-0.5787581510603064
0.7813813813813815,-0.579791918379768
0.7861861861861861,-0.5807931788848804
0.7909909909909909,-0.581762722963882
0.7957957957957957,-0.5827013195868928
0.8006006006006006,-0.5836097169847143
0.8054054054054054,-0.5844886432993297
0.8102102102102102,-0.585338807213457
0.815015015015015,-0.5861608985544626
0.8198198198198199,-0.5869555888797938
0.8246246246246247,-0.5877235320379869
0.8294294294294293,-0.5884653647126037
0.8342342342342342,-0.589181706944723
0.839039039039039,-0.5898731626391983
0.8438438438438438,-0.5905403200502393
0.8486486486486486,-0.5911837522530455
0.8534534534534535,-0.5918040175975816
0.8582582582582583,-0.5924016601465579
0.8630630630630631,-0.59297721009906
0.867867867867868,-0.5935311841998732
0.8726726726726726,-0.5940640861328081
0.8774774774774774,-0.5945764069047591
0.8822822822822822,-0.5950686252129326
0.8870870870870871,-0.595541207801529
0.8918918918918919,-0.595994609807041
0.8966966966966967,-0.596429275090117
0.9015015015015015,-0.5968456365595165
0.9063063063063064,-0.5972441164822695
0.911111111111111,-0.5976251267858865
0.9159159159159158,-0.5979890693495616
0.9207207207207206,-0.5983363362863758
0.9255255255255255,-0.5986673102164132
0.9303303303303303,-0.5989823645311199
0.9351351351351351,-0.5992818636493158
0.93993993993994,-0.5995661632638863
0.9447447447447448,-0.5998356105826529
0.9495495495495496,-0.6000905445598284
0.9543543543543542,-0.6003312961215105
0.9591591591591591,-0.6005581883833725
0.9639639639639639,-0.6007715368610773
0.9687687687687687,-0.600971649675769
0.9735735735735735,-0.6011588277519193
0.9783783783783784,-0.6013333650083974
0.9831831831831832,-0.601495548546331
0.987987987987988,-0.6016456588282952
0.9927927927927929,-0.6017839698538217
0.9975975975975975,-0.6019107493289272
1.0024024024024023,-0.6020262588306509
1.0072072072072071,-0.6021307539669785
1.012012012012012,-0.6022244845311697
1.0168168168168168,-0.6023076946524064
1.0216216216216216,-0.6023806229410149
1.0264264264264265,-0.602443502630683
1.0312312312312313,-0.6024965617154066
1.0360360360360361,-0.6025400230824082
1.0408408408408407,-0.6025741046419723
1.0456456456456455,-0.6025990194529984
1.0504504504504504,-0.6026149758450462
1.0552552552552552,-0.6026221775363844
1.06006006006006,-0.6026208237497113
1.0648648648648649,-0.6026111093236192
1.0696696696696697,-0.6025932248211143
1.0744744744744745,-0.6025673566354328
1.0792792792792794,-0.6025336870925865
1.084084084084084,-0.6024923945506933
1.0888888888888888,-0.6024436534974358
1.0936936936936936,-0.602387634643866
1.0984984984984985,-0.6023245050161725
1.1033033033033033,-0.6022544280447868
1.1081081081081081,-0.6021775636509393
1.112912912912913,-0.6020940683308548
1.1177177177177178,-0.6020040952378607
1.1225225225225224,-0.6019077942622013
1.1273273273273272,-0.601805312108144
1.132132132132132,-0.6016967923701785
1.1369369369369369,-0.6015823756058811
1.1417417417417417,-0.6014621994076186
1.1465465465465465,-0.6013363984722111
1.1513513513513514,-0.6012051046689166
1.1561561561561562,-0.6010684471049035
1.160960960960961,-0.6009265521895004
1.1657657657657656,-0.6007795436975076
1.1705705705705705,-0.6006275428291183
1.1753753753753753,-0.6004706682699954
1.1801801801801801,-0.6003090362486416
1.184984984984985,-0.6001427605928903
1.1897897897897898,-0.5999719527845425
1.1945945945945946,-0.5997967220132348
1.1993993993993994,-0.5996171752280931
1.204204204204204,-0.599433417188608
1.2090090090090089,-0.5992455505143357
1.2138138138138137,-0.5990536757326027
1.2186186186186185,-0.5988578913260693
1.2234234234234234,-0.5986582937781273
1.2282282282282282,-0.5984549776177226
1.233033033033033,-0.5982480354628741
1.2378378378378379,-0.5980375580630812
1.2426426426426425,-0.5978236343408649
1.2474474474474473,-0.5976063514319947
1.2522522522522521,-0.5973857947247196
1.257057057057057,-0.5971620478986184
1.2618618618618618,-0.5969351929615881
1.2666666666666666,-0.5967053102865773
1.2714714714714714,-0.5964724786473279
1.2762762762762763,-0.5962367752528042
1.281081081081081,-0.59599827578142
1.2858858858858857,-0.5957570544139597
1.2906906906906905,-0.5955131838658642
1.2954954954954954,-0.5952667354188789
1.3003003003003002,-0.5950177789515225
1.305105105105105,-0.5947663829693006
1.3099099099099099,-0.5945126146338064
1.3147147147147147,-0.5942565397913995
1.3195195195195195,-0.5939982230009304
1.3243243243243241,-0.5937377275611894
1.329129129129129,-0.5934751155371069
1.3339339339339338,-0.5932104477858866
1.3387387387387386,-0.5929437839823406
1.3435435435435434,-0.5926751826433434
1.3483483483483483,-0.5924047011521678
1.353153153153153,-0.5921323957818897
1.357957957957958,-0.5918583217182994
1.3627627627627628,-0.5915825330824507
1.3675675675675674,-0.5913050829525
1.3723723723723722,-0.5910260233850309
1.377177177177177,-0.5907454054360237
1.3819819819819819,-0.5904632791811586
1.3867867867867867,-0.5901796937356425
1.3915915915915915,-0.5898946972740184
1.3963963963963963,-0.5896083370485633
1.4012012012012012,-0.5893206594083199
1.406006006006006,-0.5890317098170976
1.4108108108108106,-0.5887415328709771
1.4156156156156154,-0.5884501723158955
1.4204204204204203,-0.588157671064282
1.425225225225225,-0.5878640712116356
1.43003003003003,-0.5875694140529086
1.4348348348348348,-0.58727374009792
1.4396396396396396,-0.586977089086852
1.4444444444444444,-0.5866795000056186
1.4492492492492492,-0.586381011100052
1.4540540540540539,-0.5860816598908534
1.4588588588588587,-0.5857814831873054
1.4636636636636635,-0.5854805171012951
1.4684684684684683,-0.5851787970603941
1.4732732732732732,-0.5848763578215992
1.478078078078078,-0.5845732334837535
1.4828828828828828,-0.5842694575002316
1.4876876876876877,-0.5839650626914981
1.4924924924924925,-0.5836600812570053
1.497297297297297,-0.583354544786927
1.502102102102102,-0.583048484273923
1.5069069069069068,-0.5827419301242629
1.5117117117117116,-0.5824349121689802
1.5165165165165164,-0.5821274596748369
1.5213213213213213,-0.5818196013546699
1.526126126126126,-0.5815113653780362
1.530930930930931,-0.5812027793812047
1.5357357357357357,-0.5808938704772579
1.5405405405405403,-0.5805846652657398
1.5453453453453452,-0.580275189842318
1.55015015015015,-0.5799654698080838
1.5549549549549548,-0.5796555302787126
1.5597597597597597,-0.579345395893464
1.5645645645645645,-0.5790350908241254
1.5693693693693693,-0.5787246387833038
1.5741741741741742,-0.578414063033233
1.5789789789789788,-0.5781033863938707
1.5837837837837836,-0.5777926312509118
1.5885885885885884,-0.577481819564102
1.5933933933933933,-0.5771709728745416
1.598198198198198,-0.5768601123127437
1.603003003003003,-0.5765492586059235
1.6078078078078077,-0.576238432085282
1.6126126126126126,-0.5759276526933625
1.6174174174174174,-0.5756169399908826
1.622222222222222,-0.5753063131638491
1.6270270270270268,-0.5749957910302694
1.6318318318318317,-0.5746853920466627
1.6366366366366365,-0.5743751343147306
1.6414414414414413,-0.5740650355876041
1.6462462462462462,-0.5737551132762081
1.651051051051051,-0.5734453844553205
1.6558558558558558,-0.5731358658696059
1.6606606606606606,-0.5728265739394488
1.6654654654654653,-0.5725175247668528
1.67027027027027,-0.5722087341409883
1.675075075075075,-0.5719002175438095
1.6798798798798797,-0.5715919901554125
1.6846846846846846,-0.5712840668595385
1.6894894894894894,-0.5709764622486371
1.6942942942942942,-0.5706691906290787
1.699099099099099,-0.5703622660262009
1.703903903903904,-0.57005570218921
1.7087087087087085,-0.5697495125960471
1.7135135135135133,-0.5694437104581043
1.7183183183183182,-0.5691383087248907
1.723123123123123,-0.5688333200886737
1.7279279279279278,-0.5685287569887945
1.7327327327327327,-0.5682246316162695
1.7375375375375375,-0.5679209559178796
1.7423423423423423,-0.567617741600534
1.7471471471471471,-0.5673150001354601
1.7519519519519517,-0.5670127427620913
1.7567567567567566,-0.566710980492231
1.7615615615615614,-0.5664097241138574
1.7663663663663662,-0.5661089841950018
1.771171171171171,-0.5658087710875348
1.775975975975976,-0.5655090949308135
1.7807807807807807,-0.5652099656553311
1.7855855855855856,-0.5649113929862641
1.7903903903903904,-0.5646133864469975
1.795195195195195,-0.5643159553624986
1.7999999999999998,-0.5640191088626809
1.8048048048048047,-0.5637228558857796
1.8096096096096095,-0.5634272051814229
1.8144144144144143,-0.5631321653140018
1.8192192192192191,-0.5628377446656383
1.824024024024024,-0.5625439514393039
1.8288288288288288,-0.5622507936617758
1.8336336336336334,-0.5619582791866942
1.8384384384384382,-0.5616664156972828
1.843243243243243,-0.5613752107093268
1.848048048048048,-0.561084671573858
1.8528528528528527,-0.5607948054800065
1.8576576576576576,-0.5605056194574819
1.8624624624624624,-0.5602171203794617
1.8672672672672672,-0.5599293149649567
1.872072072072072,-0.5596422097814477
1.8768768768768767,-0.5593558112474022
1.8816816816816815,-0.559070125634629
1.8864864864864863,-0.5587851590707422
1.8912912912912911,-0.5585009175415121
1.896096096096096,-0.5582174068931616
1.9009009009009008,-0.5579346328346237
1.9057057057057056,-0.5576526009398226
1.9105105105105105,-0.5573713166498275
1.9153153153153153,-0.5570907852749509
1.92012012012012,-0.5568110119969708
1.9249249249249247,-0.5565320018711297
1.9297297297297296,-0.5562537598281952
1.9345345345345344,-0.5559762906764605
1.9393393393393392,-0.5556995991036324
1.944144144144144,-0.5554236896789229
1.9489489489489489,-0.5551485668547602
1.9537537537537537,-0.5548742349687776
1.9585585585585585,-0.5546006982455796
1.9633633633633631,-0.5543279607985692
1.968168168168168,-0.5540560266316508
1.9729729729729728,-0.5537848996410708
1.9777777777777776,-0.5535145836169963
1.9825825825825825,-0.5532450822452399
1.9873873873873873,-0.5529763991089313
1.9921921921921921,-0.5527085376900809
1.996996996996997,-0.5524415013711728
2.001801801801802,-0.5521752934367554
2.0066066066066064,-0.5519099170749615
2.0114114114114114,-0.5516453753789143
2.016216216216216,-0.5513816713483597
2.021021021021021,-0.5511188078910267
2.0258258258258257,-0.5508567878240845
2.0306306306306308,-0.5505956138754589
2.0354354354354354,-0.5503352886853847
2.0402402402402404,-0.5500758148075446
2.045045045045045,-0.5498171947105877
2.0498498498498496,-0.5495594307793064
2.0546546546546547,-0.5493025253160364
2.0594594594594593,-0.5490464805417701
2.0642642642642643,-0.5487912985975538
2.069069069069069,-0.5485369815455807
2.073873873873874,-0.5482835313705356
2.0786786786786786,-0.5480309499805962
2.0834834834834837,-0.5477792392087425
2.0882882882882883,-0.5475284008137931
2.093093093093093,-0.547278436481641
2.097897897897898,-0.5470293478262285
2.1027027027027025,-0.5467811363907282
2.1075075075075076,-0.5465338036485444
2.112312312312312,-0.5462873510044436
2.1171171171171173,-0.5460417797954771
2.121921921921922,-0.5457970912921108
2.126726726726727,-0.5455532866991007
2.1315315315315315,-0.5453103671565859
2.136336336336336,-0.5450683337409834
2.141141141141141,-0.5448271874659929
2.145945945945946,-0.5445869292834604
2.150750750750751,-0.5443475600843904
2.1555555555555554,-0.5441090806997427
2.1603603603603605,-0.5438714919014273
2.165165165165165,-0.5436347944031084
2.16996996996997,-0.5433989888610955
2.1747747747747748,-0.5431640758751681
2.1795795795795794,-0.5429300559894537
2.1843843843843844,-0.542696929693223
2.189189189189189,-0.5424646974216923
2.193993993993994,-0.5422333595568483
2.1987987987987987,-0.5420029164281872
2.2036036036036037,-0.5417733683134973
2.2084084084084084,-0.5415447154396735
2.2132132132132134,-0.5413169579834167
2.218018018018018,-0.5410900960719552
2.222822822822823,-0.540864129783811
2.2276276276276277,-0.540639059149502
2.2324324324324327,-0.5404148841522177
2.2372372372372373,-0.5401916047285347
2.242042042042042,-0.5399692207691539
2.246846846846847,-0.539747732119412
2.2516516516516516,-0.5395271385801703
2.2564564564564566,-0.5393074399082438
2.2612612612612613,-0.5390886358172187
2.2660660660660663,-0.5388707259779817
2.270870870870871,-0.5386537100193639
2.275675675675676,-0.5384375875287983
2.2804804804804806,-0.5382223580528629
2.285285285285285,-0.5380080210979692
2.2900900900900902,-0.5377945761308102
2.294894894894895,-0.5375820225790926
2.2996996996997,-0.5373703598320043
2.3045045045045045,-0.5371595872408408
2.3093093093093096,-0.536949704119509
2.314114114114114,-0.5367407097451256
2.318918918918919,-0.5365326033585103
2.323723723723724,-0.5363253841647806
2.3285285285285284,-0.5361190513338171
2.3333333333333335,-0.5359136040007998
2.338138138138138,-0.5357090412667764
2.342942942942943,-0.5355053621990424
2.3477477477477477,-0.5353025658317855
2.352552552552553,-0.5351006511664819
2.3573573573573574,-0.5348996171724059
2.3621621621621625,-0.5346994627871097
2.366966966966967,-0.5345001869169328
2.3717717717717717,-0.534301788437389
2.3765765765765767,-0.5341042661936808
2.3813813813813813,-0.5339076190011789
2.3861861861861864,-0.5337118456457997
2.390990990990991,-0.5335169448845055
2.395795795795796,-0.5333229154457226
2.4006006006006007,-0.5331297560297731
2.4054054054054057,-0.5329374653093084
2.4102102102102103,-0.5327460419297092
2.415015015015015,-0.532555484509547
2.41981981981982,-0.5323657916409317
2.4246246246246246,-0.5321769618899662
2.4294294294294296,-0.531988993797168
2.4342342342342342,-0.5318018858777805
2.4390390390390393,-0.5316156366222574
2.443843843843844,-0.531430244496564
2.4486486486486485,-0.5312457079426731
2.4534534534534536,-0.5310620253787933
2.458258258258258,-0.5308791951999079
2.463063063063063,-0.5306972157780008
2.467867867867868,-0.5305160854625122
2.472672672672673,-0.5303358025806398
2.4774774774774775,-0.5301563654377776
2.4822822822822825,-0.5299777723177707
2.487087087087087,-0.5298000214833245
2.4918918918918918,-0.5296231111763341
2.496696696696697,-0.5294470396182387
2.5015015015015014,-0.5292718050103318
2.5063063063063065,-0.5290974055341324
2.511111111111111,-0.5289238393516564
2.515915915915916,-0.5287511046058154
2.5207207207207207,-0.5285791994206857
2.525525525525526,-0.52840812190185
2.5303303303303304,-0.5282378701367081
2.535135135135135,-0.528068442194805
2.53993993993994,-0.5278998361280867
2.5447447447447447,-0.5277320499713026
2.5495495495495497,-0.5275650817421963
2.5543543543543543,-0.5273989294418906
2.5591591591591594,-0.5272335910551506
2.563963963963964,-0.527069064550672
2.568768768768769,-0.52690534788139
2.5735735735735736,-0.5267424389847426
2.5783783783783782,-0.5265803357829706
2.5831831831831833,-0.5264190361834016
2.587987987987988,-0.5262585380787317
2.592792792792793,-0.526098839347279
2.5975975975975976,-0.5259399378532763
2.6024024024024026,-0.5257818314471273
2.6072072072072072,-0.5256245179657104
2.6120120120120123,-0.5254679952325781
2.616816816816817,-0.525312261058304
2.6216216216216215,-0.52515731324064
2.6264264264264265,-0.5250031495648713
2.631231231231231,-0.5248497678040125
2.636036036036036,-0.5246971657190731
2.640840840840841,-0.5245453410593112
2.645645645645646,-0.5243942915624933
2.6504504504504505,-0.5242440149551089
2.6552552552552555,-0.5240945089526258
2.66006006006006,-0.5239457712597406
2.6648648648648647,-0.5237977995706068
2.66966966966967,-0.5236505915690726
2.6744744744744744,-0.523504144928911
2.6792792792792794,-0.523358457314061
2.684084084084084,-0.5232135263788219
2.688888888888889,-0.5230693497681247
2.6936936936936937,-0.5229259251177419
2.6984984984984988,-0.5227832500545031
2.7033033033033034,-0.5226413221964932
2.708108108108108,-0.5225001391533237
2.712912912912913,-0.5223596985262835
2.7177177177177176,-0.522219997908622
2.7225225225225227,-0.5220810348857092
2.7273273273273273,-0.5219428070352556
2.7321321321321324,-0.521805311927537
2.736936936936937,-0.521668547125578
2.741741741741742,-0.5215325101853662
2.7465465465465466,-0.5213971986560832
2.7513513513513512,-0.5212626100802211
2.7561561561561563,-0.521128741993883
2.760960960960961,-0.5209955919269044
2.765765765765766,-0.5208631574030815
2.7705705705705705,-0.5207314359403489
2.7753753753753756,-0.520600425050997
2.78018018018018,-0.5204701222418113
2.7849849849849853,-0.5203405250143066
2.78978978978979,-0.5202116308648727
2.7945945945945945,-0.5200834372850084
2.7993993993993995,-0.5199559417614552
2.804204204204204,-0.5198291417763967
2.809009009009009,-0.5197030348076326
2.813813813813814,-0.5195776183287352
2.818618618618619,-0.5194528898093158
2.8234234234234235,-0.5193288467150428
2.8282282282282285,-0.5192054865079448
2.833033033033033,-0.5190828066465224
2.8378378378378377,-0.5189608045859335
2.8426426426426428,-0.5188394777781389
2.8474474474474474,-0.5187188236720925
2.8522522522522524,-0.5185988397138912
2.857057057057057,-0.5184795233469268
2.861861861861862,-0.5183608720120663
2.8666666666666667,-0.5182428831478048
2.8714714714714717,-0.5181255541904098
2.8762762762762764,-0.5180088825740893
2.881081081081081,-0.5178928657311381
2.885885885885886,-0.5177775010920753
2.8906906906906906,-0.5176627860858658
2.8954954954954957,-0.5175487181399611
2.9003003003003003,-0.5174352946805119
2.9051051051051053,-0.5173225131325269
2.90990990990991,-0.5172103709199593
2.9147147147147145,-0.5170988654659182
2.9195195195195196,-0.5169879941927649
2.924324324324324,-0.5168777545222515
2.9291291291291293,-0.5167681438756883
2.933933933933934,-0.5166591596740431
2.938738738738739,-0.5165507993381487
2.9435435435435435,-0.516443060288715
2.9483483483483486,-0.5163359399466021
2.953153153153153,-0.5162294357328484
2.957957957957958,-0.5161235450688434
2.962762762762763,-0.5160182653764416
2.9675675675675675,-0.5159135940781217
2.9723723723723725,-0.5158095285970675
2.977177177177177,-0.5157060663573212
2.981981981981982,-0.5156032047838965
2.9867867867867868,-0.5155009413028928
2.991591591591592,-0.5153992733416691
2.9963963963963964,-0.5152981983288539
3.001201201201201,-0.5151977136945836
3.006006006006006,-0.5150978168705396
3.0108108108108107,-0.514998505290099
3.0156156156156158,-0.5148997763884221
3.0204204204204204,-0.5148016276026001
3.0252252252252254,-0.5147040563717371
3.03003003003003,-0.5146070601370625
3.034834834834835,-0.5145106363420661
3.0396396396396397,-0.514414782432565
3.0444444444444443,-0.5143194958568464
3.0492492492492493,-0.5142247740657608
3.054054054054054,-0.5141306145128066
3.058858858858859,-0.5140370146542529
3.0636636636636636,-0.5139439719492398
3.0684684684684687,-0.5138514838598817
3.0732732732732733,-0.5137595478513284
3.0780780780780783,-0.5136681613919343
3.082882882882883,-0.5135773219532739
3.0876876876876875,-0.5134870270103086
3.0924924924924926,-0.5133972740414193
3.097297297297297,-0.513308060528535
3.1021021021021022,-0.513219383957238
3.106906906906907,-0.5131312418167975
3.111711711711712,-0.5130436316003129
3.1165165165165165,-0.5129565508047773
3.1213213213213216,-0.5128699969311704
3.126126126126126,-0.512783967484547
3.1309309309309308,-0.5126984599741049
3.135735735735736,-0.5126134719132911
3.1405405405405404,-0.5125290008198603
3.1453453453453455,-0.5124450442159824
3.15015015015015,-0.512361599628303
3.154954954954955,-0.5122786645880111
3.1597597597597598,-0.5121962366309644
3.164564564564565,-0.5121143132976808
3.1693693693693694,-0.5120328921335362
3.174174174174174,-0.5119519706887145
3.178978978978979,-0.5118715465183541
3.1837837837837837,-0.511791617182603
3.1885885885885887,-0.5117121802466921
3.1933933933933933,-0.5116332332809743
3.1981981981981984,-0.5115547738610664
3.203003003003003,-0.5114767995678129
3.207807807807808,-0.5113993079874517
3.2126126126126127,-0.511322296711628
3.2174174174174173,-0.5112457633374596
3.2222222222222223,-0.5111697054676235
3.227027027027027,-0.511094120710385
3.231831831831832,-0.5110190066796992
3.2366366366366366,-0.510944360995246
3.2414414414414416,-0.5108701812824735
3.2462462462462462,-0.5107964651727102
3.2510510510510513,-0.510723210303169
3.255855855855856,-0.5106504143170246
3.2606606606606605,-0.5105780748634784
3.2654654654654656,-0.5105061895978007
3.27027027027027,-0.5104347561813775
3.2750750750750752,-0.5103637722817872
3.27987987987988,-0.510293235572825
3.284684684684685,-0.510223143734571
3.2894894894894895,-0.5101534944534452
3.2942942942942945,-0.5100842854222293
3.299099099099099,-0.5100155143401414
3.3039039039039038,-0.5099471789128722
3.308708708708709,-0.5098792768526312
3.3135135135135134,-0.5098118058781955
3.3183183183183185,-0.5097447637149431
3.323123123123123,-0.509678148094916
3.327927927927928,-0.5096119567568443
3.3327327327327327,-0.5095461874461897
3.337537537537538,-0.5094808379152047
3.3423423423423424,-0.509415905922956
3.347147147147147,-0.5093513892353533
3.351951951951952,-0.5092872856252022
3.3567567567567567,-0.5092235928722569
3.3615615615615617,-0.5091603087632341
3.3663663663663663,-0.5090974310918404
3.3711711711711714,-0.5090349576588289
3.375975975975976,-0.5089728862720351
3.380780780780781,-0.5089112147463852
3.3855855855855856,-0.508849940903953
3.3903903903903903,-0.5087890625739669
3.3951951951951953,-0.5087285775928833
3.4,-0.5086684838043576
3.404804804804805,-0.5086087790593268
3.4096096096096096,-0.5085494612160038
3.4144144144144146,-0.5084905281399161
3.4192192192192192,-0.5084319777039618
3.424024024024024,-0.5083738077883517
3.428828828828829,-0.5083160162807391
3.4336336336336335,-0.5082586010761863
3.4384384384384385,-0.5082015600771845
3.443243243243243,-0.5081448911936917
3.448048048048048,-0.5080885923431666
3.452852852852853,-0.5080326614505734
3.457657657657658,-0.5079770964484012
3.4624624624624625,-0.5079218952766954
3.467267267267267,-0.5078670558830801
3.472072072072072,-0.5078125762227403
3.4768768768768767,-0.5077584542585192
3.481681681681682,-0.5077046879608329
3.4864864864864864,-0.5076512753077775
3.4912912912912915,-0.5075982142851028
3.496096096096096,-0.5075455028862135
3.500900900900901,-0.5074931391122174
3.5057057057057057,-0.5074411209719358
3.5105105105105103,-0.5073894464818955
3.5153153153153154,-0.5073381136663573
3.52012012012012,-0.5072871205573397
3.524924924924925,-0.5072364651945952
3.5297297297297296,-0.5071861456256552
3.5345345345345347,-0.5071361599058354
3.5393393393393393,-0.5070865060982179
3.5441441441441444,-0.5070371822736984
3.548948948948949,-0.5069881865109858
3.5537537537537536,-0.5069395168965861
3.5585585585585586,-0.5068911715248279
3.5633633633633632,-0.5068431484979002
3.5681681681681683,-0.5067954459257832
3.572972972972973,-0.5067480619263458
3.577777777777778,-0.5067009946252554
3.5825825825825826,-0.5066542421560729
3.5873873873873876,-0.5066078026601986
3.592192192192192,-0.5065616742869001
3.596996996996997,-0.5065158551933062
3.601801801801802,-0.5064703435444188
3.6066066066066065,-0.5064251375131043
3.6114114114114115,-0.5063802352801
3.616216216216216,-0.5063356350340262
3.621021021021021,-0.5062913349713681
3.625825825825826,-0.5062473332964952
3.630630630630631,-0.5062036282216547
3.6354354354354355,-0.506160217966938
3.64024024024024,-0.5061171007603538
3.645045045045045,-0.5060742748377586
3.6498498498498497,-0.5060317384428665
3.6546546546546548,-0.5059894898272987
3.6594594594594594,-0.5059475272505041
3.6642642642642644,-0.5059058489798092
3.669069069069069,-0.50586445329041
3.673873873873874,-0.5058233384653263
3.6786786786786787,-0.5057825027954556
3.6834834834834833,-0.5057419445795268
3.6882882882882884,-0.5057016621241112
3.693093093093093,-0.5056616537436125
3.697897897897898,-0.5056219177602714
3.7027027027027026,-0.5055824525041206
3.7075075075075077,-0.5055432563130469
3.7123123123123123,-0.5055043275327135
3.7171171171171173,-0.5054656645165977
3.721921921921922,-0.5054272656259591
3.7267267267267266,-0.5053891292298354
3.7315315315315316,-0.5053512537050567
3.736336336336336,-0.505313637436199
3.7411411411411413,-0.5052762788156018
3.745945945945946,-0.5052391762433377
3.750750750750751,-0.5052023281272399
3.7555555555555555,-0.5051657328828354
3.7603603603603606,-0.5051293889333797
3.765165165165165,-0.5050932947098202
3.76996996996997,-0.5050574486508026
3.774774774774775,-0.5050218492026655
3.7795795795795795,-0.5049864948193794
3.7843843843843845,-0.5049513839625821
3.789189189189189,-0.5049165151015759
3.793993993993994,-0.5048818867132513
3.798798798798799,-0.5048474972821251
3.803603603603604,-0.504813345300338
3.8084084084084084,-0.504779429267594
3.813213213213213,-0.5047457476911623
3.818018018018018,-0.5047122990858728
3.8228228228228227,-0.5046790819741294
3.8276276276276278,-0.5046460948858218
3.8324324324324324,-0.5046133363583589
3.8372372372372374,-0.5045808049366619
3.842042042042042,-0.5045484991731198
3.846846846846847,-0.5045164176275913
3.8516516516516517,-0.504484558867361
3.8564564564564563,-0.5044529214671816
3.8612612612612613,-0.5044215040091876
3.866066066066066,-0.5043903050829219
3.870870870870871,-0.5043593232852938
3.8756756756756756,-0.5043285572205967
3.8804804804804807,-0.5042980055004391
3.8852852852852853,-0.5042676667437789
3.89009009009009,-0.5042375395768602
3.894894894894895,-0.5042076226332319
3.8996996996996995,-0.5041779145536921
3.9045045045045046,-0.504148413986307
3.909309309309309,-0.504119119586377
3.9141141141141143,-0.5040900300163751
3.918918918918919,-0.5040611439460143
3.923723723723724,-0.504032460052161
3.9285285285285285,-0.5040039770188166
3.933333333333333,-0.5039756935371411
3.938138138138138,-0.503947608305385
3.942942942942943,-0.5039197200289011
3.947747747747748,-0.5038920274201056
3.9525525525525524,-0.5038645291984765
3.9573573573573575,-0.5038372240904903
3.962162162162162,-0.5038101108296691
3.966966966966967,-0.5037831881564904
3.9717717717717718,-0.5037564548184121
3.9765765765765764,-0.5037299095698189
3.9813813813813814,-0.5037035511720432
3.986186186186186,-0.5036773783932735
3.990990990990991,-0.5036513900086201
3.9957957957957957,-0.503625584800006
4.000600600600601,-0.5035999615562133
4.005405405405405,-0.5035745190728294
4.01021021021021,-0.50354925615221
4.015015015015015,-0.5035241716035079
4.019819819819819,-0.5034992642425777
4.024624624624624,-0.50347453289201
4.029429429429429,-0.5034499763810854
4.034234234234234,-0.5034255935457744
4.0390390390390385,-0.5034013832286526
4.0438438438438435,-0.5033773442789707
4.048648648648649,-0.5033534755525412
4.053453453453454,-0.5033297759117579
4.058258258258258,-0.5033062442255909
4.063063063063063,-0.5032828793695192
4.067867867867868,-0.5032596802255259
4.072672672672672,-0.5032366456820767
4.077477477477477,-0.5032137746341103
4.082282282282282,-0.5031910659829599
4.087087087087087,-0.5031685186364094
4.091891891891891,-0.5031461315085981
4.0966966966966964,-0.5031239035200276
4.1015015015015015,-0.5031018335975517
4.106306306306306,-0.5030799206742966
4.111111111111111,-0.503058163689725
4.115915915915916,-0.5030365615895118
4.120720720720721,-0.5030151133255802
4.125525525525525,-0.5029938178560833
4.13033033033033,-0.5029726741453358
4.135135135135135,-0.5029516811638236
4.13993993993994,-0.5029308378881536
4.144744744744744,-0.5029101433010741
4.149549549549549,-0.5028895963913788
4.154354354354354,-0.5028691961539461
4.159159159159159,-0.5028489415896684
4.163963963963964,-0.5028288317054751
4.168768768768769,-0.5028088655142566
4.173573573573574,-0.5027890420348604
4.178378378378378,-0.5027693602920709
4.183183183183183,-0.502749819316592
4.187987987987988,-0.5027304181449839
4.192792792792792,-0.5027111558196806
4.197597597597597,-0.5026920313889304
4.202402402402402,-0.5026730439068209
4.207207207207207,-0.5026541924331703
4.212012012012012,-0.5026354760335772
4.2168168168168165,-0.5026168937793688
4.221621621621622,-0.5025984447475669
4.226426426426427,-0.5025801280208673
4.231231231231231,-0.5025619426876311
4.236036036036036,-0.5025438878418149
4.240840840840841,-0.5025259625830073
4.245645645645646,-0.5025081660163463
4.25045045045045,-0.5024904972525331
4.255255255255255,-0.5024729554077813
4.26006006006006,-0.5024555396037989
4.264864864864865,-0.5024382489677705
4.269669669669669,-0.5024210826323222
4.2744744744744745,-0.5024040397355033
4.2792792792792795,-0.5023871194207444
4.284084084084084,-0.5023703208368623
4.288888888888889,-0.5023536431379978
4.293693693693694,-0.5023370854836205
4.298498498498499,-0.5023206470384745
4.303303303303303,-0.5023043269725901
4.308108108108108,-0.5022881244612254
4.312912912912913,-0.5022720386848472
4.317717717717717,-0.502256068829117
4.322522522522522,-0.5022402140848592
4.327327327327327,-0.5022244736480423
4.332132132132132,-0.502208846719723
4.336936936936937,-0.5021933325060695
4.341741741741742,-0.5021779302182969
4.346546546546547,-0.502162639072653
4.351351351351352,-0.5021474582904158
4.356156156156156,-0.5021323870978215
4.360960960960961,-0.5021174247260767
4.365765765765766,-0.5021025704113278
4.37057057057057,-0.5020878233946242
4.375375375375375,-0.5020731829218902
4.38018018018018,-0.502058648243932
4.384984984984985,-0.5020442186163723
4.3897897897897895,-0.5020298932996343
4.394594594594595,-0.5020156715589409
4.3993993993994,-0.5020015526642648
4.404204204204204,-0.501987535890309
4.409009009009009,-0.501973620516511
4.413813813813814,-0.5019598058269453
4.418618618618619,-0.5019460911103796
4.423423423423423,-0.5019324756602195
4.428228228228228,-0.5019189587744513
4.433033033033033,-0.5019055397556748
4.437837837837838,-0.5018922179110263
4.442642642642642,-0.5018789925521914
4.4474474474474475,-0.5018658629953766
4.4522522522522525,-0.5018528285612519
4.457057057057057,-0.5018398885749714
4.461861861861862,-0.5018270423661124
4.466666666666667,-0.5018142892686779
4.471471471471472,-0.5018016286210435
4.476276276276276,-0.5017890597659819
4.481081081081081,-0.5017765820505641
4.485885885885886,-0.5017641948262339
4.49069069069069,-0.5017518974486695
4.495495495495495,-0.5017396892778725
4.5003003003003,-0.5017275696780605
4.505105105105105,-0.5017155380176761
4.50990990990991,-0.5017035936693828
4.514714714714715,-0.5016917360099822
4.51951951951952,-0.5016799644204556
4.524324324324325,-0.501668278285917
4.529129129129129,-0.5016566769955744
4.533933933933934,-0.5016451599427147
4.538738738738739,-0.501633726524698
4.543543543543543,-0.50162237614291
4.548348348348348,-0.5016111082027488
4.553153153153153,-0.5015999221136062
4.557957957957958,-0.5015888172888523
4.5627627627627625,-0.5015777931457682
4.5675675675675675,-0.501566849105598
4.572372372372373,-0.5015559845934664
4.577177177177177,-0.5015451990383681
4.581981981981982,-0.5015344918731475
4.586786786786787,-0.5015238625345182
4.591591591591592,-0.5015133104629586
4.596396396396396,-0.5015028351027575
4.601201201201201,-0.5014924359019524
4.606006006006006,-0.5014821123123537
4.610810810810811,-0.5014718637894628
4.615615615615615,-0.5014616897924993
4.6204204204204204,-0.5014515897843413
4.6252252252252255,-0.5014415632315421
4.63003003003003,-0.5014316096042662
4.634834834834835,-0.5014217283763277
4.63963963963964,-0.5014119190250838
4.644444444444445,-0.5014021810315089
4.649249249249249,-0.5013925138800807
4.654054054054054,-0.5013829170588293
4.658858858858859,-0.5013733900592942
4.663663663663663,-0.5013639323764829
4.668468468468468,-0.5013545435088811
4.673273273273273,-0.5013452229584068
4.678078078078078,-0.5013359702303991
4.682882882882883,-0.5013267848336027
4.687687687687688,-0.5013176662801543
4.692492492492493,-0.5013086140855254
4.697297297297297,-0.5012996277685589
4.702102102102102,-0.5012907068513798
4.706906906906907,-0.501281850859433
4.711711711711712,-0.5012730593214505
4.716516516516516,-0.5012643317694054
4.721321321321321,-0.5012556677385224
4.726126126126126,-0.5012470667672249
4.730930930930931,-0.5012385283971642
4.7357357357357355,-0.5012300521731419
4.7405405405405405,-0.5012216376431416
4.745345345345346,-0.5012132843582788
4.75015015015015,-0.5012049918727746
4.754954954954955,-0.5011967597439798
4.75975975975976,-0.5011885875323053
4.764564564564565,-0.5011804748012241
4.769369369369369,-0.5011724211172667
4.774174174174174,-0.5011644260499766
4.778978978978979,-0.5011564891719048
4.783783783783783,-0.5011486100585896
4.788588588588588,-0.5011407882885378
4.793393393393393,-0.5011330234432023
4.7981981981981985,-0.5011253151069672
4.803003003003003,-0.501117662867139
4.807807807807808,-0.5011100663138949
4.812612612612613,-0.5011025250403165
4.817417417417418,-0.5010950386423109
4.822222222222222,-0.5010876067186456
4.827027027027027,-0.5010802288709034
4.831831831831832,-0.5010729047034695
4.836636636636636,-0.5010656338235078
4.841441441441441,-0.5010584158409632
4.846246246246246,-0.5010512503685134
4.851051051051051,-0.501044137021581
4.8558558558558556,-0.5010370754183027
4.860660660660661,-0.5010300651794911
4.865465465465466,-0.5010231059286755
4.87027027027027,-0.5010161972920073
4.875075075075075,-0.5010093388983182
4.87987987987988,-0.5010025303790349
4.884684684684685,-0.5009957713682262
4.889489489489489,-0.5009890615025422
4.894294294294294,-0.5009824004211869
4.899099099099099,-0.5009757877659704
4.903903903903904,-0.5009692231812081
4.9087087087087085,-0.5009627063137702
4.9135135135135135,-0.5009562368130216
4.918318318318319,-0.5009498143308073
4.923123123123123,-0.5009434385214856
4.927927927927928,-0.5009371090418591
4.932732732732733,-0.5009308255511784
4.937537537537538,-0.5009245877111147
4.942342342342342,-0.5009183951857653
4.947147147147147,-0.5009122476416179
4.951951951951952,-0.5009061447475478
4.956756756756756,-0.5009000861747949
4.961561561561561,-0.5008940715969464
4.966366366366366,-0.5008881006899353
4.9711711711711715,-0.5008821731319972
4.975975975975976,-0.5008762886036897
4.980780780780781,-0.5008704467878541
4.985585585585586,-0.5008646473696061
4.990390390390391,-0.5008588900363088
4.995195195195195,-0.5008531744775913
5.0,-0.5008475003852992
