R_Ang,E_CCSD_Ha,omega_root1_Ha,omega_root1_eV,E_total_root1_Ha
0.2,0.021706560582350265,0.7296061812,19.853595604093506,0.7513127417823502
0.2190954773869347,-0.17681693692565134,0.7198618921,19.588439989700834,0.5430449551743486
0.23819095477386937,-0.33825177828881803,0.7100642704,19.321833121330062,0.37181249211118195
0.25728643216080405,-0.47100547846035723,0.7002638148,19.055149138611807,0.22925833633964277
0.27638190954773867,-0.5811763747468713,0.6905026814,18.789535167465793,0.1093263066531287
0.2954773869346734,-0.6732937497533718,0.6808159159,18.525944849970983,0.007522166146628262
0.314572864321608,-0.750790414447575,0.6712326043,18.265169656507723,-0.07955781014757501
0.3336683417085427,-0.8163141729530258,0.6617768176,18.00786459235435,-0.15453735535302582
0.3527638190954774,-0.871938634033655,0.6524682397,17.75456528371658,-0.219470394333655
0.37185929648241206,-0.9193092899929081,0.6433223967,17.505694217298416,-0.27598689329290804
0.39095477386934674,-0.9597469715589387,0.6343504706,17.261555670820854,-0.3253965009589387
0.41005025125628136,-0.9943226369605864,0.6255588067,17.022322308693045,-0.36876383026058646
0.4291457286432161,-1.023912471337576,0.6169484181,16.788021698770393,-0.406964053237576
0.4482412060301507,-1.0492391639343706,0.6085149521,16.558535398051983,-0.4407242118343706
0.4673366834170854,-1.070903270651559,0.6002495448,16.333622207531278,-0.47065372585155907
0.4864321608040201,-1.089407323543102,0.5921406317,16.112967441132025,-0.4972666918431021
0.5055276381909548,-1.1051745456827657,0.584176272,15.896246173133344,-0.5209982736827657
0.5246231155778894,-1.1185635004706096,0.5763462332,15.683179963025472,-0.5422172672706096
0.543718592964824,-1.1298796457513498,0.5686432177,15.47357023299614,-0.5612364280513498
0.5628140703517588,-1.1393845130376006,0.5610630698,15.267303900687525,-0.5783214432376006
0.5819095477386935,-1.1473030532322768,0.5536042275,15.064338461914312,-0.5936988257322767
0.601005025125628,-1.1538295591255507,0.546266844,14.864678085460872,-0.6075627151255507
0.6201005025125628,-1.159132477141575,0.539051931,14.668350301086672,-0.6200805461415749
0.6391959798994975,-1.163358346715066,0.5319607045,14.475388197837386,-0.6313976422150661
0.6582914572864321,-1.1666350493877067,0.5249941729,14.285819215674904,-0.6416408764877067
0.6773869346733667,-1.1690745070386075,0.5181529281,14.09965946101875,-0.6509215789386075
0.6964824120603015,-1.170774936386808,0.5114370822,13.916911984265312,-0.6593378541868081
0.7155778894472362,-1.1718227429296812,0.5048462874,13.737567321294465,-0.6669764555296812
0.7346733668341707,-1.1722941193289105,0.4983798042,13.561605349286072,-0.6739143151289104
0.7537688442211055,-1.172256399951475,0.4920365848,13.388997556149627,-0.680219815151475
0.7728643216080402,-1.171769213453148,0.4858153578,13.219709345328658,-0.6859538556531481
0.7919597989949749,-1.1708854660588712,0.4797147058,13.053702147404298,-0.6911707602588713
0.8110552763819094,-1.1696521853169164,0.4737331286,12.890935139854903,-0.6959190567169165
0.8301507537688442,-1.1681112450651645,0.4678690941,12.731366632115604,-0.7002421509651645
0.8492462311557789,-1.166299992667077,0.4621210757,12.57495508328416,-0.7041789169670769
0.8683417085427134,-1.1642517860065182,0.4564875791,12.421659831386098,-0.7077642069065182
0.8874371859296482,-1.1619964752664445,0.4509671598,12.271441569573993,-0.7110293154664444
0.9065326633165829,-1.1595608025553659,0.4455584349,12.1242626672218,-0.7140023676553658
0.9256281407035176,-1.1569687652249754,0.4402600896,11.980087346798884,-0.7167086756249754
0.9447236180904521,-1.1542419276724583,0.4350708818,11.83888180904239,-0.7191710458724583
0.9638190954773869,-1.1513996951405505,0.4299896437,11.70061427649546,-0.7214100514405506
0.9829145728643216,-1.148459553624925,0.4250152826,11.565255015276342,-0.7234442710249249
1.0020100502512561,-1.145437280335722,0.4201467812,11.432776343241809,-0.7252904991357221
1.0211055276381908,-1.1423471285480633,0.415383196,11.303152586448938,-0.7269639325480632
1.0402010050251256,-1.1392019901505424,0.4107236564,11.176360054664862,-0.7284783337505423
1.0592964824120603,-1.1360135387444659,0.4061673623,11.052376976059444,-0.7298461764444659
1.0783919597989948,-1.1327923557517794,0.4017135813,10.931183421013403,-0.7310787744517794
1.0974874371859296,-1.1295480416498715,0.3973616459,10.812761225926414,-0.7321863957498715
1.1165829145728643,-1.126289314208733,0.3931109486,10.697093859881335,-0.733178365608733
1.1356783919597988,-1.1230240952646318,0.3889609391,10.584166348452316,-0.7340631561646318
1.1547738693467335,-1.1197595874647435,0.384911118,10.473965102273064,-0.7348484694647435
1.1738693467336683,-1.1165023422032363,0.3809610315,10.3664777728165,-0.7355413107032363
1.192964824120603,-1.1132583197758683,0.3771102659,10.261693102732137,-0.7361480538758682
1.2120603015075375,-1.1100329427555766,0.3733584408,10.159600740808646,-0.7366745019555766
1.2311557788944723,-1.1068311433709195,0.3697052023,10.06019105693643,-0.7371259410709194
1.250251256281407,-1.1036574056382598,0.3661502163,9.96345495979135,-0.7375071893382598
1.2693467336683415,-1.1005158028863022,0.3626931609,9.869383690028172,-0.7378226419863023
1.2884422110552762,-1.0974100311347847,0.35933372,9.777968646127704,-0.7380763111347848
1.307537688442211,-1.0943434394251974,0.356071574,9.689201131330899,-0.7382718654251974
1.3266331658291455,-1.0913190560172752,0.3529063961,9.603072252956734,-0.7384126599172751
1.3457286432160802,-1.0883396128439626,0.3498378432,9.519572674778587,-0.7385017696439626
1.364824120603015,-1.085407567031636,0.3468655515,9.438692497294142,-0.7385420155316361
1.3839195979899497,-1.0825251203729047,0.3439891291,9.36042105636113,-0.7385359912729047
1.4030150753768842,-1.0796942368933446,0.3412081526,9.284746830678614,-0.7384860842933447
1.422110552763819,-1.0769166587247387,0.3385221617,9.211657294845505,-0.7383944970247387
1.4412060301507537,-1.0741939204702484,0.3359306562,9.141138837726404,-0.7382632642702485
1.4603015075376882,-1.0715273622256254,0.3334330922,9.073176659048329,-0.7380942700256254
1.479396984924623,-1.0689181414033726,0.3310288802,9.007754717699088,-0.7378892612033726
1.4984924623115576,-1.0663672434913836,0.3287173832,8.944855680025647,-0.7376498602913836
1.5175879396984924,-1.06387549186645,0.3264979148,8.884460868132482,-0.7373775770664499
1.5366834170854269,-1.0614435567732263,0.3243697389,8.826550251718178,-0.7370738178732263
1.5557788944723616,-1.0590719635705492,0.3223320688,8.771102423585177,-0.7367398947705492
1.5748743718592964,-1.0567611003402342,0.320384067,8.718094594197497,-0.7363770333402342
1.5939698492462309,-1.0545112249465753,0.3185248451,8.667502588959598,-0.7359863798465753
1.6130653266331656,-1.052322471628491,0.3167534642,8.619300859100932,-0.7355690074284909
1.6321608040201003,-1.050194857199666,0.3150689343,8.573462465349117,-0.735125922899666
1.651256281407035,-1.0481282869262158,0.3134702158,8.52995911874701,-0.7346580711262158
1.6703517587939696,-1.0461225601440287,0.3119562185,8.488761153441327,-0.7341663416440287
1.6894472361809043,-1.0441773756715305,0.310525803,8.449837564778578,-0.7336515726715305
1.708542713567839,-1.0422923370661585,0.3091777806,8.413156006583936,-0.7331145564661585
1.7276381909547738,-1.0404669577664196,0.3079109137,8.378682802045779,-0.7325560440664196
1.7467336683417083,-1.0387006661628395,0.3067239164,8.346382960042533,-0.7319767497628396
1.765829145728643,-1.0369928105656105,0.3056154554,8.31622019963292,-0.7313773551656105
1.7849246231155778,-1.0353426642386403,0.3045841501,8.288156952777085,-0.7307585141386403
1.8040201005025123,-1.0337494303137582,0.3036285743,8.262154410595965,-0.7301208560137582
1.823115577889447,-1.0322122467416033,0.3027472567,8.238172536976979,-0.7294649900416033
1.8422110552763817,-1.030730191247672,0.3019386826,8.216170114833377,-0.7287915086476721
1.8613065326633165,-1.0293022861309042,0.3012012957,8.196104795084743,-0.7281009904309043
1.880402010050251,-1.027927503341964,0.3005334995,8.177933134752942,-0.727394003841964
1.8994974874371857,-1.026604769230806,0.2999336603,8.161610678596258,-0.726671108930806
1.9185929648241205,-1.0253329693979316,0.2994001085,8.147091994484214,-0.7259328608979316
1.937688442211055,-1.0241109534085455,0.2989311435,8.134330806733365,-0.7251798099085456
1.9567839195979897,-1.022937539496586,0.2985250353,8.123280039645502,-0.7244125041965861
1.9758793969849244,-1.0218115192714252,0.2981800277,8.1138919045841,-0.7236314915714253
1.9949748743718592,-1.0207316619467874,0.2978943442,8.106118060521494,-0.7228373177467875
2.014070351758794,-1.01969671884822,0.2976661896,8.099909657577097,-0.72203052924822
2.0331658291457284,-1.0187054275674787,0.2974937558,8.095217494843432,-0.7212116717674788
2.0522613065326634,-1.0177565159896431,0.2973752256,8.091992123789419,-0.7203812903896432
2.071356783919598,-1.0168487061752445,0.2973087774,8.090183976153869,-0.7195399287752444
2.0904522613065324,-1.0159807180019187,0.297292589,8.089743467348763,-0.7186881290019187
2.1095477386934673,-1.0151512726660785,0.2973248438,8.09062116516985,-0.7178264288660785
2.128643216080402,-1.014359095956377,0.2974037338,8.092767871430796,-0.7169553621563771
2.1477386934673364,-1.0136029213257964,0.2975274649,8.096134766183537,-0.7160754564257965
2.1668341708542713,-1.012881492753514,0.2976942604,8.10067350295813,-0.7151872323535139
2.185929648241206,-1.0121935673956037,0.297902366,8.106336344819683,-0.7142912013956038
2.205025125628141,-1.0115379180245343,0.2981500529,8.113076248723655,-0.7133878651245342
2.2241206030150753,-1.0109133352584458,0.2984356218,8.120846974361395,-0.7124777134584459
2.24321608040201,-1.0103186295851707,0.2987574059,8.129603165794313,-0.7115612236851707
2.2623115577889448,-1.0097526331830324,0.2991137737,8.139300427645747,-0.7106388594830324
2.2814070351758793,-1.0092142015451229,0.2995031318,8.14989540129285,-0.7097110697451229
2.3005025125628142,-1.0087022149122449,0.299923927,8.161345822010508,-0.7087782879122448
2.3195979899497488,-1.0082155795221892,0.3003746478,8.17361055978841,-0.7078409317221892
2.3386934673366833,-1.0077532286812931,0.3008538267,8.186649681917237,-0.7068994019812931
2.357788944723618,-1.0073141236667016,0.3013600401,8.200424450267532,-0.7059540835667015
2.3768844221105527,-1.0068972544682466,0.3018919101,8.214897370270185,-0.7050053443682467
2.3959798994974872,-1.0065016403758633,0.3024481045,8.230032190916441,-0.7040535358758633
2.415075376884422,-1.0061263304237777,0.3030273371,8.24579391292131,-0.7030989933237777
2.4341708542713567,-1.0057704036973925,0.3036283676,8.262148786002427,-0.7021420360973925
2.453266331658291,-1.0054329695144946,0.3042500011,8.279064295274374,-0.7011829684144946
2.472361809045226,-1.0051131674865375,0.3048910881,8.296509161248656,-0.7002220793865375
2.4914572864321607,-1.0048101674707004,0.3055505231,8.314453301737778,-0.6992596443707004
2.510552763819095,-1.004523169420217,0.3062272442,8.332867820970689,-0.698295925220217
2.52964824120603,-1.0042514031423506,0.3069202323,8.351724987823662,-0.6973311708423506
2.5487437185929647,-1.0039941279717883,0.3076285093,8.370998186839811,-0.6963656186717884
2.5678391959798996,-1.0037506323677223,0.3083511376,8.390661904623393,-0.6953994947677223
2.586934673366834,-1.003520233442607,0.3090872185,8.410691686301586,-0.694433014942607
2.6060301507537686,-1.0033022764304946,0.3098358912,8.431064108313114,-0.6934663852304946
2.6251256281407036,-1.0030961341022353,0.3105963311,8.451756732148874,-0.6924998030022353
2.644221105527638,-1.0029012061344704,0.3113677493,8.47274809074626,-0.6915334568344704
2.6633165829145726,-1.0027169184297504,0.3121493901,8.494017620460681,-0.6905675283297504
2.6824120603015076,-1.0025427224535544,0.3129405309,8.515545658344443,-0.6896021915535544
2.701507537688442,-1.0023780944430762,0.3137404797,8.537313374118257,-0.6886376147430762
2.7206030150753766,-1.0022225346981164,0.3145485751,8.559302770171263,-0.6876739595981164
2.7396984924623116,-1.002075566803484,0.3153641838,8.58149661353255,-0.686711383003484
2.758793969849246,-1.0019367368511598,0.3161867005,8.603878433150026,-0.6857500363511598
2.777889447236181,-1.0018056126556067,0.3170155457,8.62643246002536,-0.6847900669556067
2.7969849246231155,-1.0016817829671483,0.3178501655,8.64914362177171,-0.6838316174671483
2.81608040201005,-1.0015648566858661,0.3186900298,8.671997493633226,-0.6828748268858662
2.835175879396985,-1.0014544620805625,0.3195346315,8.694980276715944,-0.6819198305805625
2.8542713567839195,-1.0013502460148822,0.3203834854,8.718078768055257,-0.6809667606148821
2.873366834170854,-1.0012518731837023,0.3212361274,8.741280338846808,-0.6800157457837024
2.892462311557789,-1.0011590253620797,0.3220921133,8.764572901792828,-0.6790669120620797
2.9115577889447235,-1.0010714006681722,0.3229510181,8.787944892054162,-0.6781203825681723
2.930653266331658,-1.0009887128430368,0.3238124348,8.811385234596605,-0.6771762780430368
2.949748743718593,-1.0009106905473857,0.324675974,8.834883333306356,-0.6762347165473857
2.9688442211055275,-1.0008370766774934,0.3255412628,8.858429041057486,-0.6752958138774934
2.987939698492462,-1.0007676277009832,0.3264079442,8.8820126433851,-0.6743596835009831
3.007035175879397,-1.0007021130128502,0.3272756763,8.90562483671624,-0.6734264367128502
3.0261306532663315,-1.0006403143131926,0.3281441315,8.929256706600777,-0.6724961828131926
3.0452261306532664,-1.0005820250068618,0.3290129961,8.952899716826844,-0.6715690289068618
3.064321608040201,-1.0005270496196506,0.3298819695,8.976545687651733,-0.6706450801196506
3.0834170854271354,-1.0004752032527309,0.3307507636,9.000186779475069,-0.6697244396527309
3.1025125628140704,-1.0004263110318752,0.3316191023,9.023815479233107,-0.6688072087318752
3.121608040201005,-1.0003802076096198,0.332486721,9.04742458679305,-0.6678934866096198
3.1407035175879394,-1.000336736658666,0.333353366,9.071007198626203,-0.666983370658666
3.1597989949748744,-1.0002957504163024,0.3342187941,9.094556696923435,-0.6660769563163024
3.178894472361809,-1.0002571092243315,0.335082772,9.118066733268332,-0.6651743372243315
3.1979899497487434,-1.0002206811054812,0.3359450762,9.14153122591607,-0.6642756049054812
3.2170854271356784,-1.0001863413555943,0.3368054923,9.164944340745437,-0.6633808490555942
3.236180904522613,-1.000153972146159,0.3376638145,9.188300477653144,-0.662490157646159
3.255276381909548,-1.0001234621673256,0.3385198458,9.211594275996099,-0.6616036163673256
3.2743718592964823,-1.0000947062674412,0.3393733971,9.234820590101164,-0.6607213091674413
3.293467336683417,-1.0000676051223019,0.3402242871,9.257974486544013,-0.6598433180223018
3.312562814070352,-1.0000420649133634,0.3410723422,9.281051241427992,-0.6589697227133635
3.3316582914572863,-1.0000179970346985,0.3419173957,9.304046318615017,-0.6581006013346985
3.350753768844221,-0.9999953178026217,0.3427592881,9.326955377888979,-0.6572360297026217
3.369849246231156,-0.9999739481892189,0.3435978666,9.34977426135006,-0.6563760815892189
3.3889447236180903,-0.9999538135692558,0.3444329849,9.372498987972453,-0.6555208286692558
3.408040201005025,-0.9999348434531077,0.3452645029,9.395125745440943,-0.6546703405531077
3.4271356783919598,-0.9999169713193148,0.3460922866,9.417650887429778,-0.6538246847193148
3.4462311557788943,-0.9999001343270406,0.3469162078,9.440070925439235,-0.6529839265270406
3.465326633165829,-0.9998842731375253,0.3477361443,9.462382534237918,-0.6521481288375253
3.4844221105527637,-0.9998693318004997,0.348551979,9.484582527372497,-0.6513173528004997
3.5035175879396983,-0.999855257414093,0.3493636006,9.506667876215685,-0.650491656814093
3.522613065326633,-0.9998420000345167,0.350170903,9.528635693639398,-0.6496710970345168
3.5417085427135677,-0.9998295126107197,0.3509737844,9.550483209524517,-0.6488557282107197
3.5608040201005022,-0.9998177506624735,0.3517721494,9.572207827904796,-0.6480456012624735
3.579899497487437,-0.9998066722392642,0.3525659063,9.593807053496114,-0.6472407659392643
3.5989949748743717,-0.9997962377089095,0.3533549684,9.615278527071284,-0.6464412693089094
3.618090452261306,-0.9997864097043402,0.3541392539,9.636620022738912,-0.6456471558043402
3.637185929648241,-0.9997771530366988,0.3549186853,9.657829431616562,-0.6448584677366989
3.6562814070351757,-0.9997684343868015,0.3556931893,9.678904759109626,-0.6440752450868015
3.67537688442211,-0.9997602223954024,0.3564626973,9.699844138517005,-0.6432975250954024
3.694472361809045,-0.999752487514171,0.3572271447,9.720645811983145,-0.6425253428141711
3.7135678391959797,-0.9997452018031245,0.357986471,9.741308133219182,-0.6417587308031245
3.732663316582914,-0.9997383389690145,0.3587406197,9.761829564781792,-0.6409977192690146
3.751758793969849,-0.9997318742114438,0.3594895387,9.78220868895775,-0.6402423355114438
3.7708542713567836,-0.9997257841498931,0.3602331787,9.802444164225717,-0.6394926054498931
3.7899497487437186,-0.9997200467510858,0.3609714956,9.822534790563559,-0.6387485511510858
3.809045226130653,-0.9997146412529385,0.3617044479,9.842479438698742,-0.6380101933529385
3.8281407035175876,-0.9997095480915137,0.3624319983,9.862277093646567,-0.6372775497915137
3.8472361809045226,-0.999704748842883,0.3631541127,9.881926827498756,-0.636550636142883
3.866331658291457,-0.9997002261375693,0.3638707609,9.901427818471447,-0.6358294652375693
3.8854271356783916,-0.9996959636328402,0.3645819156,9.920779323693797,-0.6351140480328402
3.9045226130653266,-0.999691945935932,0.3652875534,9.939980706419368,-0.634404392535932
3.923618090452261,-0.9996881585613281,0.3659876536,9.95903140337246,-0.633700504961328
3.9427135678391956,-0.999684587856775,0.3666821988,9.977930941074957,-0.6330023890567751
3.9618090452261305,-0.9996812209856812,0.3673711753,9.996678946730867,-0.6323100456856812
3.980904522613065,-0.9996780458685921,0.3680545715,10.015275104688106,-0.6316234743685921
4.0,-0.9996750511361576,0.3687323795,10.033719199976726,-0.6309426716361577
