R_angstrom,E_FIC_aug-cc-pV5Z_hartree
0.2,0.00547421066930287
0.2048048048048048,-0.0480335293406404
0.20960960960960962,-0.0986952815613153
0.21441441441441442,-0.146705527342937
0.21921921921921922,-0.192241779715556
0.22402402402402405,-0.235466394276042
0.22882882882882882,-0.276528149594554
0.23363363363363365,-0.315563638615375
0.23843843843843845,-0.352698487233416
0.24324324324324326,-0.388048431232899
0.24804804804804806,-0.421720269301567
0.25285285285285286,-0.453812705389399
0.2576576576576577,-0.484417099575183
0.26246246246246246,-0.513618134905908
0.2672672672672673,-0.541494414460666
0.27207207207207207,-0.56811899294636
0.2768768768768769,-0.593559856400184
0.2816816816816817,-0.617880350442886
0.2864864864864865,-0.641139566771472
0.2912912912912913,-0.663392692226287
0.2960960960960961,-0.684691322484517
0.30090090090090094,-0.705083748009413
0.3057057057057057,-0.724615211328499
0.3105105105105105,-0.743328141499629
0.3153153153153153,-0.761262367598409
0.32012012012012014,-0.778455312539469
0.3249249249249249,-0.794942170101014
0.32972972972972975,-0.810756065992237
0.3345345345345345,-0.825928206616164
0.33933933933933935,-0.840488013380696
0.3441441441441442,-0.854463247328173
0.34894894894894896,-0.867880122767522
0.35375375375375373,-0.880763411741676
0.35855855855855856,-0.893136540420082
0.3633633633633634,-0.905021677928479
0.36816816816816816,-0.916439822333167
0.37297297297297294,-0.927410776358137
0.37777777777777777,-0.937953689227043
0.3825825825825826,-0.948086120154696
0.3873873873873874,-0.957825221595413
0.3921921921921922,-0.967187119407963
0.396996997,-0.976187127846952
0.4018018018018018,-0.984839838968583
0.40660660660660664,-0.993159190780413
0.4114114114114114,-1.00115831054031
0.4162162162162162,-1.00884984829181
0.421021021,-1.01624577867496
0.42582582582582584,-1.02335754468855
0.4306306306306306,-1.03019605192419
0.43543543543543545,-1.03677170521139
0.4402402402402402,-1.04309446146332
0.44504504504504505,-1.04917380649822
0.4498498498498499,-1.05501881122428
0.45465465465465466,-1.06063815598935
0.4594594594594595,-1.06604013399679
0.46426426426426426,-1.07123268454308
0.4690690690690691,-1.07622340706912
0.47387387387387386,-1.08101957583083
0.4786786786786787,-1.08562816210478
0.48348348348348347,-1.09005584168194
0.4882882882882883,-1.09430901965855
0.49309309309309307,-1.0983938327266
0.4978978978978979,-1.10231616993727
0.5027027027027027,-1.10608168244932
0.5075075075075075,-1.10969579332545
0.5123123123123123,-1.11316371097248
0.5171171171171172,-1.11316371112222
0.521921922,-1.11649043750668
0.5267267267267267,-1.11968077874688
0.5315315315315315,-1.12273935359873
0.5363363363363363,-1.12567060258027
0.5411411411411411,-1.12847879571247
0.5459459459459459,-1.13116804066686
0.5507507507507508,-1.13374228982600
0.5555555555555556,-1.13620534732996
0.5603603603603604,-1.13856087557075
0.5651651651651652,-1.14081240163917
0.56996997,-1.14296332298353
0.5747747747747748,-1.14501691332309
0.5795795795795795,-1.14697632767289
0.5843843843843843,-1.14884460779767
0.5891891891891892,-1.15062468648901
0.593993994,-1.15231939266463
0.5987987987987988,-1.15393145539735
0.6036036036036037,-1.15546350786830
0.6084084084084084,-1.15691809205003
0.6132132132132132,-1.15829766124496
0.618018018,-1.15960458480412
0.6228228228228228,-1.16084115078189
0.6276276276276276,-1.16200956922819
0.6324324324324324,-1.16311197586273
0.6372372372372372,-1.16415043392795
0.6420420420420421,-1.16512693817961
0.6468468468468469,-1.16604341655726
0.6516516516516516,-1.16690173336842
0.6564564564564564,-1.16770369155338
0.6612612612612612,-1.16845103488023
0.666066066,-1.16914545027194
0.6708708708708708,-1.16978857022232
0.6756756756756757,-1.17038197423249
0.6804804804804805,-1.17092719160585
0.6852852852852853,-1.1714257022257
0.6900900900900901,-1.17187893969707
0.6948948948948949,-1.17228829154676
0.6996996996996997,-1.17265510249411
0.7045045045045044,-1.17298067481545
0.7093093093093092,-1.17326627027288
0.7141141141141141,-1.17351311164603
0.7189189189189189,-1.17372238414145
0.7237237237237237,-1.17389523658411
0.7285285285285286,-1.17403278274866
0.7333333333333334,-1.17413610251709
0.7381381381381382,-1.17420624338385
0.7429429429429428,-1.17424422125497
0.7477477477477477,-1.17425102161448
0.7525525525525525,-1.17422760044915
0.7573573573573573,-1.17417488577589
0.7621621621621621,-1.17409377771898
0.766966967,-1.17398515045724
0.7717717717717718,-1.17384985216661
0.7765765765765766,-1.1736887065005
0.7813813813813815,-1.17350251322863
0.7861861861861861,-1.17329204889883
0.7909909909909909,-1.17305806774387
0.7957957957957957,-1.17280130226795
0.8006006006006006,-1.1725224641998
0.8054054054054054,-1.17222224506572
0.8102102102102102,-1.17190131650651
0.815015015,-1.17156033146272
0.8198198198198199,-1.17119992437267
0.8246246246246247,-1.17042329349913
0.8294294294294293,-1.17000825190948
0.8342342342342342,-1.16957615378474
0.839039039,-1.16912755003309
0.8438438438438438,-1.16866297632789
0.8486486486486486,-1.16818295387779
0.8534534534534535,-1.16768798938198
0.8582582582582583,-1.16717857583078
0.8630630630630631,-1.16665519279618
0.867867868,-1.16611830685139
0.8726726726726726,-1.16556837202764
0.8774774774774774,-1.16500583003981
0.8822822822822822,-1.16443111084773
0.8870870870870871,-1.16384463286639
0.8918918918918919,-1.16324680333134
0.8966966966966967,-1.1626380187095
0.9015015015015015,-1.16201866492815
0.9063063063063064,-1.161389117707
0.911111111,-1.16074974290976
0.9159159159159158,-1.16010089677032
0.9207207207207206,-1.15944292619077
0.9255255255255255,-1.15877616902932
0.9303303303303303,-1.15810095433288
0.9351351351351351,-1.1574176026039
0.93993994,-1.15672642606433
0.9447447447447448,-1.15602772885351
0.9495495495495496,-1.15532180729169
0.9543543543543542,-1.15460895009515
0.9591591591591591,-1.15388943855906
0.9639639639639639,-1.15316354680049
0.9687687687687687,-1.15243154196587
0.9735735735735735,-1.15169368437306
0.9783783783783784,-1.15095022774819
0.9831831831831832,-1.15020141941786
0.987987988,-1.14944750044627
0.9927927927927929,-1.14868870579017
0.9975975975975975,-1.14792526455388
1.0024024024024023,-1.14715740003212
1.0072072072072071,-1.14638532998782
1.012012012012012,-1.14560926669555
1.0168168168168168,-1.1448294171326
1.0216216216216216,-1.1440459831614
1.0264264264264265,-1.14325916158534
1.0312312312312313,-1.1424691443333
1.0360360360360361,-1.14167611859339
1.0408408408408407,-1.14088026690653
1.0456456456456455,-1.14008176731502
1.0504504504504504,-1.13928079347401
1.0552552552552552,-1.13847751474597
1.06006006,-1.13767209635417
1.0648648648648649,-1.13686469944551
1.0696696696696697,-1.13605548121836
1.0744744744744745,-1.13524459503558
1.0792792792792794,-1.13443219049362
1.084084084084084,-1.13361841354572
1.0888888888888888,-1.13280340657771
1.0936936936936936,-1.13198730850898
1.0984984984984985,-1.13117025487803
1.1033033033033033,-1.13035237792283
1.1081081081081081,-1.12953380666757
1.112912912912913,-1.12871466700905
1.1177177177177178,-1.12789508178555
1.1225225225225224,-1.12707517085556
1.1273273273273272,-1.12625505117962
1.132132132132132,-1.12543483687806
1.1369369369369369,-1.12461463931312
1.1417417417417417,-1.1237945671502
1.1465465465465465,-1.12297472642743
1.1513513513513514,-1.1221552206132
1.1561561561561562,-1.12133615067655
1.160960960960961,-1.12051761514144
1.1657657657657656,-1.11969971014635
1.1705705705705705,-1.11888252950427
1.1753753753753753,-1.11806616475392
1.1801801801801801,-1.11725070521714
1.184984984984985,-1.11643623804481
1.1897897897897898,-1.11562284827816
1.1945945945945946,-1.11481061888802
1.1993993993993994,-1.11399963082434
1.204204204204204,-1.1131899630703
1.2090090090090089,-1.11238169267944
1.2138138138138137,-1.11157489482187
1.2186186186186185,-1.1107696428275
1.2234234234234234,-1.1099660082306
1.2282282282282282,-1.10916406080505
1.233033033033033,-1.1083638686066
1.2378378378378379,-1.10756549801156
1.2426426426426425,-1.1067690137522
1.2474474474474473,-1.10597447895643
1.2522522522522521,-1.10518195517815
1.257057057057057,-1.1043915024383
1.2618618618618618,-1.10360317924983
1.2666666666666666,-1.10281704265795
1.2714714714714714,-1.10203314826745
1.2762762762762763,-1.10125155027645
1.281081081081081,-1.10047230150344
1.2858858858858857,-1.09969545341798
1.2906906906906905,-1.09892105617006
1.2954954954954954,-1.09814915861607
1.3003003003003002,-1.09737980834732
1.305105105105105,-1.0966130517162
1.3099099099099099,-1.09584893386015
1.3147147147147147,-1.09508749872809
1.3195195195195195,-1.09432878910457
1.3243243243243241,-1.09357284663355
1.329129129129129,-1.09281971183999
1.3339339339339338,-1.09206942415444
1.3387387387387386,-1.09132202193286
1.3435435435435434,-1.09057754247912
1.3483483483483483,-1.08983602206531
1.353153153153153,-1.08909749595187
1.357957957957958,-1.08836199840757
1.3627627627627628,-1.08762956272744
1.3675675675675674,-1.08690022125283
1.3723723723723722,-1.08617400538844
1.377177177177177,-1.08545094562099
1.3819819819819819,-1.08473107153525
1.3867867867867867,-1.08401441183136
1.3915915915915915,-1.08330099434087
1.3963963963963963,-1.08259084604317
1.4012012012012012,-1.08188399308
1.406006006006006,-1.08118046077125
1.4108108108108106,-1.08048027362931
1.4156156156156154,-1.07978345537261
1.4204204204204203,-1.07909002894141
1.425225225225225,-1.07840001650878
1.43003003,-1.07771343949598
1.4348348348348348,-1.07703031858376
1.4396396396396396,-1.07635067372566
1.4444444444444444,-1.07567452416001
1.4492492492492492,-1.07500188842176
1.4540540540540539,-1.07433278435357
1.4588588588588587,-1.07366722911818
1.4636636636636635,-1.07300523920802
1.4684684684684683,-1.07234683045698
1.4732732732732732,-1.07169201805055
1.478078078078078,-1.07104081653547
1.4828828828828828,-1.07039323983034
1.4876876876876877,-1.06974930123509
1.4924924924924925,-1.0691090134403
1.497297297297297,-1.06847238853645
1.502102102102102,-1.06783943802304
1.5069069069069068,-1.06721017281745
1.5117117117117116,-1.06658460326312
1.5165165165165164,-1.0659627391386
1.5213213213213213,-1.06534458966505
1.526126126126126,-1.06473016351488
1.530930930930931,-1.06411946881911
1.5357357357357357,-1.06351251317541
1.5405405405405403,-1.06290930365534
1.5453453453453452,-1.06230984681201
1.55015015,-1.06171414868693
1.5549549549549548,-1.06112221481735
1.5597597597597597,-1.06053405024296
1.5645645645645645,-1.0599496595129
1.5693693693693693,-1.05936904669233
1.5741741741741742,-1.05879221536882
1.5789789789789788,-1.05821916865903
1.5837837837837836,-1.05764990921455
1.5885885885885884,-1.05708443922886
1.5933933933933933,-1.05652276044246
1.598198198198198,-1.05596487414970
1.603003003003003,-1.05541078120414
1.6078078078078077,-1.05486048202448
1.6126126126126126,-1.05431397660046
1.6174174174174174,-1.05377126449808
1.622222222222222,-1.05323234486559
1.6270270270270268,-1.05269721643864
1.6318318318318317,-1.05216587754583
1.6366366366366365,-1.05163832611393
1.6414414414414413,-1.05111455967329
1.6462462462462462,-1.05059457536288
1.651051051051051,-1.05007836993548
1.6558558558558558,-1.04956593976284
1.6606606606606606,-1.04905728084062
1.6654654654654653,-1.04855238879345
1.67027027,-1.04805125887973
1.675075075075075,-1.04755388599673
1.6798798798798797,-1.04706026468515
1.6846846846846846,-1.04657038913429
1.6894894894894894,-1.04608425318648
1.6942942942942942,-1.04560185034206
1.699099099099099,-1.04512317376397
1.703903903903904,-1.04464821628245
1.7087087087087085,-1.04417697039972
1.7135135135135133,-1.04370942829452
1.7183183183183182,-1.04324558182686
1.723123123123123,-1.04278542254246
1.7279279279279278,-1.04232894167731
1.7327327327327327,-1.0418761301624
1.7375375375375375,-1.04142697862798
1.7423423423423423,-1.04098147740817
1.7471471471471471,-1.0405396165456
1.7519519519519517,-1.04010138579565
1.7567567567567566,-1.03966677463111
1.7615615615615614,-1.03923577224651
1.7663663663663662,-1.03880836756264
1.771171171171171,-1.03838454923099
1.775975975975976,-1.03796430563814
1.7807807807807807,-1.03754762491022
1.7855855855855856,-1.03713449491729
1.7903903903903904,-1.03672490327787
1.795195195195195,-1.0363188373632
1.7999999999999998,-1.03591628430169
1.8048048048048047,-1.03551723098349
1.8096096096096095,-1.03512166406454
1.8144144144144143,-1.03472956997137
1.8192192192192191,-1.03434093490512
1.824024024024024,-1.03395574484626
1.8288288288288288,-1.03357398555869
1.8336336336336334,-1.03319564259437
1.8384384384384382,-1.03282070129754
1.843243243243243,-1.03244914680914
1.848048048048048,-1.03208096407122
1.8528528528528527,-1.03171613783128
1.8576576576576576,-1.03135465264663
1.8624624624624624,-1.03099649288885
1.8672672672672672,-1.03064164274801
1.872072072072072,-1.03029008623713
1.8768768768768767,-1.02994180719651
1.8816816816816815,-1.02959678929805
1.8864864864864863,-1.02925501604964
1.8912912912912911,-1.02891647079945
1.896096096096096,-1.0285811367403
1.9009009009009008,-1.02824899691393
1.9057057057057056,-1.02792003421540
1.9105105105105105,-1.02759423139728
1.9153153153153153,-1.02727157107402
1.92012012,-1.02695203572618
1.9249249249249247,-1.0266356077048
1.9297297297297296,-1.02632226923554
1.9345345345345344,-1.026012002423
1.9393393393393392,-1.0257047892549
1.944144144144144,-1.02540061160636
1.9489489489489489,-1.02509945124403
1.9537537537537537,-1.02480128983032
1.9585585585585585,-1.02450610892756
1.9633633633633631,-1.02421389000213
1.968168168168168,-1.02392461442854
1.9729729729729728,-1.02363826349371
1.9777777777777776,-1.02335481840079
1.9825825825825825,-1.02307426027349
1.9873873873873873,-1.02279657015989
1.9921921921921921,-1.02252172903659
1.996996996996997,-1.02224971781265
2.001801801801802,-1.02198051733358
2.0066066066066064,-1.02171410838526
2.0114114114114114,-1.02145047169775
2.016216216216216,-1.02118958794931
2.021021021021021,-1.02093143777017
2.0258258258258257,-1.02067600174638
2.0306306306306308,-1.02042326042349
2.0354354354354354,-1.02017319431042
2.0402402402402404,-1.01992578388307
2.045045045045045,-1.01968100958807
2.0498498498498496,-1.01943885184637
2.0546546546546547,-1.0191992910569
2.0594594594594593,-1.01896230760002
2.0642642642642643,-1.01872788184122
2.069069069069069,-1.01849599413442
2.073873873873874,-1.01826662482557
2.0786786786786786,-1.01803975425594
2.0834834834834837,-1.0178153627656
2.0882882882882883,-1.01759343069658
2.093093093093093,-1.01737393839632
2.097897897897898,-1.01715686622082
2.1027027027027025,-1.0169421945378
2.1075075075075076,-1.01672990372991
2.112312312312312,-1.01651997419782
2.1171171171171173,-1.01631238636322
2.121921921921922,-1.01610712067189
2.126726726726727,-1.0159041575966
2.1315315315315315,-1.01570347764009
2.136336336336336,-1.01550506133788
2.141141141141141,-1.01530888926111
2.145945945945946,-1.01511494201927
2.150750750750751,-1.01492320026301
2.1555555555555554,-1.01473364468671
2.1603603603603605,-1.01454625603112
2.165165165165165,-1.01436101508598
2.16996997,-1.01417790269249
2.1747747747747748,-1.01399689974574
2.1795795795795794,-1.01381798719725
2.1843843843843844,-1.01364114605721
2.189189189189189,-1.01346635739689
2.193993993993994,-1.01329360235084
2.1987987987987987,-1.01312286211911
2.2036036036036037,-1.01295411796943
2.2084084084084084,-1.01278735123934
2.2132132132132134,-1.01262254333824
2.218018018018018,-1.01245967574934
2.222822822822823,-1.0122987300317
2.2276276276276277,-1.01213968782212
2.2324324324324327,-1.01198253083692
2.2372372372372373,-1.01182724087384
2.242042042042042,-1.01167379981381
2.246846846846847,-1.01152218962251
2.2516516516516516,-1.01137239235219
2.2564564564564566,-1.0112243901432
2.2612612612612613,-1.01107816522555
2.2660660660660663,-1.01093369992043
2.270870870870871,-1.01079097664163
2.275675675675676,-1.01064997789701
2.2804804804804806,-1.01051068628981
2.285285285285285,-1.01037308452005
2.2900900900900902,-1.01023715538565
2.294894894894895,-1.01010288178379
2.2996997,-1.00997024671197
2.3045045045045045,-1.00983923326927
2.3093093093093096,-1.00970982465729
2.314114114114114,-1.00958200418122
2.318918918918919,-1.00945575525105
2.323723723723724,-1.00933106138211
2.3285285285285284,-1.0092079061963
2.3333333333333335,-1.00908627342279
2.338138138138138,-1.00896614689896
2.342942942942943,-1.00884751057102
2.3477477477477477,-1.0087303484949
2.352552552552553,-1.00861464483684
2.3573573573573574,-1.00850038387406
2.3621621621621625,-1.00838754999539
2.366966966966967,-1.0082761277019
2.3717717717717717,-1.00816610160731
2.3765765765765767,-1.00805745643854
2.3813813813813813,-1.00795017703622
2.3861861861861864,-1.00784424835505
2.390990990990991,-1.00773965546422
2.395795795795796,-1.00763638354773
2.4006006006006007,-1.00753441790474
2.4054054054054057,-1.00743374394984
2.4102102102102103,-1.00733434721325
2.415015015015015,-1.00723621334113
2.41981982,-1.00713932809567
2.4246246246246246,-1.00704367735527
2.4294294294294296,-1.00694924711472
2.4342342342342342,-1.00685602348517
2.4390390390390393,-1.00676399269432
2.443843843843844,-1.00667314108631
2.4486486486486485,-1.00658345512185
2.4534534534534536,-1.00649492137812
2.458258258258258,-1.00640752654875
2.463063063063063,-1.00632125744365
2.467867867867868,-1.00623610098907
2.472672672672673,-1.00615204422732
2.4774774774774775,-1.00606907431667
2.4822822822822825,-1.00598717853117
2.487087087087087,-1.00590634426043
2.4918918918918918,-1.0058265590094
2.496696696696697,-1.00574781039814
2.5015015015015014,-1.0056700861615
2.5063063063063065,-1.00559337414886
2.511111111111111,-1.00551766232384
2.515915915915916,-1.0054429387639
2.5207207207207207,-1.00536919166004
2.525525525525526,-1.00529640931643
2.5303303303303304,-1.00522458014996
2.535135135135135,-1.00515369268991
2.53993994,-1.00508373557749
2.5447447447447447,-1.00501469756538
2.5495495495495497,-1.0049465675173
2.5543543543543543,-1.00487933440754
2.5591591591591594,-1.00481298732043
2.563963963963964,-1.00474751544992
2.568768768768769,-1.00468290809905
2.5735735735735736,-1.00461915467916
2.5783783783783782,-1.00455624470982
2.5831831831831833,-1.00449416781789
2.587987987987988,-1.00443291373719
2.592792792792793,-1.00437247230776
2.5975975975975976,-1.00431283347531
2.6024024024024026,-1.0042539872907
2.6072072072072072,-1.00419592390923
2.6120120120120123,-1.00413863359008
2.616816816816817,-1.00408210669571
2.6216216216216215,-1.00402633369108
2.6264264264264265,-1.00397130514318
2.631231231231231,-1.00391701172027
2.636036036036036,-1.00386344419127
2.640840840840841,-1.00381059342502
2.645645645645646,-1.00375845038973
2.6504504504504505,-1.00370700615215
2.6552552552552555,-1.003656251877
2.66006006,-1.00360617882622
2.6648648648648647,-1.00355677835828
2.66966967,-1.00350804192748
2.6744744744744744,-1.00345996108325
2.6792792792792794,-1.00341252746945
2.684084084084084,-1.00336573282361
2.688888888888889,-1.00331956897621
2.6936936936936937,-1.00327402785005
2.6984984984984988,-1.0032291014594
2.7033033033033034,-1.00318478190937
2.708108108108108,-1.0031410613951
2.712912912912913,-1.00309793220107
2.7177177177177176,-1.00305538670039
2.7225225225225227,-1.003013417354
2.7273273273273273,-1.00297201670998
2.7321321321321324,-1.00293117740278
2.736936936936937,-1.0028908921525
2.741741741741742,-1.00285115376416
2.7465465465465466,-1.00281195512694
2.7513513513513512,-1.0027732892134
2.7561561561561563,-1.00273514907883
2.760960960960961,-1.00269752786044
2.765765765765766,-1.00266041877665
2.7705705705705705,-1.00262381512632
2.7753753753753756,-1.00258771028804
2.78018018,-1.00255209771938
2.7849849849849853,-1.00251697095617
2.78978979,-1.00248232361173
2.7945945945945945,-1.00244814937617
2.7993993993993995,-1.00241444201565
2.804204204204204,-1.00238119537161
2.809009009009009,-1.00234840336015
2.813813813813814,-1.00231605997113
2.818618618618619,-1.00228415926765
2.8234234234234235,-1.00225269538515
2.8282282282282285,-1.00222166253081
2.833033033033033,-1.00219105498279
2.8378378378378377,-1.0021608670895
2.8426426426426428,-1.00213109326892
2.8474474474474474,-1.00210172800788
2.8522522522522524,-1.00207276586138
2.857057057057057,-1.00204420145185
2.861861861861862,-1.00201602946846
2.8666666666666667,-1.00198824466648
2.8714714714714717,-1.00196084186653
2.8762762762762764,-1.00193381595389
2.881081081081081,-1.00190716187787
2.885885885885886,-1.00188087465108
2.8906906906906906,-1.00185494934882
2.8954954954954957,-1.00182938110833
2.9003003003003003,-1.00180416512816
2.9051051051051053,-1.00177929666756
2.90990991,-1.00175477104568
2.9147147147147145,-1.00173058364108
2.9195195195195196,-1.001706729891
2.924324324324324,-1.00168320529069
2.9291291291291293,-1.00166000539283
2.933933933933934,-1.00163712580683
2.938738738738739,-1.00161456219830
2.9435435435435435,-1.00159231028826
2.9483483483483486,-1.0015703658527
2.953153153153153,-1.00154872472182
2.957957957957958,-1.00152738277951
2.962762762762763,-1.00150633596263
2.9675675675675675,-1.00148558026057
2.9723723723723725,-1.0014651117145
2.977177177177177,-1.00144492641684
2.981981981981982,-1.00142502051069
2.9867867867867868,-1.00140539018918
2.991591591591592,-1.00138603169497
2.9963963963963964,-1.00136694131957
3.001201201201201,-1.00134811540292
3.006006006006006,-1.00132955033264
3.0108108108108107,-1.00131124254365
3.0156156156156158,-1.00129318851746
3.0204204204204204,-1.00127538478173
3.0252252252252254,-1.00125782790968
3.03003003,-1.00124051451952
3.034834834834835,-1.00122344127397
3.0396396396396397,-1.00120660487967
3.0444444444444443,-1.00119000208674
3.0492492492492493,-1.00117362968816
3.054054054054054,-1.00115748451928
3.058858858858859,-1.00114156345739
3.0636636636636636,-1.00112586342107
3.0684684684684687,-1.00111038136981
3.0732732732732733,-1.00109511430344
3.0780780780780783,-1.00108005926171
3.082882882882883,-1.00106521332368
3.0876876876876875,-1.00105057360738
3.0924924924924926,-1.00103613726922
3.097297297297297,-1.00102190150358
3.1021021021021022,-1.00100786354231
3.106906906906907,-1.00099402065429
3.111711711711712,-1.00098037014495
3.1165165165165165,-1.00096690935581
3.1213213213213216,-1.00095363566405
3.126126126126126,-1.00094054648204
3.1309309309309308,-1.000927639257
3.135735735735736,-1.00091491147035
3.1405405405405404,-1.00090236063749
3.1453453453453455,-1.00088998430728
3.15015015,-1.00087778006163
3.154954954954955,-1.00086574551504
3.1597597597597598,-1.00085387831429
3.164564564564565,-1.0008421761379
3.1693693693693694,-1.00083063669588
3.174174174174174,-1.00081925772916
3.178978978978979,-1.00080803700933
3.1837837837837837,-1.00079697233816
3.1885885885885887,-1.00078606154728
3.1933933933933933,-1.00077530249776
3.1981981981981984,-1.00076469307974
3.203003003003003,-1.00075423121203
3.207807807807808,-1.00074391484178
3.2126126126126127,-1.00073374194412
3.2174174174174173,-1.00072371052174
3.2222222222222223,-1.0007138186046
3.227027027027027,-1.00070406424953
3.231831831831832,-1.00069444553989
3.2366366366366366,-1.00068496058526
3.2414414414414416,-1.00067560752103
3.2462462462462462,-1.00066638450813
3.2510510510510513,-1.00065728973267
3.255855855855856,-1.00064832140559
3.2606606606606605,-1.00063947776239
3.2654654654654656,-1.00063075706275
3.27027027,-1.00062215758794
3.2750750750750752,-1.0006136776519
3.27987988,-1.00060531557824
3.284684684684685,-1.00059706972258
3.2894894894894895,-1.00058893846092
3.2942942942942945,-1.00058092019158
3.299099099099099,-1.000573013335
3.3039039039039038,-1.00056521633332
3.308708708708709,-1.0005575276502
3.3135135135135134,-1.00054994577048
3.3183183183183185,-1.00054246919986
3.323123123123123,-1.00053509646474
3.327927927927928,-1.00052782611184
3.3327327327327327,-1.00052065670795
3.337537537537538,-1.0005135868397
3.3423423423423424,-1.00050661511328
3.347147147147147,-1.00049974015411
3.351951951951952,-1.00049296060669
3.3567567567567567,-1.00048627513427
3.3615615615615617,-1.00047968241868
3.3663663663663663,-1.00047318115993
3.3711711711711714,-1.00046677007615
3.375975975975976,-1.0004604479032
3.380780780780781,-1.0004542133945
3.3855855855855856,-1.0004480653208
3.3903903903903903,-1.0004420024699
3.3951951951951953,-1.00043602364646
3.4,-1.00043012767178
3.404804804804805,-1.00042431338350
3.4096096096096096,-1.00041857963548
3.4144144144144146,-1.00041292529751
3.4192192192192192,-1.00040734925516
3.424024024024024,-1.00040185040945
3.428828828828829,-1.00039642767676
3.4336336336336335,-1.0003910799886
3.4384384384384385,-1.00038580629133
3.443243243243243,-1.00038060554603
3.448048048048048,-1.00037547672826
3.452852852852853,-1.00037041882791
3.457657657657658,-1.00036543084898
3.4624624624624625,-1.00036051180934
3.467267267267267,-1.00035566074061
3.472072072072072,-1.00035087668794
3.4768768768768767,-1.00034615870984
3.481681681681682,-1.00034150587797
3.4864864864864864,-1.00033691727701
3.4912912912912915,-1.00033239200442
3.496096096096096,-1.00032792917031
3.500900900900901,-1.00032352789722
3.5057057057057057,-1.00031918732003
3.5105105105105103,-1.00031490658572
3.5153153153153154,-1.00031068485322
3.52012012,-1.00030652129318
3.524924924924925,-1.00030241508811
3.5297297297297296,-1.00029836543176
3.5345345345345347,-1.00029437152927
3.5393393393393393,-1.00029043259693
3.5441441441441444,-1.00028654786202
3.548948948948949,-1.00028271656271
3.5537537537537536,-1.00027893794783
3.5585585585585586,-1.00027521127678
3.5633633633633632,-1.00027153581938
3.5681681681681683,-1.0002679108557
3.572972972972973,-1.00026433567594
3.577777777777778,-1.00026080958026
3.5825825825825826,-1.00025733187869
3.5873873873873876,-1.00025390189096
3.592192192192192,-1.00025051894637
3.596996996996997,-1.00024718238365
3.601801801801802,-1.00024389155089
3.6066066066066065,-1.00024064580528
3.6114114114114115,-1.00023744451315
3.616216216216216,-1.00023428704969
3.621021021021021,-1.00023117279894
3.625825825825826,-1.0002281011536
3.630630630630631,-1.00022507151493
3.6354354354354355,-1.00022208329262
3.64024024,-1.00021913590473
3.645045045045045,-1.0002162287775
3.6498498498498497,-1.00021336134524
3.6546546546546548,-1.0002105330503
3.6594594594594594,-1.00020774334286
3.6642642642642644,-1.00020499168085
3.669069069069069,-1.00020227752991
3.673873873873874,-1.00019960036317
3.6786786786786787,-1.00019695966121
3.6834834834834833,-1.00019435491198
3.6882882882882884,-1.00019178561064
3.693093093093093,-1.00018925125947
3.697897897897898,-1.00018675136784
3.7027027027027026,-1.00018428545196
3.7075075075075077,-1.00018185303499
3.7123123123123123,-1.00017945364675
3.7171171171171173,-1.00017708682373
3.721921921921922,-1.000174752109
3.7267267267267266,-1.00017244905207
3.7315315315315316,-1.00017017720881
3.736336336336336,-1.00016793614142
3.7411411411411413,-1.00016572541826
3.745945945945946,-1.00016354461378
3.750750750750751,-1.00016139330853
3.7555555555555555,-1.0001592710889
3.7603603603603606,-1.00015717754719
3.765165165165165,-1.00015511228148
3.76996997,-1.00015307489553
3.774774774774775,-1.00015106499869
3.7795795795795795,-1.00014908220585
3.7843843843843845,-1.00014712613738
3.789189189189189,-1.000145196419
3.793993993993994,-1.00014329268176
3.798798798798799,-1.00014141456191
3.803603603603604,-1.00013956170086
3.8084084084084084,-1.00013773374512
3.813213213213213,-1.00013593034618
3.818018018018018,-1.00013415116049
3.8228228228228227,-1.00013239584937
3.8276276276276278,-1.00013066407891
3.8324324324324324,-1.00012895551998
3.8372372372372374,-1.00012726984807
3.842042042042042,-1.0001256067433
3.846846846846847,-1.00012396589032
3.8516516516516517,-1.00012234697823
3.8564564564564563,-1.00012074970056
3.8612612612612613,-1.00011917375519
3.866066066066066,-1.00011761884425
3.870870870870871,-1.00011608467412
3.8756756756756756,-1.00011457095535
3.8804804804804807,-1.00011307740256
3.8852852852852853,-1.00011160373444
3.89009009,-1.00011014967368
3.894894894894895,-1.00010871494688
3.8996996996996995,-1.00010729928451
3.9045045045045046,-1.0001059024209
3.909309309309309,-1.00010452409411
3.9141141141141143,-1.0001031640459
3.918918918918919,-1.00010182202176
3.923723723723724,-1.00010049777072
3.9285285285285285,-1.00009919104538
3.933333333333333,-1.00009790160192
3.938138138138138,-1.00009662919984
3.942942942942943,-1.00009537360216
3.947747747747748,-1.00009413457521
3.9525525525525524,-1.00009291188867
3.9573573573573575,-1.00009170531543
3.962162162162162,-1.00009051463166
3.966966966966967,-1.00008933961665
3.9717717717717718,-1.00008818005286
3.9765765765765764,-1.00008703572579
3.9813813813813814,-1.00008590642404
3.986186186186186,-1.0000847919391
3.990990990990991,-1.00008369206554
3.9957957957957957,-1.00008260660075
4.000600600600601,-1.00008153534504
4.005405405405405,-1.00008047810154
4.01021021,-1.00007943467612
4.015015015015015,-1.00007840487745
4.019819819819819,-1.00007738851688
4.024624624624624,-1.00007638540848
4.029429429429429,-1.0000753953689
4.034234234234234,-1.00007441821741
4.0390390390390385,-1.00007345377582
4.0438438438438435,-1.00007250186849
4.048648648648649,-1.00007156232224
4.053453453453454,-1.00007063496635
4.058258258258258,-1.00006971963252
4.063063063063063,-1.00006881615483
4.067867867867868,-1.00006792436969
4.072672672672672,-1.00006704411583
4.077477477477477,-1.00006617523429
4.082282282282282,-1.00006531756831
4.087087087087087,-1.00006447096338
4.091891891891891,-1.00006363526717
4.0966966966966964,-1.00006281032949
4.1015015015015015,-1.0000619960023
4.106306306306306,-1.00006119213958
4.111111111111111,-1.00006039859747
4.115915915915916,-1.00005961523407
4.120720720720721,-1.00005884190952
4.125525525525525,-1.00005807848594
4.13033033,-1.00005732482734
4.135135135135135,-1.00005658079971
4.13993994,-1.00005584627092
4.144744744744744,-0.999704989
4.149549549549549,-0.999704302
4.154354354354354,-0.999703623
4.159159159159159,-0.999702954
4.163963963963964,-0.999702293
4.168768768768769,-0.99970164
4.173573573573574,-0.999700996
4.178378378378378,-0.99970036
4.183183183183183,-0.999699733
4.187987987987988,-0.999699113
4.192792792792792,-0.999698502
4.197597597597597,-0.999697898
4.202402402402402,-0.999697302
4.207207207207207,-0.999696714
4.212012012012012,-0.999696133
4.2168168168168165,-0.99969556
4.221621621621622,-0.999694994
4.226426426426427,-0.999694435
4.231231231231231,-0.999693883
4.236036036036036,-0.999693339
4.240840840840841,-0.999692801
4.245645645645646,-0.99969227
4.25045045,-0.999691746
4.255255255255255,-0.999691229
4.26006006,-0.999690718
4.264864864864865,-0.999690214
4.269669669669669,-0.999689716
4.2744744744744745,-0.999689224
4.2792792792792795,-0.999688739
4.284084084084084,-0.99968826
4.288888888888889,-0.999687786
4.293693693693694,-0.999687319
4.298498498498499,-0.999686858
4.303303303303303,-0.999686402
4.308108108108108,-0.999685952
4.312912912912913,-0.999685508
4.317717717717717,-0.999685069
4.322522522522522,-0.999684636
4.327327327327327,-0.999684209
4.332132132132132,-0.999683786
4.336936936936937,-0.999683369
4.341741741741742,-0.999682957
4.346546546546547,-0.999682551
4.351351351351352,-0.999682149
4.356156156156156,-0.999681752
4.360960960960961,-0.99968136
4.365765765765766,-0.999680974
4.370570571,-0.999680591
4.375375375375375,-0.999680214
4.38018018,-0.999679841
4.384984984984985,-0.999679473
4.3897897897897895,-0.99967911
4.394594594594595,-0.999678751
4.399399399,-0.999678396
4.404204204204204,-0.999678045
4.409009009009009,-0.999677699
4.413813813813814,-0.999677358
4.418618618618619,-0.99967702
4.423423423423423,-0.999676686
4.428228228228228,-0.999676357
4.433033033033033,-0.999676031
4.437837837837838,-0.99967571
4.442642642642642,-0.999675392
4.4474474474474475,-0.999675079
4.4522522522522525,-0.999674769
4.457057057057057,-0.999674462
4.461861861861862,-0.99967416
4.466666666666667,-0.999673861
4.471471471471472,-0.999673565
4.476276276276276,-0.999673274
4.481081081081081,-0.999672985
4.485885885885886,-0.999672701
4.490690691,-0.999672419
4.495495495495495,-0.999672141
4.5003003,-0.999671866
4.505105105105105,-0.999671595
4.50990991,-0.999671326
4.514714714714715,-0.999671061
4.51951952,-0.999670799
4.524324324324325,-0.99967054
4.529129129129129,-0.999670284
4.533933933933934,-0.999670031
4.538738738738739,-0.999669781
4.543543543543543,-0.999669534
4.548348348348348,-0.99966929
4.553153153153153,-0.999669049
4.557957957957958,-0.99966881
4.5627627627627625,-0.999668575
4.5675675675675675,-0.999668342
4.572372372372373,-0.999668111
4.577177177177177,-0.999667884
4.581981981981982,-0.999667659
4.586786786786787,-0.999667436
4.591591591591592,-0.999667216
4.596396396396396,-0.999666999
4.601201201201201,-0.999666784
4.606006006006006,-0.999666571
4.610810810810811,-0.999666361
4.615615615615615,-0.999666153
4.6204204204204204,-0.999665948
4.6252252252252255,-0.999665745
4.63003003,-0.999665544
4.634834834834835,-0.999665346
4.63963964,-0.999665149
4.644444444444445,-0.999664955
4.649249249249249,-0.999664763
4.654054054054054,-0.999664573
4.658858858858859,-0.999664386
4.663663663663663,-0.9996642
4.668468468468468,-0.999664016
4.673273273273273,-0.999663835
4.678078078078078,-0.999663655
4.682882882882883,-0.999663478
4.687687687687688,-0.999663302
4.692492492492493,-0.999663128
4.697297297297297,-0.999662956
4.702102102102102,-0.999662786
4.706906906906907,-0.999662618
4.711711711711712,-0.999662451
4.716516516516516,-0.999662287
4.721321321321321,-0.999662124
4.726126126126126,-0.999661963
4.730930930930931,-0.999661803
4.7357357357357355,-0.999661646
4.7405405405405405,-0.99966149
4.745345345345346,-0.999661335
4.75015015,-0.999661183
4.754954954954955,-0.999661031
4.75975976,-0.999660882
4.764564564564565,-0.999660734
4.769369369369369,-0.999660587
4.774174174174174,-0.999660442
4.778978978978979,-0.999660299
4.783783783783783,-0.999660157
4.788588588588588,-0.999660017
4.793393393393393,-0.999659877
4.7981981981981985,-0.99965974
4.803003003003003,-0.999659604
4.807807807807808,-0.999659469
4.812612612612613,-0.999659335
4.817417417417418,-0.999659203
4.822222222222222,-0.999659072
4.827027027027027,-0.999658943
4.831831831831832,-0.999658815
4.836636636636636,-0.999658688
4.841441441441441,-0.999658562
4.846246246246246,-0.999658438
4.851051051051051,-0.999658315
4.8558558558558556,-0.999658193
4.860660660660661,-0.999658072
4.865465465465466,-0.999657953
4.87027027,-0.999657834
4.875075075075075,-0.999657717
4.87987988,-0.999657601
4.884684684684685,-0.999657486
4.889489489489489,-0.999657372
4.894294294294294,-0.99965726
4.899099099099099,-0.999657148
4.903903903903904,-0.999657038
4.9087087087087085,-0.999656928
4.9135135135135135,-0.99965682
4.918318318318319,-0.999656712
4.923123123123123,-0.999656606
4.927927927927928,-0.999656501
4.932732732732733,-0.999656396
4.937537537537538,-0.999656293
4.942342342342342,-0.999656191
4.947147147147147,-0.999656089
4.951951951951952,-0.999655989
4.956756756756756,-0.999655889
4.961561561561561,-0.99965579
4.966366366366366,-0.999655693
4.9711711711711715,-0.999655596
4.975975975975976,-0.9996555
4.980780780780781,-0.999655405
4.985585585585586,-0.999655311
4.990390390390391,-0.999655217
4.995195195195195,-0.999655125
5,-0.999655033