R_angstrom,E_FIC_aug-cc-pVQZ_hartree
0.2,0.831350398348383
0.2048048048048048,0.775299755058081
0.20960960960960962,0.722094105634264
0.21441441441441442,0.671539866834587
0.21921921921921922,0.62346037177004
0.22402402402402405,0.577694066620865
0.22882882882882882,0.534092934013811
0.23363363363363365,0.492521110225169
0.23843843843843845,0.452853668592954
0.24324324324324326,0.414975546070409
0.24804804804804806,0.378780593406671
0.25285285285285286,0.344170732568923
0.2576576576576577,0.311055207412185
0.26246246246246246,0.279349915759631
0.2672672672672673,0.248976812809196
0.27207207207207207,0.219863377115812
0.2768768768768769,0.191942131743717
0.2816816816816817,0.165150214060863
0.2864864864864865,0.139428988633869
0.2912912912912913,0.114723698283
0.2960960960960961,0.0909831490918395
0.30090090090090094,0.068159425578532
0.3057057057057057,0.0462076327767393
0.3105105105105105,0.0250856623672159
0.3153153153153153,0.0047539802451022
0.32012012012012014,-0.0148245666650614
0.3249249249249249,-0.0336849263628493
0.32972972972972975,-0.051860002244692
0.3345345345345345,-0.0693807996868329
0.33933933933933935,-0.0862765600858437
0.3441441441441442,-0.10257488361865
0.34894894894894896,-0.118301841826283
0.35375375375375373,-0.133482080975974
0.35855855855855856,-0.148138917097799
0.3633633633633634,-0.162294423475175
0.36816816816816816,-0.175969511269061
0.37297297297297294,-0.189184003935455
0.37777777777777777,-0.201956705956764
0.3825825825825826,-0.214305466433367
0.3873873873873874,-0.226247237953172
0.3921921921921922,-0.237798131161376
0.396996997,-0.24897346540858
0.4018018018018018,-0.259787815785901
0.40660660660660664,-0.270255056862963
0.4114114114114114,-0.280388403393098
0.4162162162162162,-0.29020044823602
0.421021021,-0.29970319770633
0.42582582582582584,-0.30890810457158
0.4306306306306306,-0.31782609886148
0.43543543543543545,-0.32646761667093
0.4402402402402402,-0.334842627097643
0.44504504504504505,-0.342960657459695
0.4498498498498499,-0.350830816919064
0.45465465465465466,-0.358461818622044
0.4594594594594595,-0.365862000472185
0.46426426426426426,-0.373039344619578
0.4690690690690691,-0.380001495770689
0.47387387387387386,-0.386755778389963
0.4786786786786787,-0.393309212874014
0.48348348348348347,-0.399668530765938
0.4882882882882883,-0.405840189079991
0.49309309309309307,-0.411830383783678
0.4978978978978979,-0.417645062509556
0.5027027027027027,-0.423289936529648
0.5075075075075075,-0.428770492058387
0.5123123123123123,-0.434092000910898
0.5171171171171172,-0.439259530567955
0.521921922,-0.444277953686128
0.5267267267267267,-0.44915195707933
0.5315315315315315,-0.453886050214612
0.5363363363363363,-0.458484573248458
0.5411411411411411,-0.462951704631012
0.5459459459459459,-0.467291468307497
0.5507507507507508,-0.471507740540519
0.5555555555555556,-0.47560425637629
0.5603603603603604,-0.479584615774444
0.5651651651651652,-0.483452289429742
0.56996997,-0.48721062429039
0.5747747747747748,-0.490862848804228
0.5795795795795795,-0.494412077902583
0.5843843843843843,-0.497861317735648
0.5891891891891892,-0.501213470179901
0.593993994,-0.504471337122922
0.5987987987987988,-0.507637624546901
0.6036036036036037,-0.51071494641272
0.6084084084084084,-0.513705828366390
0.6132132132132132,-0.516612711268435
0.618018018,-0.519437954558942
0.6228228228228228,-0.522183839472649
0.6276276276276276,-0.524852572102751
0.6324324324324324,-0.52744628632903
0.6372372372372372,-0.529967046613166
0.6420420420420421,-0.532416850671558
0.6468468468468469,-0.534797632028292
0.6516516516516516,-0.537111262456509
0.6564564564564564,-0.539359554315675
0.6612612612612612,-0.541544262784725
0.666066066,-0.543667088001354
0.6708708708708708,-0.545729677109663
0.6756756756756757,-0.547733626220815
0.6804804804804805,-0.549680482290344
0.6852852852852853,-0.551571744918031
0.6900900900900901,-0.553408868071921
0.6948948948948949,-0.555193261739592
0.6996996996996997,-0.556926293512965
0.7045045045045044,-0.558609290106954
0.7093093093093092,-0.560243538813967
0.7141141141141141,-0.561830288902316
0.7189189189189189,-0.563370752953215
0.7237237237237237,-0.564866108146925
0.7285285285285286,-0.566317497493622
0.7333333333333334,-0.567726031016265
0.7381381381381382,-0.569092786883237
0.7429429429429428,-0.570418812497792
0.7477477477477477,-0.571705125540873
0.7525525525525525,-0.572952714973822
0.7573573573573573,-0.574162541998206
0.7621621621621621,-0.575335540980715
0.766966967,-0.576472620336462
0.7717717717717718,-0.577574663381343
0.7765765765765766,-0.578642529148595
0.7813813813813815,-0.579677053171944
0.7861861861861861,-0.580679048240997
0.7909909909909909,-0.581649305124248
0.7957957957957957,-0.582588593266277
0.8006006006006006,-0.583497661457513
0.8054054054054054,-0.584377238477633
0.8102102102102102,-0.585228033716908
0.815015015,-0.586050737772192
0.8198198198198199,-0.586846023022597
0.8246246246246247,-0.587614544183138
0.8294294294294293,-0.588356938839422
0.8342342342342342,-0.589073827962239
0.839039039,-0.589765816405025
0.8438438438438438,-0.590433493382874
0.8486486486486486,-0.591077432936142
0.8534534534534535,-0.591698194377399
0.8582582582582583,-0.592296322723465
0.8630630630630631,-0.592872349112836
0.867867868,-0.593426791209714
0.8726726726726726,-0.59396015359346
0.8774774774774774,-0.5944729281367
0.8822822822822822,-0.594965594370108
0.8870870870870871,-0.595438619835482
0.8918918918918919,-0.595892460427756
0.8966966966966967,-0.596327560726083
0.9015015015015015,-0.596744354313549
0.9063063063063064,-0.597143264087656
0.911111111,-0.597524702560446
0.9159159159159158,-0.597889072149471
0.9207207207207206,-0.598236765459239
0.9255255255255255,-0.598568165554341
0.9303303303303303,-0.59888364622365
0.9351351351351351,-0.599183572236586
0.93993994,-0.599468299591101
0.9447447447447448,-0.599738175754787
0.9495495495495496,-0.599993539897533
0.9543543543543542,-0.600234723118118
0.9591591591591591,-0.600462048662905
0.9639639639639639,-0.600675832138685
0.9687687687687687,-0.600876381718737
0.9735735735735735,-0.601063998342465
0.9783783783783784,-0.601238975909626
0.9831831831831832,-0.601401601468053
0.987987988,-0.601552155396159
0.9927927927927929,-0.601690911579985
0.9975975975975975,-0.601818137584886
1.0024024024024023,-0.601934094821994
1.0072072072072071,-0.602039038710386
1.012012012012012,-0.602133218833336
1.0168168168168168,-0.602216879091257
1.0216216216216216,-0.60229025784922
1.0264264264264265,-0.602353588080574
1.0312312312312313,-0.602407097506327
1.0360360360360361,-0.602451008730311
1.0408408408408407,-0.602485539370625
1.0456456456456455,-0.602510902187311
1.0504504504504504,-0.602527305205998
1.0552552552552552,-0.602534951838282
1.06006006,-0.602534040998494
1.0648648648648649,-0.602524767217372
1.0696696696696697,-0.60250732075191
1.0744744744744745,-0.602481887692854
1.0792792792792794,-0.602448650068302
1.084084084084084,-0.602407785944910
1.0888888888888888,-0.602359469526309
1.0936936936936936,-0.602303871247961
1.0984984984984985,-0.602241157870118
1.1033033033033033,-0.602171492568087
1.1081081081081081,-0.602095035019315
1.112912912912913,-0.602011941488658
1.1177177177177178,-0.601922364911208
1.1225225225225224,-0.601826454972289
1.1273273273273272,-0.60172435818587
1.132132132132132,-0.601616217970284
1.1369369369369369,-0.601502174722162
1.1417417417417417,-0.601382365888137
1.1465465465465465,-0.601256926034791
1.1513513513513514,-0.601125986916234
1.1561561561561562,-0.600989677540348
1.160960960960961,-0.600848124232876
1.1657657657657656,-0.600701450699862
1.1705705705705705,-0.600549778088359
1.1753753753753753,-0.600393225045647
1.1801801801801801,-0.600231907776586
1.184984984984985,-0.600065940099563
1.1897897897897898,-0.599895433501025
1.1945945945945946,-0.599720497188417
1.1993993993993994,-0.599541238141759
1.204204204204204,-0.599357761163799
1.2090090090090089,-0.599170168928987
1.2138138138138137,-0.598978562031077
1.2186186186186185,-0.598783039029277
1.2234234234234234,-0.598583696493679
1.2282282282282282,-0.598380629049073
1.233033033033033,-0.598173929417718
1.2378378378378379,-0.597963688461173
1.2426426426426425,-0.597749995220999
1.2474474474474473,-0.597532936958259
1.2522522522522521,-0.597312599192268
1.257057057057057,-0.597089065738051
1.2618618618618618,-0.596862418743443
1.2666666666666666,-0.596632738724326
1.2714714714714714,-0.596400104599993
1.2762762762762763,-0.596164593726987
1.281081081081081,-0.595926281932343
1.2858858858858857,-0.595685243545973
1.2906906906906905,-0.595441551432268
1.2954954954954954,-0.595195277020952
1.3003003003003002,-0.594946490337178
1.305105105105105,-0.594695260030914
1.3099099099099099,-0.594441653405714
1.3147147147147147,-0.594185736446447
1.3195195195195195,-0.593927573847045
1.3243243243243241,-0.593667229036852
1.329129129129129,-0.593404764206948
1.3339339339339338,-0.593140240335547
1.3387387387387386,-0.592873717212901
1.3435435435435434,-0.592605253465605
1.3483483483483483,-0.592334906580468
1.353153153153153,-0.592062732927607
1.357957957957958,-0.591788787783337
1.3627627627627628,-0.591513125352292
1.3675675675675674,-0.591235798789113
1.3723723723723722,-0.590956860219733
1.377177177177177,-0.590676360762159
1.3819819819819819,-0.590394350546716
1.3867867867867867,-0.59011087873601
1.3915915915915915,-0.589825993544333
1.3963963963963963,-0.589539742256563
1.4012012012012012,-0.589252171247027
1.406006006006006,-0.588963325997551
1.4108108108108106,-0.588673251115204
1.4156156156156154,-0.588381990349943
1.4204204204204203,-0.588089586611552
1.425225225225225,-0.587796081986451
1.43003003,-0.587501517753888
1.4348348348348348,-0.58720593440222
1.4396396396396396,-0.586909371644418
1.4444444444444444,-0.586611868433442
1.4492492492492492,-0.586313462977324
1.4540540540540539,-0.586014192753917
1.4588588588588587,-0.58571409452523
1.4636636636636635,-0.585413204351663
1.4684684684684683,-0.585111557605715
1.4732732732732732,-0.584809188985647
1.478078078078078,-0.58450613252873
1.4828828828828828,-0.584202421624073
1.4876876876876877,-0.583898089025634
1.4924924924924925,-0.583593166864434
1.497297297297297,-0.583287686660889
1.502102102102102,-0.582981679336646
1.5069069069069068,-0.58267517522648
1.5117117117117116,-0.582368204089549
1.5165165165165164,-0.582060795120709
1.5213213213213213,-0.581752976961519
1.526126126126126,-0.58144477771095
1.530930930930931,-0.581136224935903
1.5357357357357357,-0.580827345681608
1.5405405405405403,-0.580518166481641
1.5453453453453452,-0.580208713367758
1.55015015,-0.579899011879704
1.5549549549549548,-0.579589087074577
1.5597597597597597,-0.579278963536048
1.5645645645645645,-0.578968665383565
1.5693693693693693,-0.578658216281115
1.5741741741741742,-0.57834763944587
1.5789789789789788,-0.578036957656781
1.5837837837837836,-0.577726193262797
1.5885885885885884,-0.577415368191064
1.5933933933933933,-0.577104503954758
1.598198198198198,-0.576793621660917
1.603003003003003,-0.576482742018117
1.6078078078078077,-0.576171885343722
1.6126126126126126,-0.575861071571313
1.6174174174174174,-0.57555032025772
1.622222222222222,-0.575239650589967
1.6270270270270268,-0.574929081392074
1.6318318318318317,-0.574618631131734
1.6366366366366365,-0.574308317926732
1.6414414414414413,-0.573998159551362
1.6462462462462462,-0.573688173442576
1.651051051051051,-0.573378376706126
1.6558558558558558,-0.573068786122422
1.6606606606606606,-0.572759418152344
1.6654654654654653,-0.572450288943001
1.67027027,-0.572141414333158
1.675075075075075,-0.571832809858748
1.6798798798798797,-0.571524490758141
1.6846846846846846,-0.571216471977327
1.6894894894894894,-0.570908768175025
1.6942942942942942,-0.570601393727668
1.699099099099099,-0.570294362734172
1.703903903903904,-0.569987689020778
1.7087087087087085,-0.5696813861457
1.7135135135135133,-0.569375467403637
1.7183183183183182,-0.569069945830289
1.723123123123123,-0.568764834206739
1.7279279279279278,-0.568460145063647
1.7327327327327327,-0.568155890685511
1.7375375375375375,-0.567852083114806
1.7423423423423423,-0.567548734155925
1.7471471471471471,-0.567245855379233
1.7519519519519517,-0.566943458124802
1.7567567567567566,-0.56664155350636
1.7615615615615614,-0.56634015241492
1.7663663663663662,-0.566039265522465
1.771171171171171,-0.565738903285506
1.775975975975976,-0.565439075948630
1.7807807807807807,-0.565139793547947
1.7855855855855856,-0.564841065914515
1.7903903903903904,-0.564542902677582
1.795195195195195,-0.564245313267946
1.7999999999999998,-0.563948306921131
1.8048048048048047,-0.563651892680583
1.8096096096096095,-0.563356079400683
1.8144144144144143,-0.563060875749911
1.8192192192192191,-0.562766290213764
1.824024024024024,-0.562472331097744
1.8288288288288288,-0.562179006530256
1.8336336336336334,-0.561886324465416
1.8384384384384382,-0.561594292685904
1.843243243243243,-0.561302918805704
1.848048048048048,-0.561012210272807
1.8528528528528527,-0.560722174371869
1.8576576576576576,-0.560432818226867
1.8624624624624624,-0.560144148803659
1.8672672672672672,-0.55985617291251
1.872072072072072,-0.559568897210597
1.8768768768768767,-0.559282328204502
1.8816816816816815,-0.558996472252542
1.8864864864864863,-0.558711335567255
1.8912912912912911,-0.558426924217624
1.896096096096096,-0.558143244131475
1.9009009009009008,-0.557860301097684
1.9057057057057056,-0.557578100768402
1.9105105105105105,-0.55729664866125
1.9153153153153153,-0.557015950161508
1.92012012,-0.556736010524181
1.9249249249249247,-0.55645683487606
1.9297297297297296,-0.556178428217864
1.9345345345345344,-0.555900795426161
1.9393393393393392,-0.555623941255367
1.944144144144144,-0.555347870339716
1.9489489489489489,-0.555072587195163
1.9537537537537537,-0.55479809622123
1.9585585585585585,-0.554524401702905
1.9633633633633631,-0.554251507812394
1.968168168168168,-0.553979418610991
1.9729729729729728,-0.553708138050745
1.9777777777777776,-0.55343766997623
1.9825825825825825,-0.55316801812623
1.9873873873873873,-0.552899186135397
1.9921921921921921,-0.55263117753587
1.996996996996997,-0.552363995758948
2.001801801801802,-0.552097644136582
2.0066066066066064,-0.551832125902962
2.0114114114114114,-0.551567444196065
2.016216216216216,-0.551303602059103
2.021021021021021,-0.551040602442024
2.0258258258258257,-0.550778448202951
2.0306306306306308,-0.550517142109615
2.0354354354354354,-0.550256686840698
2.0402402402402404,-0.549997084987269
2.045045045045045,-0.549738339054066
2.0498498498498496,-0.549480451460879
2.0546546546546547,-0.549223424543801
2.0594594594594593,-0.548967260556506
2.0642642642642643,-0.548711961671544
2.069069069069069,-0.548457529981539
2.073873873873874,-0.548203967500385
2.0786786786786786,-0.547951276164473
2.0834834834834837,-0.547699457833829
2.0882882882882883,-0.547448514293291
2.093093093093093,-0.547198447253602
2.097897897897898,-0.546949258352543
2.1027027027027025,-0.546700949156043
2.1075075075075076,-0.546453521159188
2.112312312312312,-0.546206975787359
2.1171171171171173,-0.545961314397179
2.121921921921922,-0.545716538277612
2.126726726726727,-0.545472648650902
2.1315315315315315,-0.545229646673621
2.136336336336336,-0.544987533437570
2.141141141141141,-0.544746309970788
2.145945945945946,-0.54450597723847
2.150750750750751,-0.544266536143877
2.1555555555555554,-0.544027987529274
2.1603603603603605,-0.543790332176788
2.165165165165165,-0.543553570809318
2.16996997,-0.543317704091387
2.1747747747747748,-0.543082732630013
2.1795795795795794,-0.542848656975513
2.1843843843843844,-0.542615477622354
2.189189189189189,-0.542383195009964
2.193993993993994,-0.542151809523536
2.1987987987987987,-0.541921321494811
2.2036036036036037,-0.541691731202857
2.2084084084084084,-0.541463038874834
2.2132132132132134,-0.541235244686754
2.218018018018018,-0.541008348764228
2.222822822822823,-0.540782351183184
2.2276276276276277,-0.540557251970588
2.2324324324324327,-0.540333051105191
2.2372372372372373,-0.540109748518190
2.242042042042042,-0.539887344093929
2.246846846846847,-0.539665837670601
2.2516516516516516,-0.539445229040909
2.2564564564564566,-0.539225517952706
2.2612612612612613,-0.539006704109702
2.2660660660660663,-0.538788787172053
2.270870870870871,-0.538571766757036
2.275675675675676,-0.538355642439645
2.2804804804804806,-0.538140413753242
2.285285285285285,-0.537926080190158
2.2900900900900902,-0.537712641202270
2.294894894894895,-0.537500096201646
2.2996997,-0.537288444561069
2.3045045045045045,-0.537077685614694
2.3093093093093096,-0.536867818658519
2.314114114114114,-0.536658842951049
2.318918918918919,-0.536450757713797
2.323723723723724,-0.536243562131853
2.3285285285285284,-0.536037255354404
2.3333333333333335,-0.535831836495290
2.338138138138138,-0.535627304633536
2.342942942942943,-0.535423658813875
2.3477477477477477,-0.535220898047235
2.352552552552553,-0.535019021311268
2.3573573573573574,-0.534818027550885
2.3621621621621625,-0.534617915678692
2.366966966966967,-0.534418684575507
2.3717717717717717,-0.534220333090868
2.3765765765765767,-0.534022860043483
2.3813813813813813,-0.533826264221708
2.3861861861861864,-0.533630544384011
2.390990990990991,-0.533435699259456
2.395795795795796,-0.533241727548125
2.4006006006006007,-0.533048627921590
2.4054054054054057,-0.532856399023359
2.4102102102102103,-0.532665039469297
2.415015015015015,-0.532474547848083
2.41981982,-0.532284922721618
2.4246246246246246,-0.532096162625466
2.4294294294294296,-0.531908266069271
2.4342342342342342,-0.531721231537153
2.4390390390390393,-0.531535057488155
2.443843843843844,-0.531349742356592
2.4486486486486485,-0.531165284552523
2.4534534534534536,-0.530981682462050
2.458258258258258,-0.530798934447823
2.463063063063063,-0.530617038849328
2.467867867867868,-0.530435993983328
2.472672672672673,-0.530255798144208
2.4774774774774775,-0.530076449604376
2.4822822822822825,-0.529897946614602
2.487087087087087,-0.529720287404408
2.4918918918918918,-0.529543470182433
2.496696696696697,-0.529367493136738
2.5015015015015014,-0.529192354435222
2.5063063063063065,-0.529018052225937
2.511111111111111,-0.528844584637452
2.515915915915916,-0.528671949779173
2.5207207207207207,-0.528500145741685
2.525525525525526,-0.528329170597109
2.5303303303303304,-0.528159022399391
2.535135135135135,-0.527989699184678
2.53993994,-0.527821198971594
2.5447447447447447,-0.527653519761588
2.5495495495495497,-0.527486659539231
2.5543543543543543,-0.527320616272575
2.5591591591591594,-0.527155387913373
2.563963963963964,-0.526990972397487
2.568768768768769,-0.526827367645125
2.5735735735735736,-0.526664571561134
2.5783783783783782,-0.526502582035374
2.5831831831831833,-0.526341396942908
2.587987987987988,-0.526181014144372
2.592792792792793,-0.526021431486219
2.5975975975975976,-0.525862646801011
2.6024024024024026,-0.525704657907734
2.6072072072072072,-0.525547462612014
2.6120120120120123,-0.525391058706441
2.616816816816817,-0.525235443970833
2.6216216216216215,-0.525080616172493
2.6264264264264265,-0.524926573066488
2.631231231231231,-0.524773312395891
2.636036036036036,-0.524620831892088
2.640840840840841,-0.52446912927498
2.645645645645646,-0.524318202253287
2.6504504504504505,-0.52416804852477
2.6552552552552555,-0.52401866577651
2.66006006,-0.52387005168512
2.6648648648648647,-0.523722203917016
2.66966967,-0.52357512012868
2.6744744744744744,-0.523428797966843
2.6792792792792794,-0.523283235068783
2.684084084084084,-0.52313842906252
2.688888888888889,-0.522994377567067
2.6936936936936937,-0.522851078192662
2.6984984984984988,-0.522708528541004
2.7033033033033034,-0.522566726205457
2.708108108108108,-0.522425668771278
2.712912912912913,-0.52228535381588
2.7177177177177176,-0.522145778908982
2.7225225225225227,-0.522006941612897
2.7273273273273273,-0.521868839482699
2.7321321321321324,-0.52173147006644
2.736936936936937,-0.521594830905394
2.741741741741742,-0.521458919534231
2.7465465465465466,-0.521323733481245
2.7513513513513512,-0.521189270268526
2.7561561561561563,-0.521055527412231
2.760960960960961,-0.520922502422689
2.765765765765766,-0.520790192804688
2.7705705705705705,-0.520658596057607
2.7753753753753756,-0.520527709675644
2.78018018,-0.520397531147998
2.7849849849849853,-0.520268057959054
2.78978979,-0.52013928758858
2.7945945945945945,-0.520011217511919
2.7993993993993995,-0.519883845200132
2.804204204204204,-0.519757168120241
2.809009009009009,-0.519631183735371
2.813813813813814,-0.519505889504909
2.818618618618619,-0.519381282884737
2.8234234234234235,-0.519257361327365
2.8282282282282285,-0.519134122282091
2.833033033033033,-0.519011563195213
2.8378378378378377,-0.518889681510175
2.8426426426426428,-0.518768474667713
2.8474474474474474,-0.518647940106068
2.8522522522522524,-0.51852807526111
2.857057057057057,-0.518408877566486
2.861861861861862,-0.518290344453838
2.8666666666666667,-0.518172473352896
2.8714714714714717,-0.518055261691673
2.8762762762762764,-0.517938706896603
2.881081081081081,-0.51782280639269
2.885885885885886,-0.517707557603665
2.8906906906906906,-0.517592957952135
2.8954954954954957,-0.517479004859707
2.9003003003003003,-0.517365695747179
2.9051051051051053,-0.517253028034621
2.90990991,-0.51714099914158
2.9147147147147145,-0.517029606487158
2.9195195195195196,-0.516918847490197
2.924324324324324,-0.516808719569382
2.9291291291291293,-0.516699220143388
2.933933933933934,-0.516590346631036
2.938738738738739,-0.516482096451368
2.9435435435435435,-0.516374467023834
2.9483483483483486,-0.51626745576836
2.953153153153153,-0.516161060105532
2.957957957957958,-0.516055277456693
2.962762762762763,-0.515950105244049
2.9675675675675675,-0.515845540890816
2.9723723723723725,-0.515741581821334
2.977177177177177,-0.515638225461165
2.981981981981982,-0.515535469237238
2.9867867867867868,-0.515433310577941
2.991591591591592,-0.515331746913229
2.9963963963963964,-0.515230775674775
3.001201201201201,-0.515130394296022
3.006006006006006,-0.515030600212345
3.0108108108108107,-0.514931390861115
3.0156156156156158,-0.514832763681844
3.0204204204204204,-0.514734716116233
3.0252252252252254,-0.514637245608336
3.03003003,-0.514540349604634
3.034834834834835,-0.514444025554119
3.0396396396396397,-0.514348270908406
3.0444444444444443,-0.514253083121859
3.0492492492492493,-0.51415845965161
3.054054054054054,-0.514064397957738
3.058858858858859,-0.513970895503314
3.0636636636636636,-0.513877949754494
3.0684684684684687,-0.513785558180630
3.0732732732732733,-0.513693718254322
3.0780780780780783,-0.513602427451554
3.082882882882883,-0.513511683251745
3.0876876876876875,-0.513421483137837
3.0924924924924926,-0.513331824596401
3.097297297297297,-0.513242705117681
3.1021021021021022,-0.513154122195705
3.106906906906907,-0.513066073328375
3.111711711711712,-0.512978556017505
3.1165165165165165,-0.512891567768941
3.1213213213213216,-0.51280510609258
3.126126126126126,-0.512719168502528
3.1309309309309308,-0.512633752517117
3.135735735735736,-0.512548855658967
3.1405405405405404,-0.512464475455103
3.1453453453453455,-0.512380609436998
3.15015015,-0.512297255140651
3.154954954954955,-0.512214410106642
3.1597597597597598,-0.512132071880231
3.164564564564565,-0.512050238011391
3.1693693693693694,-0.51196890605489
3.174174174174174,-0.511888073570348
3.178978978978979,-0.511807738122319
3.1837837837837837,-0.511727897280326
3.1885885885885887,-0.511648548618957
3.1933933933933933,-0.511569689717884
3.1981981981981984,-0.511491318161963
3.203003003003003,-0.51141343154126
3.207807807807808,-0.511336027451135
3.2126126126126127,-0.511259103492306
3.2174174174174173,-0.511182657270843
3.2222222222222223,-0.511106686398315
3.227027027027027,-0.511031188491766
3.231831831831832,-0.51095616117383
3.2366366366366366,-0.510881602072734
3.2414414414414416,-0.510807508822376
3.2462462462462462,-0.510733879062383
3.2510510510510513,-0.510660710438137
3.255855855855856,-0.510588000600844
3.2606606606606605,-0.510515747207584
3.2654654654654656,-0.510443947921345
3.27027027,-0.510372600411088
3.2750750750750752,-0.510301702351776
3.27987988,-0.51023125142443
3.284684684684685,-0.510161245316185
3.2894894894894895,-0.510091681720288
3.2942942942942945,-0.510022558336223
3.299099099099099,-0.509953872869689
3.3039039039039038,-0.509885623032655
3.308708708708709,-0.509817806543405
3.3135135135135134,-0.509750421126603
3.3183183183183185,-0.509683464513299
3.323123123123123,-0.509616934440977
3.327927927927928,-0.509550828653618
3.3327327327327327,-0.509485144901702
3.337537537537538,-0.50941988094229
3.3423423423423424,-0.509355034539021
3.347147147147147,-0.509290603462149
3.351951951951952,-0.509226585488623
3.3567567567567567,-0.509162978402063
3.3615615615615617,-0.509099779992863
3.3663663663663663,-0.509036988058154
3.3711711711711714,-0.508974600401885
3.375975975975976,-0.508912614834846
3.380780780780781,-0.508851029174681
3.3855855855855856,-0.508789841245954
3.3903903903903903,-0.508729048880154
3.3951951951951953,-0.508668649915721
3.4,-0.508608642198107
3.404804804804805,-0.508549023579777
3.4096096096096096,-0.508489791920257
3.4144144144144146,-0.508430945086136
3.4192192192192192,-0.508372480951113
3.424024024024024,-0.508314397396049
3.428828828828829,-0.508256692308933
3.4336336336336335,-0.508199363584961
3.4384384384384385,-0.508142409126517
3.443243243243243,-0.508085826843276
3.448048048048048,-0.508029614652123
3.452852852852853,-0.507973770477244
3.457657657657658,-0.507918292250145
3.4624624624624625,-0.507863177909667
3.467267267267267,-0.50780842540199
3.472072072072072,-0.507754032680679
3.4768768768768767,-0.507699997706692
3.481681681681682,-0.507646318448415
3.4864864864864864,-0.507592992881669
3.4912912912912915,-0.507540018989721
3.496096096096096,-0.507487394763334
3.500900900900901,-0.507435118200759
3.5057057057057057,-0.507383187307746
3.5105105105105103,-0.507331600097592
3.5153153153153154,-0.507280354591152
3.52012012,-0.507229448816816
3.524924924924925,-0.50717888081057
3.5297297297297296,-0.507128648615998
3.5345345345345347,-0.507078750284295
3.5393393393393393,-0.50702918387427
3.5441441441441444,-0.506979947452375
3.548948948948949,-0.506931039092713
3.5537537537537536,-0.506882456877047
3.5585585585585586,-0.506834198894847
3.5633633633633632,-0.506786263243214
3.5681681681681683,-0.506738648026991
3.572972972972973,-0.506691351358726
3.577777777777778,-0.506644371358668
3.5825825825825826,-0.506597706154819
3.5873873873873876,-0.506551353882895
3.592192192192192,-0.506505312686379
3.596996996996997,-0.506459580716505
3.601801801801802,-0.506414156132267
3.6066066066066065,-0.506369037100429
3.6114114114114115,-0.506324221795539
3.616216216216216,-0.506279708399903
3.621021021021021,-0.506235495103672
3.625825825825826,-0.506191580104714
3.630630630630631,-0.506147961608759
3.6354354354354355,-0.506104637829305
3.64024024,-0.506061606987682
3.645045045045045,-0.506018867312996
3.6498498498498497,-0.505976417042199
3.6546546546546548,-0.50593425442003
3.6594594594594594,-0.505892377699075
3.6642642642642644,-0.505850785139703
3.669069069069069,-0.505809475010125
3.673873873873874,-0.505768445586372
3.6786786786786787,-0.505727695152267
3.6834834834834833,-0.505687221999488
3.6882882882882884,-0.505647024427499
3.693093093093093,-0.505607100743605
3.697897897897898,-0.505567449262909
3.7027027027027026,-0.50552806830832
3.7075075075075077,-0.505488956210574
3.7123123123123123,-0.505450111308198
3.7171171171171173,-0.505411531947529
3.721921921921922,-0.505373216482693
3.7267267267267266,-0.505335163275614
3.7315315315315316,-0.505297370695998
3.736336336336336,-0.505259837121345
3.7411411411411413,-0.505222560936923
3.745945945945946,-0.505185540535765
3.750750750750751,-0.505148774318679
3.7555555555555555,-0.505112260694221
3.7603603603603606,-0.505075998078699
3.765165165165165,-0.505039984896153
3.76996997,-0.505004219578377
3.774774774774775,-0.504968700564862
3.7795795795795795,-0.504933426302827
3.7843843843843845,-0.504898395247205
3.789189189189189,-0.504863605860599
3.793993993993994,-0.504829056613317
3.798798798798799,-0.504794745983338
3.803603603603604,-0.504760672456289
3.8084084084084084,-0.504726834525473
3.813213213213213,-0.504693230691807
3.818018018018018,-0.504659859463864
3.8228228228228227,-0.504626719357796
3.8276276276276278,-0.504593808897387
3.8324324324324324,-0.504561126613999
3.8372372372372374,-0.504528671046571
3.842042042042042,-0.504496440741599
3.846846846846847,-0.504464434253128
3.8516516516516517,-0.504432650142744
3.8564564564564563,-0.504401086979535
3.8612612612612613,-0.504369743340101
3.866066066066066,-0.50433861780852
3.870870870870871,-0.504307708976366
3.8756756756756756,-0.504277015442645
3.8804804804804807,-0.504246535813799
3.8852852852852853,-0.504216268703702
3.89009009,-0.50418621273364
3.894894894894895,-0.50415636653226
3.8996996996996995,-0.504126728735608
3.9045045045045046,-0.504097297987072
3.909309309309309,-0.504068072937364
3.9141141141141143,-0.504039052244521
3.918918918918919,-0.504010234573873
3.923723723723724,-0.503981618598028
3.9285285285285285,-0.503953202996852
3.933333333333333,-0.503924986457455
3.938138138138138,-0.503896967674157
3.942942942942943,-0.503869145348483
3.947747747747748,-0.503841518189144
3.9525525525525524,-0.50381408491199
3.9573573573573575,-0.503786844240037
3.962162162162162,-0.503759794903378
3.966966966966967,-0.503732935639247
3.9717717717717718,-0.503706265191924
3.9765765765765764,-0.503679782312741
3.9813813813813814,-0.503653485760086
3.986186186186186,-0.503627374299329
3.990990990990991,-0.503601446702846
3.9957957957957957,-0.503575701749967
4.000600600600601,-0.503550138226965
4.005405405405405,-0.503524754927046
4.01021021,-0.50349955065029
4.015015015015015,-0.503474524203674
4.019819819819819,-0.503449674401008
4.024624624624624,-0.503425000062953
4.029429429429429,-0.503400500016935
4.034234234234234,-0.503376173097207
4.0390390390390385,-0.503352018144736
4.0438438438438435,-0.503328034007239
4.048648648648649,-0.503304219539155
4.053453453453454,-0.503280573601589
4.058258258258258,-0.503257095062299
4.063063063063063,-0.503233782795701
4.067867867867868,-0.5032106356828
4.072672672672672,-0.503187652611207
4.077477477477477,-0.503164832475063
4.082282282282282,-0.503142174175082
4.087087087087087,-0.503119676618455
4.091891891891891,-0.50309733871888
4.0966966966966964,-0.503075159396502
4.1015015015015015,-0.503053137577908
4.106306306306306,-0.50303127219609
4.111111111111111,-0.503009562190416
4.115915915915916,-0.502988006506636
4.120720720720721,-0.50296660409679
4.125525525525525,-0.502945353919268
4.13033033,-0.502924254938702
4.135135135135135,-0.502903306126006
4.13993994,-0.502882506458291
4.144744744744744,-0.50286185491891
4.149549549549549,-0.502841350497357
4.154354354354354,-0.502820992189277
4.159159159159159,-0.502800778996458
4.163963963963964,-0.502780709926751
4.168768768768769,-0.502760783994108
4.173573573573574,-0.502741000218516
4.178378378378378,-0.502721357625959
4.183183183183183,-0.502701855248431
4.187987987987988,-0.502682492123868
4.192792792792792,-0.50266326729617
4.197597597597597,-0.502644179815111
4.202402402402402,-0.502625228736387
4.207207207207207,-0.502606413121509
4.212012012012012,-0.502587732037839
4.2168168168168165,-0.502569184558549
4.221621621621622,-0.502550769762556
4.226426426426427,-0.502532486734549
4.231231231231231,-0.502514334564933
4.236036036036036,-0.502496312349805
4.240840840840841,-0.502478419190922
4.245645645645646,-0.502460654195692
4.25045045,-0.50244301647712
4.255255255255255,-0.502425505153827
4.26006006,-0.502408119349958
4.264864864864865,-0.502390858195205
4.269669669669669,-0.502373720824773
4.2744744744744745,-0.502356706379332
4.2792792792792795,-0.502339814005016
4.284084084084084,-0.502323042853369
4.288888888888889,-0.502306392081343
4.293693693693694,-0.502289860851253
4.298498498498499,-0.502273448330764
4.303303303303303,-0.50225715369285
4.308108108108108,-0.50224097611578
4.312912912912913,-0.502224914783091
4.317717717717717,-0.502208968883546
4.322522522522522,-0.502193137611121
4.327327327327327,-0.50217742016497
4.332132132132132,-0.502161815749415
4.336936936936937,-0.50214632357391
4.341741741741742,-0.502130942852981
4.346546546546547,-0.50211567280626
4.351351351351352,-0.502100512658424
4.356156156156156,-0.502085461639166
4.360960960960961,-0.502070518983176
4.365765765765766,-0.502055683930111
4.370570571,-0.502040955724585
4.375375375375375,-0.502026333616126
4.38018018,-0.50201181685913
4.384984984984985,-0.501997404712889
4.3897897897897895,-0.501983096441515
4.394594594594595,-0.501968891313939
4.399399399,-0.501954788603879
4.404204204204204,-0.501940787589808
4.409009009009009,-0.501926887554946
4.413813813813814,-0.501913087787198
4.418618618618619,-0.501899387579174
4.423423423423423,-0.501885786228142
4.428228228228228,-0.50187228303598
4.433033033033033,-0.501858877309176
4.437837837837838,-0.501845568358829
4.442642642642642,-0.501832355500549
4.4474474474474475,-0.501819238054515
4.4522522522522525,-0.501806215345369
4.457057057057057,-0.501793286702264
4.461861861861862,-0.501780451458781
4.466666666666667,-0.501767708952963
4.471471471471472,-0.501755058527221
4.476276276276276,-0.501742499528356
4.481081081081081,-0.501730031307525
4.485885885885886,-0.501717653220206
4.490690691,-0.501705364626194
4.495495495495495,-0.501693164889553
4.5003003,-0.501681053378593
4.505105105105105,-0.501669029465864
4.50990991,-0.501657092528117
4.514714714714715,-0.501645241946289
4.51951952,-0.50163347710547
4.524324324324325,-0.501621797394864
4.529129129129129,-0.501610202207813
4.533933933933934,-0.501598690941724
4.538738738738739,-0.50158726299806
4.543543543543543,-0.501575917782335
4.548348348348348,-0.501564654704052
4.553153153153153,-0.501553473176738
4.557957957957958,-0.501542372617852
4.5627627627627625,-0.501531352448797
4.5675675675675675,-0.501520412094915
4.572372372372373,-0.501509550985417
4.577177177177177,-0.501498768553401
4.581981981981982,-0.5014880642358
4.586786786786787,-0.501477437473391
4.591591591591592,-0.501466887710728
4.596396396396396,-0.501456414396161
4.601201201201201,-0.501446016981786
4.606006006006006,-0.501435694923442
4.610810810810811,-0.501425447680662
4.615615615615615,-0.501415274716692
4.6204204204204204,-0.501405175498409
4.6252252252252255,-0.501395149496365
4.63003003,-0.501385196184715
4.634834834834835,-0.501375315041218
4.63963964,-0.501365505547205
4.644444444444445,-0.501355767187572
4.649249249249249,-0.501346099450732
4.654054054054054,-0.501336501828618
4.658858858858859,-0.501326973816653
4.663663663663663,-0.50131751491372
4.668468468468468,-0.501308124622154
4.673273273273273,-0.50129880244772
4.678078078078078,-0.501289547899573
4.682882882882883,-0.501280360490256
4.687687687687688,-0.501271239735673
4.692492492492493,-0.501262185155075
4.697297297297297,-0.501253196271015
4.702102102102102,-0.501244272609351
4.706906906906907,-0.50123541369924
4.711711711711712,-0.501226619073055
4.716516516516516,-0.501217888266434
4.721321321321321,-0.50120922081823
4.726126126126126,-0.501200616270473
4.730930930930931,-0.501192074168391
4.7357357357357355,-0.50118359406035
4.7405405405405405,-0.501175175497863
4.745345345345346,-0.501166818035549
4.75015015,-0.501158521231118
4.754954954954955,-0.501150284645377
4.75975976,-0.501142107842167
4.764564564564565,-0.501133990388359
4.769369369369369,-0.501125931853884
4.774174174174174,-0.501117931811623
4.778978978978979,-0.501109989837445
4.783783783783783,-0.501102105510216
4.788588588588588,-0.501094278411691
4.793393393393393,-0.50108650812657
4.7981981981981985,-0.501078794242453
4.803003003003003,-0.501071136349824
4.807807807807808,-0.501063534042037
4.812612612612613,-0.501055986915281
4.817417417417418,-0.501048494568589
4.822222222222222,-0.501041056603771
4.827027027027027,-0.501033672625474
4.831831831831832,-0.501026342241083
4.836636636636636,-0.501019065060755
4.841441441441441,-0.501011840697374
4.846246246246246,-0.501004668766541
4.851051051051051,-0.500997548886581
4.8558558558558556,-0.500990480678469
4.860660660660661,-0.500983463765881
4.865465465465466,-0.500976497775107
4.87027027,-0.500969582335105
4.875075075075075,-0.50096271707741
4.87987988,-0.500955901636185
4.884684684684685,-0.500949135648146
4.889489489489489,-0.500942418752599
4.894294294294294,-0.50093575059136
4.899099099099099,-0.500929130808827
4.903903903903904,-0.500922559051845
4.9087087087087085,-0.50091603496981
4.9135135135135135,-0.500909558214558
4.918318318318319,-0.500903128440429
4.923123123123123,-0.500896745304160
4.927927927927928,-0.500890408464962
4.932732732732733,-0.500884117584432
4.937537537537538,-0.500877872326572
4.942342342342342,-0.500871672357766
4.947147147147147,-0.500865517346769
4.951951951951952,-0.500859406964689
4.956756756756756,-0.500853340884958
4.961561561561561,-0.500847318783327
4.966366366366366,-0.500841340337852
4.9711711711711715,-0.500835405228893
4.975975975975976,-0.500829513139057
4.980780780780781,-0.500823663753216
4.985585585585586,-0.500817856758508
4.990390390390391,-0.500812091844259
4.995195195195195,-0.500806368702044
5,-0.500800687025609