R_angstrom,E_singlet_root_0,E_singlet_root_1,E_singlet_root_2,E_singlet_root_3,E_singlet_root_4,E_singlet_root_5,E_singlet_root_6,E_singlet_root_7,E_singlet_root_8,E_singlet_root_9,E_singlet_root_10,E_triplet_root_0,E_triplet_root_1,E_triplet_root_2,E_triplet_root_3,E_triplet_root_4,E_triplet_root_5,E_triplet_root_6,E_triplet_root_7,E_triplet_root_8,E_triplet_root_9,E_triplet_root_10
0.2,0.007031714810068035,0.691182221373654,0.847376080355547,0.8916311927179714,1.1109759493093843,1.2462466674790247,1.5753363980943385,1.899516566725722,1.9409830037839746,1.961334475041655,2.0391772364968066,0.6934039168192181,0.7920545713582072,0.9648618975793177,1.2522524310344354,1.265549892849784,1.3356914752905784,1.8983178560537581,2.002609610123291,2.0859324090968587,2.0984315783104655,2.135316995695625
0.2241206030150754,-0.2347955872127363,0.43756794078247174,0.5934968905660694,0.6382007408782373,0.8562125263234945,0.9904883529520165,1.3245340466188975,1.619515317661798,1.6555333370216774,1.6783614525382493,1.7561830503891267,0.4376599190427093,0.5366957963443209,0.7084097554175208,0.9905991405749284,1.0106294089835366,1.0813842570135852,1.6151778872960294,1.7349005532081594,1.8003448816210865,1.816842711967836,1.8497799182067984
0.24824120603015076,-0.42159692010204,0.23907753196353765,0.3946819413137095,0.4399442293431719,0.6565506160501291,0.7897183964058674,1.1286102965044427,1.3945021517763108,1.4255283352217418,1.4508634868651784,1.528594609983097,0.236890677188903,0.33645650053966203,0.5075355785106839,0.7816144749114655,0.8108857596945034,0.8848879116110435,1.3871781383743549,1.529952154002788,1.5698689589933432,1.5906053151696091,1.619360292575546
0.2723618090452261,-0.5683479905937134,0.0808136202467249,0.23603539266532203,0.28196474092526747,0.49709943845218585,0.6290565931202348,0.9725869479045852,1.2095093417632727,1.2365315006277942,1.2641292743693588,1.3417157268714746,0.07619578458858078,0.17645380302885183,0.347672405438622,0.616356402361367,0.651451882484855,0.7285543069848266,1.1995924701323923,1.3793156084985323,1.3917547530916488,1.4055311038195906,1.4293972772092354
0.2964824120603015,-0.6851507227555571,-0.0472721275297221,0.10751205839442579,0.15421361558135138,0.36781559438435574,0.4984728712053961,0.8463285024134061,1.0542428034902982,1.079001440120948,1.1082325504079535,1.1856277821835364,-0.05448954882677137,0.04644062248960257,0.21698161064834798,0.4891659318354391,0.5223000143848753,0.5958141189523289,1.0424338894428504,1.219966097442001,1.249308107865174,1.2696361951025632,1.283360857037212
0.3206030150753769,-0.7790579691589388,-0.1521987992086551,0.0020955922186658427,0.049670209232315576,0.26168341074138723,0.3909638389792831,0.7427160623217316,0.9214555299910878,0.946391561399712,0.9762320472116411,1.0533897368431588,-0.1621914021528852,-0.0605765664825888,0.10828799650917054,0.38433512538094994,0.41641721564024503,0.48392056326839783,0.9087699721175432,1.083911924691039,1.1179403754052648,1.1337770474238118,1.1546470932910993
0.34472361809045227,-0.855142085870142,-0.23901630726574052,-0.08526142763328948,-0.036718189369358,0.17365565462163213,0.30149070140987044,0.6565623930693582,0.8062007848260448,0.8337978026213054,0.8631272813734556,0.9399864376491877,-0.25196398905457906,-0.14953578593943484,0.01749955796734226,0.29424500036581036,0.3287433071859458,0.3916748822636491,0.7936236314459251,0.9664193038799896,1.0051292371605411,1.0163450239484595,1.0402863075571276
0.3688442211055276,-0.9171431647514532,-0.3114493227974333,-0.15828081398330873,-0.10867960646694974,0.10001004102193178,0.22633850812355027,0.5839147944685467,0.7052490816057676,0.7373017826490731,0.7652240700873525,0.8416629682634862,-0.3275416208587827,-0.22413699096697015,-0.05886197833165685,0.21614156309945165,0.25552850208265143,0.31555794507088364,0.6933062801174014,0.8638238608136972,0.9071545354148263,0.9138464680979187,0.9410776651183779
0.392964824120603,-0.9678760571636886,-0.3723029951549406,-0.21976458957847678,-0.1690228759355994,0.03794353454989685,0.16271057362715657,0.5215300780809984,0.6165358036805593,0.653847082252215,0.6797336798985295,0.7553273994230074,-0.39174039962194973,-0.28718016218110276,-0.12355786132366497,0.147943523634805,0.19393311294362836,0.25251784934136423,0.605033179698992,0.7733576427194311,0.8205595833670223,0.8241940927641248,0.8542359887267704
0.4170854271356784,-1.009496156881617,-0.4237275953684274,-0.271859664877768,-0.2199021029633137,-0.014692262832415537,0.10846338078083084,0.4663343481890113,0.5389959858946938,0.5811521465776605,0.6045110979536145,0.6770908613494347,-0.44672135440271843,-0.34080911500729916,-0.1786928180656875,0.08787753858340475,0.14177101462698594,0.2003502794468044,0.5266661872539866,0.6928961946266949,0.7412351586326479,0.7472374565849852,0.7776194460148682
0.44120603015075377,-1.0436783633600728,-0.4673965683654211,-0.31623593488784585,-0.2629945705595167,-0.05956912943540793,0.06192800312196467,0.41477864657763275,0.4728030969371817,0.5175748223377074,0.5378791748680943,0.6043682547648485,-0.4941679017445282,-0.3866876546612199,-0.22585965347685932,0.03452023482252575,0.09733958757181727,0.1574982112104566,0.4565383833386638,0.6207836482228785,0.6689962764835505,0.6798435043558626,0.7095537361463597
0.4653266331658292,-1.0717409734918337,-0.5046296331569267,-0.3542094464960259,-0.29962375957306864,-0.0980052847055557,0.021786468647920776,0.3631872635560812,0.4187182526343829,0.46202658322429235,0.47850744621951413,0.5381051507901492,-0.5354084358282036,-0.42612401841477165,-0.26626342396723435,-0.013167533384658814,0.05930197063118836,0.12278062223989594,0.39333281845690937,0.5557115525613143,0.6035254035267374,0.6197113573452427,0.648710976071218
0.4894472361809045,-1.0947335020271391,-0.5364798805369784,-0.3868295507349888,-0.3308464343183488,-0.1310524432557285,-0.01301582639010146,0.3107469692299599,0.37482408121953614,0.41393593564221143,0.42532682766290764,0.47801671384151645,-0.5715030133797212,-0.46016143447309377,-0.30084091919939104,-0.055782791190011505,0.026601721450726368,0.09500079513615378,0.3359969150855049,0.49663336317915174,0.5439218490421467,0.5656518419952843,0.5940244084390174
0.5135678391959799,-1.1135000693352926,-0.5637965792588366,-0.4149417051162474,-0.3575154674296832,-0.1595585826414727,-0.04333323777271625,0.259400974904075,0.33658522778105193,0.3729449039601911,0.37746830330496006,0.4237927504845779,-0.6033059926875883,-0.4896458836318671,-0.3303989784079686,-0.09344232737761482,-0.0016012470838022708,0.07251153307255076,0.2836806469626525,0.4427027737406777,0.4893863394547808,0.5167799926961884,0.5446272436390274
0.5376884422110553,-1.1287257506346804,-0.587271176800544,-0.4392333960159932,-0.38032583865457703,-0.18421392437964312,-0.0698661167321547,0.21057233195842884,0.30081628923708714,0.3342181313537671,0.3375443791798447,0.37597598862787784,-0.6315119356881894,-0.5152737082039699,-0.3557360594606812,-0.12589939326582222,-0.02597960860116333,0.05317688573465096,0.23569109853708559,0.39322820108029444,0.43926146829720714,0.47238354662903836,0.49980811635887495
0.5618090452261306,-1.1409709460642574,-0.6074714657644117,-0.4602682257762357,-0.3998487847575417,-0.20558509424464388,-0.09319554179311551,0.16470546984518641,0.26675142299128096,0.2949845727634134,0.3032683163098052,0.33707541486896553,-0.6566892024170826,-0.5376197817688512,-0.37766684377572235,-0.15286366382794847,-0.0470761451349585,0.03498796733135623,0.19145899002201816,0.34763878103471746,0.3930085950190776,0.4318763028034446,0.45897797425494735
0.585929648241206,-1.150697390601497,-0.6248673108002228,-0.47851163528719065,-0.41655754513549825,-0.22414083509232807,-0.11381067028374725,0.12181213426965387,0.23466468215463787,0.2592728254971117,0.2661238585823741,0.3088741531075888,-0.6793046638220656,-0.557154927033848,-0.396947252081448,-0.1743800704102273,-0.06533245296123003,0.016744639248190363,0.15051394132310147,0.3054592660003248,0.3501798457083657,0.3947723820003127,0.4216447899564986
0.6100502512562813,-1.1582881251550003,-0.6398502581730545,-0.49435064861950373,-0.43084699389672343,-0.24027159935075537,-0.13213203730017475,0.08176888938216798,0.2047677950748641,0.22666590309533408,0.22792941888530915,0.28773020250688863,-0.6997426577012429,-0.5742626373719266,-0.4141750183354691,-0.19106374676241877,-0.0811108922482019,-0.0018012675162363267,0.11246548783809474,0.26629140887300873,0.31039740186910625,0.3606667920525116,0.3873939357231426
0.6341708542713568,-1.1640628629664937,-0.6527486465263624,-0.5081092245618023,-0.44304873335965456,-0.254304658515362,-0.14853368365214092,0.04443305828990318,0.17704379750547838,0.19085881751016875,0.1968098776280096,0.26811966726359937,-0.7183202269183823,-0.5892569417030117,-0.42973147052617866,-0.20402759578867158,-0.09471146067087677,-0.020234828337704958,0.07698781493926854,0.22979961419231454,0.2733410302221876,0.32921911477015864,0.3558730504241004
0.6582914572864322,-1.1682898934602954,-0.6638393915919623,-0.5200604591941935,-0.453442755380034,-0.26651589879284576,-0.16336650058708613,0.009689287821119552,0.15117949152449028,0.15579155214740104,0.16940236402614528,0.24202072335945723,-0.7352995268860618,-0.6023990662705079,-0.4438068725359454,-0.2145246917468282,-0.10638492227339547,-0.03789565497257341,0.04380741717041958,0.1956996073759908,0.2387397361385779,0.3001405228803896,0.32678053381548006
0.6824120603015076,-1.1711954661256394,-0.6733572933642367,-0.5304365344637967,-0.4622666221172482,-0.27713913461923956,-0.17698383701815834,-0.022527591491368515,0.12165163416872493,0.12822035245001262,0.14418344206668832,0.21650017036830205,-0.7508978254049081,-0.6139106701113604,-0.4564874717470666,-0.22358197041952244,-0.11634319645968516,-0.05421404063652757,0.01269333614247925,0.16374930168610136,0.20636434460287578,0.2731838647971452,0.2998567613294611
0.7065326633165829,-1.1729712883390209,-0.6815024603172462,-0.5394369348652366,-0.4697227749424815,-0.28637353178948377,-0.18976748135660748,-0.05221773303136168,0.09021312646931912,0.10618936573182414,0.12092843460499492,0.19273805315718118,-0.7652955017441692,-0.6239828348849379,-0.46783475220730364,-0.23185355821564835,-0.12476772924722479,-0.06886059651545429,-0.016550306398596115,0.13374150469284363,0.17602009973554134,0.24813607991951947,0.27487717187384214
0.7306532663316583,-1.173780541622956,-0.6884462722100267,-0.5472350320456106,-0.475984481564791,-0.29438956777070147,-0.20214705111124354,-0.07930737204924154,0.060415019754645694,0.08590280315523346,0.0994421139222339,0.17062788104169768,-0.7786424982275816,-0.6327817187624195,-0.47792184999880083,-0.2396719137403257,-0.13181633826942785,-0.08174022707044304,-0.044089542242606305,0.1054982787924047,0.14753983849053554,0.2248123282980518,0.25164666237481076
0.7547738693467336,-1.173762717045293,-0.6943361901294532,-0.5539829118524914,-0.48120077500589076,-0.30133384355021053,-0.214598393344691,-0.10365474996507673,0.032260306053221166,0.06711470434946165,0.07955401658197292,0.14999514622460364,-0.7910636110594876,-0.6404523669644385,-0.48683797354503267,-0.2471662014841337,-0.13762884469370684,-0.09292385369268275,-0.07006115488662945,0.07886688616913973,0.12077825872576897,0.20305133847251933,0.22999499073134727
0.778894472361809,-1.1730375131721322,-0.6992996510072357,-0.5598144629517269,-0.48550061698508007,-0.3073329821827949,-0.22759945196492448,-0.1250911327773504,0.005669406542917144,0.04967934995430734,0.06111462684242308,0.13065079937114754,-0.8026628821452572,-0.6471216698404244,-0.4946810978942745,-0.2543632244630465,-0.1423316763378576,-0.10262768481284834,-0.09452398166621956,0.05371727455283415,0.09560748916362383,0.1827116762424253,0.2097730037369805
0.8030150753768843,-1.1717080061784815,-0.7034472320770441,-0.5648471826035645,-0.48899640160626234,-0.31249679494026417,-0.2415298757715275,-0.14351425517332395,-0.01943664653642574,0.03347427577920603,0.0439922437058311,0.112378767439408,-0.8135272585387444,-0.6529008648185629,-0.5015501238464016,-0.2612498141255212,-0.1460415422565462,-0.11807986918044378,-0.1105446599335419,0.029941017547944426,0.07191384606638973,0.16366870775702835,0.19084953437200136
0.8271356783919597,-1.1698632384818008,-0.7068752317194524,-0.5691834494301724,-0.4917868625536528,-0.3169208626565361,-0.25654859223680515,-0.15900611974743728,-0.04312465403817156,0.01839162743690681,0.028070397737730346,0.09489421575069457,-0.823729638002475,-0.6578876942942271,-0.5075397328017641,-0.26780438571151766,-0.148868237392908,-0.13998384343631365,-0.11770918801134411,0.007451651392962222,0.04959546103939849,0.14581211346760636,0.17310882080159257
0.8512562814070352,-1.1675803540438405,-0.709667788735083,-0.5729119318823227,-0.4939594663804957,-0.3206886515289725,-0.2725431168757001,-0.17188595416131724,-0.06544400763719282,0.004335355857835621,0.013245704629958444,0.07777550224320184,-0.8333313971043489,-0.6621682527967249,-0.5127377725049539,-0.2740100787372628,-0.16083296755668863,-0.15091658989694456,-0.12379964420192313,-0.013813198839437102,0.02856049957478457,0.1290438039507072,0.15644836109519955
0.8753768844221106,-1.1649263671290584,-0.7118986378735004,-0.576109374673772,-0.4955924267123959,-0.3238732631848775,-0.28920601036280524,-0.18264383102868076,-0.08642126656487725,-0.008780462793397614,-0.000573928566528048,0.06047732175322951,-0.8423844843220061,-0.6658185579674265,-0.517224308679604,-0.27985869075310166,-0.18062597665210733,-0.1522876670821699,-0.1290816955930043,-0.033886533062045254,0.00872574078943722,0.11327621452638215,0.14077708159827224
0.8994974874371859,-1.1619596343063807,-0.7136325771775208,-0.5788426504662522,-0.49675650176317065,-0.3265388941065357,-0.30617160403802757,-0.19182031323494053,-0.10605216504265835,-0.02103292702886772,-0.013470807136525154,0.0426970764951925,-0.8509331480993657,-0.6689058840498606,-0.5210715928421578,-0.2853507941019169,-0.19941994322702794,-0.1530792275231765,-0.13376500069566077,-0.052760330537603206,-0.00998460366999665,0.09843086985896854,0.12601381530477213
0.9236180904522613,-1.1587310846281713,-0.7149267024586254,-0.5811707901717875,-0.497516739545538,-0.32874206165428166,-0.3231146099363419,-0.19992887308251872,-0.1242892277235228,-0.03249140531423822,-0.02551871818489382,0.024701077178277298,-0.8590153584895683,-0.6714898966712437,-0.5243444674517252,-0.29049484903429723,-0.21727009804681807,-0.15338559141300334,-0.13809111950248398,-0.07036088188294376,-0.02763986989916367,0.08443718366352898,0.11208601105580235
0.9477386934673366,-1.1552852525975612,-0.7158314555547964,-0.5831468131186177,-0.49793433568367873,-0.33978403316354755,-0.33053263904647745,-0.2074460696037156,-0.141024491867208,-0.043218473829381154,-0.036784006648429846,0.006938770311353926,-0.8666639716793483,-0.6736236213411648,-0.5271009409224405,-0.2953067990775585,-0.23422503152783192,-0.15329705193368348,-0.14239092120515406,-0.08649904097280947,-0.04430374372462076,0.07123145263486219,0.09892865788750999
0.971859296482412,-1.1516611502029583,-0.7163915149122654,-0.5848192826888444,-0.49806880688148236,-0.355997377441469,-0.33195473215726445,-0.21483783051654437,-0.1560732300989891,-0.0532707286032047,-0.047326491565114814,-0.01030150013872655,-0.8739076792207735,-0.6753542734464014,-0.5293927963217283,-0.2998113660845019,-0.25032410947859784,-0.1528990079686614,-0.14717291107327757,-0.10078578625153944,-0.06003490902611808,0.05875600543104198,0.08648339767105051
0.9959798994974873,-1.147893007060508,-0.7166465577469016,-0.5862336168412156,-0.4979807847856915,-0.3716213998710254,-0.33304742454179004,-0.22257105939543054,-0.16918312871770835,-0.06269949195228142,-0.05720024968680615,-0.026884950015336195,-0.8807717781763534,-0.676723971780702,-0.5312661782028129,-0.3040475251231759,-0.26559161663673214,-0.15318202782227963,-0.1522710040810743,-0.11257658331035891,-0.07488756350538228,0.04695848132983654,0.07469780489687872
1.0201005025125627,-1.144010901663962,-0.71663191413891,-0.5874332249133637,-0.49773594420580347,-0.38655177681750086,-0.3338454124572201,-0.2310508886774777,-0.18011625046972735,-0.07155142960569871,-0.06645428839055079,-0.042758017154950534,-0.8872787930050977,-0.6777703559873877,-0.5327621447914391,-0.30808686778982286,-0.2800183577056452,-0.16113548011329093,-0.15148584846222313,-0.12123858128850529,-0.08891182591492386,0.03579121383803091,0.0635248251512186
1.0442211055276382,-1.140041301737612,-0.7163791307177114,-0.5884605483944958,-0.497410946651651,-0.40069443712261643,-0.3343795480107633,-0.24047497996402178,-0.1888092385435437,-0.07986910238875333,-0.0751331257840736,-0.05790520921205611,-0.8934489754738355,-0.678527119709881,-0.5339171983915245,-0.3121054313631775,-0.2934898755207087,-0.171060327303167,-0.15060894471727804,-0.12681635314396777,-0.10215398971105583,0.025210701693439808,0.05292235370325321
1.0683417085427136,-1.1360075279401323,-0.7159164585283077,-0.5893580724109974,-0.4971028653900419,-0.413947085084053,-0.33467730558052977,-0.2507437190011681,-0.19547330381455086,-0.08769149650993091,-0.08327729266934059,-0.07232828451681717,-0.8993007050447092,-0.6790244741586152,-0.5347638144069505,-0.31674494230614303,-0.3054251490229303,-0.18225992104853372,-0.14969793395096398,-0.13006963235237756,-0.11465623401140534,0.01517715956187976,0.04285293054862366
1.092462311557789,-1.1319301524734318,-0.7152692772761334,-0.5901693555213349,-0.496944204826673,-0.42617787782858185,-0.3347631841767056,-0.2615586867594274,-0.2005028321712098,-0.09505476053541129,-0.09092376844328331,-0.08603590089074387,-0.9048508083352874,-0.6792895543739882,-0.5353309911174312,-0.3241364970278803,-0.31375258955677165,-0.1939977515749759,-0.14880265721631436,-0.1318013686370536,-0.12644895843787807,0.005654106756000032,0.03328357670886711
1.1165829145728643,-1.127827341885628,-0.7144604661099867,-0.5909400978610935,-0.4971249498977676,-0.4371989319972697,-0.33465905632602605,-0.2725982178964343,-0.20430491446409688,-0.10199680279739881,-0.09903409402103774,-0.09810636093602948,-0.9101148131213936,-0.6793467713117387,-0.535644826536058,-0.334503872011023,-0.31830612514240536,-0.20581170434932233,-0.1479654439117753,-0.13764102269731687,-0.13245759274287322,-0.003391958555058361,0.024185717076958324
1.1407035175879396,-1.1237151520822963,-0.7135107299965201,-0.5917192218255093,-0.49791518859676986,-0.44674049512641,-0.33438447315266917,-0.2836132844731214,-0.2072074454002194,-0.11137013080756719,-0.10851053638881214,-0.10485603851579739,-0.9151071496817386,-0.6792181209074998,-0.5357291085185637,-0.34542971323880967,-0.32155811397450595,-0.21745814409553554,-0.14814734254786588,-0.14722162774967684,-0.13245969912708233,-0.01199187270027191,0.01553517018114231
1.164824120603015,-1.1196077822738832,-0.7124388894998404,-0.59255985851475,-0.4996525708154296,-0.4544611927685268,-0.33395692773120733,-0.29443860982171677,-0.2094515881578587,-0.1229882990793566,-0.11468576118015994,-0.1112012213364737,-0.9198413100335581,-0.6789234556963868,-0.5356058846738363,-0.35612419742218837,-0.3243496919240403,-0.2288146947758367,-0.15807359524592102,-0.1466002760959605,-0.13191999791470865,-0.020174074464404446,0.007312177255073715
1.1889447236180903,-1.1155177937247454,-0.711262141148185,-0.5935199950118688,-0.5026169005992986,-0.46007201001149245,-0.3333920954566497,-0.30497236205821954,-0.21121590310010696,-0.1339256086186953,-0.12051080795914249,-0.1171680377204738,-0.9243299734683199,-0.678480718635019,-0.535295959907866,-0.3664203990114623,-0.32689455110976207,-0.23982149097969618,-0.16743984142313495,-0.14612496151832555,-0.13097827596332678,-0.027964816104811774,-0.0004986592336245765
1.2130653266331657,-1.1114562983929663,-0.7099962951277168,-0.5946623274922755,-0.5067975028035601,-0.4635686588235352,-0.3327040390794406,-0.3151543571008721,-0.21264293112316018,-0.144165703847088,-0.12601479795871567,-0.1227805503327723,-0.9285851055360557,-0.6779061517782206,-0.5348192771631157,-0.3762812238199233,-0.3292715250398393,-0.25045107207759415,-0.1762736226451755,-0.1458145484381232,-0.12973841339641318,-0.03538837684195145,-0.0079085013800001
1.237185929648241,-1.1074331218718814,-0.7086559968495735,-0.5960526123070854,-0.5118163104517436,-0.46530997766319204,-0.33190539478041414,-0.32495024256278193,-0.21386164654927953,-0.15368016921234906,-0.13122043205508738,-0.12806095643742332,-0.9326180360775415,-0.6772144759913558,-0.5341951442624016,-0.3857046148244535,-0.3315194580284244,-0.2606930469577492,-0.18460147748866407,-0.14568388972409518,-0.12829003309752318,-0.04246724017684361,-0.014924695697576151
1.2613065326633166,-1.1034569444239248,-0.7072549390813919,-0.5977556544170676,-0.5171453129953515,-0.4658045256786205,-0.3343412143504354,-0.3310075370669804,-0.21500713440614216,-0.16241506299660557,-0.13614844272766125,-0.1330297656398094,-0.9364395210253015,-0.6764190497730677,-0.5334423235788264,-0.3947001501156977,-0.33366129036058556,-0.2705459200462088,-0.1924484084995869,-0.14574437995981804,-0.12671380469172577,-0.04922222976649682,-0.021551447742681584
1.285427135678392,-1.0995354233528345,-0.7058060718416234,-0.599828339158274,-0.5223365649477811,-0.4654877419754131,-0.34331746780463224,-0.3300207255180798,-0.21623917411474902,-0.17027862971341123,-0.14081808638713,-0.13770595806778962,-0.9400597917977244,-0.6755320067821643,-0.5325790012626377,-0.40328161540499063,-0.33571274439318355,-0.28001230588509984,-0.1998378626616948,-0.1460043309209601,-0.12508221689032162,-0.055672665389663256,-0.027790842115927195
1.3095477386934673,-1.0956752993778287,-0.7043218180698595,-0.6023101860936652,-0.5270915890066665,-0.464662335465003,-0.35187391721324823,-0.32895423510420463,-0.21775622317743326,-0.17713136540184404,-0.14524730900109006,-0.1421071254893016,-0.9434885952641295,-0.6745643800675888,-0.5316226988443048,-0.4114641803329975,-0.3376869545934085,-0.2890956628404078,-0.20679182390716033,-0.14646914873874273,-0.12345872179316053,-0.061836468900456576,-0.03364422650719984
1.3336683417085426,-1.0918824893977879,-0.7028143047828554,-0.6052137339541261,-0.5312430133501076,-0.46352679624095416,-0.36000720732967995,-0.3278164715031585,-0.21978818079122542,-0.18279590382994337,-0.14945286181484863,-0.14624959749558453,-0.9467352267021918,-0.6735262100074197,-0.5305901784794214,-0.41926317240486477,-0.3395981737458603,-0.2977973464341038,-0.21333092937210174,-0.14714134084928676,-0.12189669268282721,-0.06773028655814717,-0.03911389727289716
1.357788944723618,-1.0881621674521276,-0.7012956214394941,-0.6085185469060108,-0.5347221408980747,-0.4622145435550357,-0.36771339821617416,-0.3266150726526658,-0.22253891777368956,-0.18711630179550215,-0.15345036457391276,-0.15014855457255377,-0.9498085575353823,-0.6724266415822702,-0.5294973883996053,-0.42669347517768014,-0.34146609155141144,-0.3061128200650118,-0.21947461205586943,-0.1480203638059961,-0.12043886122756836,-0.07336956516620241,-0.044205144792907436
1.3819095477386933,-1.0845188355558983,-0.6997781202803917,-0.6121720088010865,-0.5375309452701684,-0.4608221115281738,-0.37498591110832763,-0.3253569976907051,-0.22608417879617265,-0.19006149833913139,-0.15725434042824243,-0.15381812962576585,-0.9527170590776846,-0.6712740116018707,-0.5283594792587767,-0.4337691894461378,-0.3433226420865086,-0.31402521194678795,-0.22524123822886372,-0.14910243481789726,-0.11911743795454305,-0.07876864154541507,-0.04892872938902981
1.4060301507537687,-1.080956385721666,-0.6982747771340241,-0.6160969825734572,-0.5397178555912545,-0.45942698248170427,-0.3818134399677045,-0.3240486043974817,-0.23031934653736913,-0.191778644390652,-0.16087819337747494,-0.15727149930768242,-0.9554688233219568,-0.6700759271734573,-0.527190907461403,-0.44050339974238445,-0.3452251688318649,-0.32149233637826297,-0.23064825808863515,-0.1503803430689558,-0.11795484442832549,-0.08394080248187169,-0.05330420306728223
1.430150753768844,-1.0774781544055987,-0.6967996360227872,-0.6202030571133456,-0.5413566995321312,-0.45809899951103383,-0.3881776651752059,-0.32269571623829596,-0.23502763991416253,-0.19252591546450137,-0.16433411081595994,-0.1605209663111994,-0.9580715813948307,-0.6688393364956998,-0.5260056340503496,-0.4469079655191669,-0.34728419113054,-0.3284189614617332,-0.23571232991233393,-0.15184339385853318,-0.11696487665711547,-0.08889830756105921,-0.05736490451194409
1.4542713567839194,-1.0740869703328708,-0.6953683639702832,-0.6243971039564193,-0.5425301650989526,-0.4569081705331355,-0.39405074589774336,-0.3213036800914093,-0.23998826519888883,-0.19256535953642873,-0.16763280991445562,-0.16357803363559376,-0.9605327202218423,-0.6675705927656157,-0.5248174287150187,-0.45299328365556457,-0.34971583411430507,-0.33460430285618836,-0.24044945467022638,-0.153477533323789,-0.11615416743615847,-0.09365236773405283,-0.06116577439760512
1.478391959798995,-1.070785196611618,-0.6939989425487524,-0.6285903938924152,-0.5433187939917964,-0.4559301426125253,-0.39939297747335634,-0.31987741571616624,-0.2450320221920017,-0.1921084797388718,-0.170782955572358,-0.16645347169448643,-0.9628592977129135,-0.6662755121931979,-0.5236402987787977,-0.45876797325328345,-0.35287508891338704,-0.339708611670015,-0.24487507724921653,-0.1552657236360495,-0.11552384843231067,-0.09821294595641106,-0.06479346020504817
1.5025125628140703,-1.0675747678847338,-0.6927125103649123,-0.6327017429055625,-0.5437950659473042,-0.4552490640137664,-0.4041518048995326,-0.3184214579681466,-0.2500457490419422,-0.19131361806448144,-0.17378975792661522,-0.16915737901816763,-0.9650580567812583,-0.6649594261176242,-0.5224890821978528,-0.4642384225572207,-0.3570399547899159,-0.3434688441140925,-0.24900417499219418,-0.15718853372897956,-0.11507169781672455,-0.10258805474924038,-0.06836679607758511
1.5266331658291457,-1.064457223212413,-0.6915343299258823,-0.6366575779985585,-0.5440211794677925,-0.45495579565185307,-0.40826475817119956,-0.31693999272648987,-0.2549585371688522,-0.19030376837719598,-0.1766511883180052,-0.17169923731666914,-0.9671354383667248,-0.66362722820858,-0.5213802744440406,-0.4694081133705875,-0.3620326839029604,-0.346077215916451,-0.2528513082518745,-0.1592249000016056,-0.11479645626031892,-0.10678076986511881,-0.07199724537323843
1.550753768844221,-1.0614337352562997,-0.6904947510287105,-0.6403902535015125,-0.5440490265913948,-0.4551380649442728,-0.4116699796042961,-0.31543688726342445,-0.25972754587041147,-0.18919309274038587,-0.17934565851825834,-0.1740879607649125,-0.9690975936800845,-0.6622834168340792,-0.5203332093680478,-0.474276598326574,-0.3674308674866784,-0.3479699248726509,-0.256430671718085,-0.1613529668417648,-0.11471962986062856,-0.11076866390586915,-0.07571922501142825
1.5748743718592964,-1.058505136297384,-0.6896298338921905,-0.6438359214920213,-0.5439212239962534,-0.45586085861014014,-0.41432623946506353,-0.3139157161717675,-0.2643277878152458,-0.18814887350567966,-0.18178004946042248,-0.17633194175045552,-0.9709503957122592,-0.6609321334511482,-0.5193717645885733,-0.47883794854980044,-0.37293537284373723,-0.34945903545421886,-0.25975609628513263,-0.16355090980370995,-0.11538272895036722,-0.1140076091885392,-0.07948637938653064
1.5989949748743717,-1.0556719415572078,-0.688980939444289,-0.6469332460399044,-0.5436725011881831,-0.45714298907099027,-0.4162365833444839,-0.3123797831310937,-0.2687455350285334,-0.18765726381952885,-0.18353009213856153,-0.17843909120932933,-0.9726994501484341,-0.6595771964573116,-0.5185268242239531,-0.48307844360715846,-0.37839516538880535,-0.35070750017020036,-0.26284104084859117,-0.1657976598751485,-0.11865388674404109,-0.11462608767194482,-0.08323397964988039
1.623115577889447,-1.052934370231802,-0.6885921704615536,-0.6496243805675679,-0.5433310831593594,-0.4589447921566821,-0.4174607498293826,-0.31083213944794746,-0.2729742075617881,-0.18867487564354773,-0.183692214531117,-0.18041687561529823,-0.9743501057503905,-0.6582221317044887,-0.51783966038044,-0.48697333730412545,-0.3837382687720207,-0.35179806314155854,-0.2656985631101772,-0.168073469876742,-0.12220876759223831,-0.11494503901710962,-0.0869161018137915
1.6472361809045226,-1.0502923646364353,-0.688504465694715,-0.6518595214640936,-0.5429199143787631,-0.46117819376707286,-0.4181051298168828,-0.3092755998211782,-0.2770118166484578,-0.19067082893631077,-0.18284323277059872,-0.18227235029416505,-0.9759074642572603,-0.6568701993042358,-0.5173658896628721,-0.4904830434260857,-0.3889293302819326,-0.35277557890793315,-0.26834128176960276,-0.17036034069472678,-0.1256655114646696,-0.11534349712069858,-0.09050745917155473
1.671356783919598,-1.0477456078295977,-0.6887462481249442,-0.6536051591111538,-0.5424576798663021,-0.4637328061962565,-0.41829669100409933,-0.3077127558596175,-0.28085935639954357,-0.19287591076242833,-0.18401218947187942,-0.18179195575327145,-0.9773763899128598,-0.6555244184351947,-0.5171778878703623,-0.4935508611679164,-0.39395005715676285,-0.353666474720087,-0.2707813248234043,-0.17264221362510757,-0.1290049364230147,-0.11583883689974983,-0.09399609458443225
1.6954773869346733,-1.0452935400306476,-0.689323272923501,-0.6548533562990311,-0.5419596313237045,-0.4665011327343566,-0.41815776291932966,-0.3061459878111282,-0.28451977629949615,-0.19509812877193472,-0.18564271333700727,-0.18076384888707864,-0.9787615185885592,-0.6541875880854318,-0.5173596030693719,-0.4961082969518203,-0.39879031350459443,-0.3544875721774619,-0.27303028494481624,-0.1749050881895058,-0.1322273663136309,-0.11643023539536207,-0.09737752172960168
1.7195979899497487,-1.0429353741349463,-0.6902129645722209,-0.6556267289414276,-0.5414382457386591,-0.46939270299620717,-0.4177919116727309,-0.3045774749141019,-0.2879973152354208,-0.19728930917948495,-0.18716991238286912,-0.17983455797031922,-0.9800672655193812,-0.6528623036513551,-0.5179844336650369,-0.49809731529468904,-0.4034438505669776,-0.3552502873892066,-0.27509918303301795,-0.17713699279115214,-0.13533643866011635,-0.11711502845722682,-0.10065127066891094
1.743718592964824,-1.0406701106207625,-0.6913673960456421,-0.655974937691282,-0.5409037473122038,-0.47233772892599396,-0.4172803126748426,-0.30300920473883725,-0.29129705952864965,-0.19943389920343974,-0.18859946928040455,-0.1790413484860136,-0.9812978384744959,-0.6515509768009082,-0.5190770582407627,-0.4995086380459988,-0.40790612817009236,-0.355962758539666,-0.27699843054159895,-0.17932788391653293,-0.1383365439295569,-0.11789133147444558,-0.10381899427405916
1.7678391959798994,-1.0384965520474596,-0.6927236664137724,-0.6559639012615673,-0.54036452199526,-0.47528507620589167,-0.4166838333655527,-0.30144298183776863,-0.2944246445032528,-0.20152588593397036,-0.18993677851766338,-0.17840675095521352,-0.9824572390864325,-0.6502558462509409,-0.5205883239798866,-0.5004069521819894,-0.4121731289598294,-0.3566309974829108,-0.2787378216226557,-0.1814694955433609,-0.14123218773916263,-0.11875865607924674,-0.10688343897160635
1.7919597989949747,-1.0364133173548706,-0.6942160264185128,-0.655663354161344,-0.5398274472201356,-0.47819841335031454,-0.4160469664068872,-0.2998804359766746,-0.297386048721058,-0.20356252575433414,-0.19118696402850238,-0.17794593514951418,-0.9835492766305949,-0.6489789925168634,-0.5224136376195899,-0.5009126249786269,-0.41624070059672014,-0.3572595474113739,-0.280326529257827,-0.1835551621764397,-0.14402778480183503,-0.11971806931277462,-0.10984787973332044
1.81608040201005,-1.0344188560814838,-0.6957847667257702,-0.6551377129892104,-0.5392981566490418,-0.4810524493815764,-0.4154016991047745,-0.3001874491825754,-0.2983230301733612,-0.20554224717854397,-0.19235489502201597,-0.17767040135312467,-0.9845775730169897,-0.647722347472864,-0.524436959263427,-0.5011577496544803,-0.42010418558879387,-0.3578518844835778,-0.2817731168306545,-0.18557963287225826,-0.1467275897408119,-0.12077215730363078,-0.11271580649950447
1.8402010050251254,-1.032511462606381,-0.6973804345134778,-0.6544416688959316,-0.5387812541556185,-0.4838298885564108,-0.41477068525224364,-0.30283511509935807,-0.29677206872570455,-0.20746387710370418,-0.19344520021335337,-0.1775907871027509,-0.985545572786414,-0.6464877040196966,-0.5265616558187096,-0.501255303088266,-0.42375825436803455,-0.3584106785810793,-0.283085575863634,-0.18753888818477832,-0.14933566371084533,-0.12192493156671436,-0.11549074950804777
1.864321608040201,-1.030689290073011,-0.698964507346125,-0.6536193635835785,-0.5382804871894864,-0.48651915473045354,-0.4141696601422326,-0.3053353312374643,-0.29522870536884166,-0.2093263555691236,-0.1944622806439848,-0.17771908446863033,-0.9864565492028334,-0.645276724080635,-0.5287183929437351,-0.5012911779596279,-0.4271968948908261,-0.35893797131891586,-0.28427134255671854,-0.18942996757385822,-0.1518558807745029,-0.12318166023732613,-0.11817618297628046
1.8884422110552763,-1.0289503661949708,-0.7005082234102886,-0.6527054416420317,-0.5377988897864389,-0.48911275721692604,-0.41360922678447576,-0.3076943373188573,-0.29369395166274526,-0.21112866048850165,-0.19541032126569519,-0.1780692727445235,-0.9873136139203534,-0.6440909453298123,-0.5308609979326343,-0.501328146036684,-0.4304135545065555,-0.3594353093667485,-0.28533735534365967,-0.1912508128969158,-0.15429192530841213,-0.12454854336667243,-0.11704959701453588
1.9125628140703517,-1.0272926051862716,-0.7019907978864119,-0.6517267403979977,-0.5373388987429044,-0.49160612077692567,-0.41309616757777023,-0.30991828173484015,-0.29216868568158205,-0.21286982325377102,-0.19629330144876495,-0.17865427593728334,-0.9881197204303653,-0.642931786713387,-0.532959830602608,-0.5014121828579776,-0.43340143816659793,-0.3599038450525047,-0.2862900964671584,-0.19300012149328943,-0.1566472985185864,-0.126032008400631,-0.11961013019662137
1.936683417085427,-1.0257138239473762,-0.7033976646417904,-0.6507039734971017,-0.536902450466875,-0.49399676966557327,-0.4126344120392421,-0.3120131846762957,-0.2906536615592815,-0.2145489780588981,-0.1971150045631817,-0.17947787825559947,-0.988877675936035,-0.6418005531166086,-0.5349962872243413,-0.5015775163995798,-0.43615397345494034,-0.3603444230062842,-0.2871356400566989,-0.1946772306307309,-0.15892532724419628,-0.1276372279895811,-0.12207244058896011
1.9608040201005024,-1.0242117553597956,-0.7047189860604566,-0.6496531608876257,-0.536491060005398,-0.4962837427219325,-0.4122257579126947,-0.31398491096823994,-0.28914951680148976,-0.21616543900198126,-0.19787902676136754,-0.18052528623277808,-0.9895901453893923,-0.6406984387209473,-0.5369589776995727,-0.5018498554674731,-0.4386654280483076,-0.3607576517751578,-0.28787969989570267,-0.19628200366224918,-0.1611291741810656,-0.12936554016404395,-0.12443871429451714
1.9849246231155777,-1.0227840625021896,-0.7059484755342269,-0.6485867572535635,-0.5361058869692028,-0.49846717839300064,-0.41187041471995184,-0.31583914578864564,-0.28765678504971554,-0.2177187574610095,-0.19858878511045658,-0.18176130588798955,-0.9902596585187908,-0.6396265294934806,-0.5388412306750143,-0.5022481788756281,-0.4409316456943689,-0.36114396865827764,-0.28852767153635844,-0.19781473891697382,-0.16326183628454616,-0.13121126592936216,-0.12671688458023217
2.0090452261306533,-1.0214283521099106,-0.7070824989989521,-0.6475145104779981,-0.5357477898037476,-0.5005480170704698,-0.41156741886098447,-0.3175813864247118,-0.28617590407164906,-0.21920878605786326,-0.19924752515551497,-0.18313967624166794,-0.990888616255895,-0.6385858041548361,-0.5406394949614444,-0.5027855942839418,-0.44295082188265,-0.3615036971569806,-0.2890846809413692,-0.1992760852877133,-0.16532616639601394,-0.13315996103829852,-0.1289222009591685
2.033165829145729,-1.0201421877569634,-0.7081193996358945,-0.6464441037715596,-0.5354173701131744,-0.5025277856478425,-0.4113149540620002,-0.3192169275150116,-0.28470722650739516,-0.22063572319978086,-0.1998583280516134,-0.18461564488149385,-0.9914792970849995,-0.6375771371573355,-0.5423523151765504,-0.5034696948081805,-0.4447242056613649,-0.3618371075049113,-0.28955561998434026,-0.20066699857910086,-0.16732486902191557,-0.13519036777089316,-0.13107522443827152
2.057286432160804,-1.0189231025489445,-0.7090589933067886,-0.6453816327366511,-0.5351150109985313,-0.5044084400979063,-0.41111060104834796,-0.32075086549328935,-0.2832510302827006,-0.22200014161523002,-0.20042411734574367,-0.18615330685689963,-0.9920338622784156,-0.6366012951047142,-0.5439796701072706,-0.5043027593258574,-0.44625659718168675,-0.3621444565538192,-0.2899451919394753,-0.20198865054525267,-0.16926050980538754,-0.13727950568040964,-0.13319683907890767
2.0814070351758795,-1.0177686113141733,-0.7099021912857327,-0.6443319600372837,-0.5348409076710925,-0.5061922515378453,-0.4109515327037888,-0.32218810884292415,-0.2818075290954134,-0.22330300754400023,-0.20094766549726378,-0.18772686252671067,-0.9925543615636303,-0.6356589386313808,-0.5455225405743079,-0.5052820367303164,-0.4475565287030272,-0.3624260406292694,-0.290257946264447,-0.20324240664177184,-0.17113552195698872,-0.13940757583052493,-0.13530357325627168
2.1055276381909547,-1.0166762218923606,-0.710650716560786,-0.6432989796404295,-0.5345950939341256,-0.5078817179171847,-0.4108346693998337,-0.32353338809934806,-0.28037688286526063,-0.22454568151450743,-0.2014316002100306,-0.18931886031866701,-0.9930427385127267,-0.6347506204734107,-0.5469826248248103,-0.5064002596363706,-0.44863607439543374,-0.3626822399105274,-0.2904983180450107,-0.20442978150372726,-0.17295221537876804,-0.1415603614779014,-0.13740552943092849
2.1296482412060302,-1.0156434460208859,-0.7113068895631803,-0.6422858154803652,-0.5343774643205612,-0.509479500607661,-0.4107567997921724,-0.32479128058945883,-0.27895920802658736,-0.22572991102597856,-0.2018784106359648,-0.190917840280608,-0.9935008351946518,-0.6338767836456342,-0.5483621496192371,-0.5076463919749266,-0.4495103137193771,-0.36291355499475253,-0.29067066432506583,-0.20555240751249104,-0.1747127787664549,-0.1437293145606378,-0.13950668145641126
2.1537688442211054,-1.0146678093387118,-0.7118734649623579,-0.6412949715998122,-0.5341877983129697,-0.5109883736719331,-0.41071467659669114,-0.3259662377336562,-0.2775545875348002,-0.22685781188511717,-0.2022904534951938,-0.19251635006565532,-0.9939303970953869,-0.6330377614448099,-0.5496637451669859,-0.5090065758805278,-0.45019654565157785,-0.3631206418636366,-0.29077930185277157,-0.20661200917977934,-0.17641928616914176,-0.1459105255589247,-0.14160626172745944
2.177889447236181,-1.0137468606192273,-0.7123535064304578,-0.6403284467104485,-0.5340257780996892,-0.5124111833485896,-0.4107050911234744,-0.32706261753923693,-0.2761630804536821,-0.227931842174625,-0.20266995914283933,-0.19410950240034877,-0.9943330774963779,-0.6322337725816817,-0.5508903627900148,-0.5104651325197554,-0.45071339225152507,-0.3633043425526461,-0.2908285367252912,-0.20761038240653504,-0.17807370242248702,-0.14810345897724367,-0.14370030112750673
2.2020100502512565,-1.0128781802177407,-0.7127502899353316,-0.6393878224957465,-0.5338910096564625,-0.5137508138473622,-0.4107249306037337,-0.3280847200847232,-0.27478473099081113,-0.22895477084519447,-0.2030190375972105,-0.19569399999431145,-0.9947104419353425,-0.6314649236774791,-0.5520452220799937,-0.5120055106659109,-0.4510799274453565,-0.36346570876899675,-0.29082270119290443,-0.20854937778379315,-0.17967788848227365,-0.15030978880568804,-0.14578292086573777
2.2261306532663316,-1.0120593876885762,-0.7130672285527865,-0.6384743323343202,-0.533783044410423,-0.5150101564587324,-0.4107712212441771,-0.3290368233334835,-0.2734195768536948,-0.22992964178422473,-0.20333968452936604,-0.1972674571351006,-0.9950639722191305,-0.6307312061723818,-0.5531317784106038,-0.5136110814034351,-0.4513149323731158,-0.3636060193334496,-0.2907661794128603,-0.20943088720322686,-0.1812336067032749,-0.15253238604810496,-0.1478472931363168
2.250251256281407,-1.0112881485954421,-0.7133078137557088,-0.6375889154006317,-0.5337014031210696,-0.5161920797587944,-0.41084115938276466,-0.3299232174934258,-0.2720676568106646,-0.23085973621389183,-0.20363378720040637,-0.19882797154676174,-0.9953950704896358,-0.6300324966498738,-0.5541537047988421,-0.5152657361964393,-0.4514363300543217,-0.3637267899806824,-0.2906634297903383,-0.21025683313631383,-0.1827425263360632,-0.154774419181394,-0.1498863054649569
2.2743718592964823,-1.0105621805008322,-0.7134755693835602,-0.6367322597573757,-0.5336456027270482,-0.5172993991565686,-0.4109321326242538,-0.33074823488063304,-0.27072901735530713,-0.231748533877343,-0.2039031303208207,-0.20037383030790346,-0.9957050629432682,-0.6293685570451839,-0.5551148837525175,-0.5169542824696081,-0.45146080821957263,-0.36382977525471943,-0.2905189982458041,-0.21102916002461974,-0.1842062292406606,-0.1570385530617861,-0.15189299351057617
2.298492462311558,-1.0098792581582687,-0.7135740154998267,-0.635904837128654,-0.5336151865760808,-0.5183348446639378,-0.4110417325373745,-0.3315162730004888,-0.2694037183918698,-0.23259967440842821,-0.2041494017966145,-0.201903321774846,-0.9959952035242395,-0.6287390378599859,-0.5560194060157844,-0.5186626607154956,-0.4514036085766595,-0.363916961279527,-0.2903375293391206,-0.21174982730005754,-0.1856262155843884,-0.15932626203156064,-0.15386080512452155
2.3226130653266335,-1.0092372179284468,-0.7136066400241794,-0.6351069313531148,-0.5336097579029941,-0.5193010264841889,-0.41116776025529317,-0.3322318086233856,-0.26809183788295887,-0.2334169195714031,-0.20437419831969228,-0.20341462039940422,-0.9962666774910356,-0.6281434784059277,-0.5568715736406007,-0.5203780229945074,-0.45127844736285955,-0.3639905501722363,-0.29012375124150197,-0.21242080362440252,-0.18700391014594714,-0.16163734786990264,-0.15578375053918836
2.3467336683417086,-1.008633961449106,-0.7135768765341473,-0.6343386620151825,-0.5336290156073302,-0.5202003989643345,-0.41130822615896573,-0.3328994011590796,-0.26679347542428417,-0.23420411675935798,-0.2049057249598354,-0.20457903075574124,-0.9965206047394235,-0.6275813121776164,-0.5576759052886513,-0.5220887112627319,-0.45109752842307566,-0.36405293557219814,-0.28988246472695905,-0.21304406200247117,-0.18834066921910764,-0.16396971236514152,-0.15765647839007668
2.370854271356784,-1.0080674585939688,-0.7134880870026372,-0.6336000043809988,-0.5336727902638763,-0.5210352246732939,-0.41146134470772194,-0.3335236843124037,-0.2655087547385049,-0.23496516377277155,-0.20637443698204577,-0.20476532928154567,-0.9967580430203897,-0.6270518715817792,-0.5584371415899947,-0.523784171697816,-0.45087161537852133,-0.36410667066720154,-0.2896185123632217,-0.21362157548388527,-0.18963778834382922,-0.1663194274479356,-0.15947430593508843
2.3949748743718593,-1.007535749760214,-0.7133435485141135,-0.6328908064867256,-0.5337410769013566,-0.5218075418348034,-0.41162552539794245,-0.3341093458372803,-0.26423782510654265,-0.23570397449271824,-0.20781836970329537,-0.2049344482250608,-0.9969799912265973,-0.6265543940985887,-0.5591602483645759,-0.5254548419202636,-0.4506101365382624,-0.3641544293991233,-0.28933673420203615,-0.21415531283422357,-0.19089650879085857,-0.16868106310871112,-0.1612332205245745
2.419095477386935,-1.0070369475412986,-0.7131464432568468,-0.632210804024571,-0.5338340595705009,-0.5225191401514286,-0.4117993599830181,-0.3346610964045639,-0.26298086178021923,-0.2364244435802183,-0.20923498117546258,-0.205087670565809,-0.9971873920572821,-0.6260880300469677,-0.5598504149295086,-0.5270920181028801,-0.45032130407262727,-0.3641989630947642,-0.2890419159033303,-0.21464723635165356,-0.19211802829165997,-0.17104817503064368,-0.16292985798266635
2.44321608040201,-1.0065692377797408,-0.7128998509863413,-0.6315596335767167,-0.5339521212904702,-0.5231715503662095,-0.41198161145258727,-0.33518362719347394,-0.26173806544418976,-0.23713041310217434,-0.21062162477093535,-0.20522621205951838,-0.9973811350953851,-0.6256518498099656,-0.5605130436840411,-0.5286877320076045,-0.4500122351198872,-0.364243054041158,-0.2887387301869324,-0.21509929577783246,-0.1933035097129873,-0.17341382994402996,-0.16456147110933148
2.4673366834170856,-1.0061308801691093,-0.7126067438104361,-0.6309368442861781,-0.5340958326651224,-0.5237660562791201,-0.4121711942096744,-0.3356815628836973,-0.2605096608164329,-0.23782563368117757,-0.21197561582598076,-0.20535122495931704,-0.9975620595533281,-0.6252448546436776,-0.5611537314212856,-0.530234645045956,-0.44968906765758276,-0.3642894677079951,-0.28843167225513633,-0.2155134261579014,-0.19445409354574525,-0.17577108647644937,-0.16612588611443432
2.4914572864321607,-1.0057202082762249,-0.7122699828158572,-0.6303419087778791,-0.5342659130023486,-0.5243037326677845,-0.41236716083397884,-0.3361594087440165,-0.2592958944937599,-0.23851372301123422,-0.21329429809645797,-0.20546380131542855,-0.9977309568804217,-0.6248659852343315,-0.561778226212398,-0.5317259648517324,-0.44935707038534145,-0.36434090736848557,-0.2881249894048319,-0.21589154360224336,-0.19557090928946694,-0.17811331823292617,-0.16762145339466586
2.5155778894472363,-1.0053356292175117,-0.7118923158335184,-0.6297742328555651,-0.5344631615579247,-0.5247855137632627,-0.41256868554819964,-0.3366214948104848,-0.2580970321629864,-0.23919811953924486,-0.21457513480350376,-0.2055649758459105,-0.997888573050397,-0.624514132442628,-0.5623923741289787,-0.5331553967559555,-0.4490207365318774,-0.3643999711345128,-0.28782262234581507,-0.21623554134552608,-0.196655093482615,-0.18043446949681674,-0.16904700168663062
2.539698492462312,-1.0049756229040188,-0.7114763766857426,-0.6292331647028551,-0.5346883619990686,-0.5252122878434748,-0.4127750488595295,-0.3370719247689162,-0.2569133553070716,-0.23988203173296058,-0.21581578902417192,-0.20565572838178364,-0.9980356111504847,-0.6241881480133873,-0.5630020319493161,-0.5345171306262733,-0.44868387621901523,-0.36446911434044865,-0.2875281464792351,-0.2165472857052887,-0.1977078083019581,-0.18272913034291288,-0.17040178825896246
2.563819095477387,-1.0046387409949862,-0.7110246853567996,-0.6287180033912549,-0.534942169864176,-0.5255850080643673,-0.4129856234780088,-0.33751452826660566,-0.2557451585400819,-0.2405683831202926,-0.2170142134534016,-0.20573698699256754,-0.9981727335904571,-0.6238868552920988,-0.5636129572274649,-0.5358058671217572,-0.4483496933122527,-0.3645506178670571,-0.28724472535984485,-0.21682861196919406,-0.1987302679913333,-0.18499255404803516,-0.17168545584579248
2.5879396984924625,-1.0043236054394558,-0.7105396486986686,-0.6282280066129856,-0.535225006116955,-0.5259048009661579,-0.41319985986545416,-0.33795282095887547,-0.25459274169206103,-0.24125974865255148,-0.21816873158875147,-0.20580962519686505,-0.9983005642116212,-0.623609059287092,-0.5642306698404178,-0.5370168835134154,-0.4480208579584577,-0.3646465636504771,-0.28697507537114075,-0.21708132025619334,-0.19972377660495336,-0.18722060429998624,-0.17289799440839795
2.6120603015075377,-1.004028907014729,-0.7100235623445322,-0.6277623983718893,-0.5355369633353441,-0.5261730546171594,-0.413417276692185,-0.338389973922668,-0.2534564118365039,-0.24195830383344702,-0.21927812539737263,-0.2058744700023109,-0.9984196903850381,-0.6233535568106693,-0.564860288939099,-0.5381461311256871,-0.44769956905853847,-0.36475881725026715,-0.2867214446426488,-0.21730717140817057,-0.20068978283696048,-0.18940964280941053,-0.1740397057501351
2.636180904522613,-1.0037534034177955,-0.709478612629709,-0.6273203757069665,-0.5358777602109059,-0.5263914662087116,-0.41363744919820655,-0.33882879323796034,-0.2523364752692904,-0.2426657657892676,-0.22034169759675,-0.20593229832649237,-0.9985306649406792,-0.6231191458955956,-0.5655063566158841,-0.5391903558807167,-0.4473876131298583,-0.36488901752135194,-0.28648560506869547,-0.2175078829751366,-0.20162996747535136,-0.1915563740799117,-0.17511117431599119
2.6603015075376883,-1.0034959173172149,-0.7089068791354759,-0.6269011152051416,-0.5362467382576553,-0.5265620432387536,-0.41386000112534505,-0.33927171072233897,-0.2512332346496242,-0.24338335129189295,-0.2213593281461204,-0.2059838388589675,-0.9986340080864675,-0.622904634803962,-0.5661726703459738,-0.5401472249359562,-0.44708641633905233,-0.3650385728222053,-0.2862688576174436,-0.2176851253593832,-0.20254639074008515,-0.19365762782785653,-0.1761132430841252
2.684422110552764,-1.0032553342427666,-0.7083103375771778,-0.6265037789954204,-0.5366429039313956,-0.5266870609379273,-0.41408459754544197,-0.33972078479955675,-0.2501469853573996,-0.24411174833552118,-0.22233150401635055,-0.20602977255477417,-0.9987302090654075,-0.6227088494656912,-0.5668621217534573,-0.5410154360760122,-0.4467970922772951,-0.3652086628257944,-0.2860720497920505,-0.21784051818294997,-0.20344175228670403,-0.19571002052271835,-0.17704699180921346
2.708542713567839,-1.0030306003791338,-0.7076908629190632,-0.6261275203017264,-0.5370650011576212,-0.5267689891147987,-0.4143109390446865,-0.34017771096622806,-0.24907800998105828,-0.2448511075488825,-0.22325932457320963,-0.20607073340911203,-0.9988197279578285,-0.6225306408017681,-0.5675765974573603,-0.5417947930177137,-0.44652048438854686,-0.36540024530403414,-0.2858956020360244,-0.21797562693819533,-0.20431988700364634,-0.19770940562846173,-0.17791372263558874
2.7326633165829146,-1.0028207202893404,-0.707050232666727,-0.6257714885377768,-0.537511597428815,-0.5268104057197017,-0.4145387570222674,-0.3406438403448244,-0.24802658384573617,-0.24560105580524683,-0.22414447872893656,-0.2061073068964262,-0.9989029972250274,-0.6223688907806327,-0.5683169260428247,-0.5424862249227523,-0.44625720510937117,-0.3656140664984583,-0.2857395425302671,-0.21809195997485603,-0.20518675489106913,-0.19964981788805758,-0.17871494919893371
2.75678391959799,-1.002624754589086,-0.7063901303074307,-0.6254348339602658,-0.5379811671309669,-0.5268139130924503,-0.41476781000625124,-0.34112020472629107,-0.24699296001267446,-0.2463607321193776,-0.22498919256328315,-0.20614003280748894,-0.9989804232392956,-0.6222225175515228,-0.5690828989099841,-0.5430917449567483,-0.446007670658863,-0.3658506742938323,-0.28560354671773586,-0.21819096586833847,-0.20605254789348698,-0.20152131666666334,-0.17945238917009726
2.7809045226130653,-1.0024418175950789,-0.7057121488707635,-0.6251167119311808,-0.5384721627973725,-0.5267820677077841,-0.41499788060863296,-0.34160754637257507,-0.24712884361151546,-0.24597737461337663,-0.22579615176544973,-0.20613804143469697,-0.9990523877516566,-0.622090479450689,-0.5698733546596602,-0.543614335922423,-0.44577213195642795,-0.3661104331543378,-0.28548697986563953,-0.21827403120450836,-0.2069363018488338,-0.20330532931848624,-0.18012795906691445
2.805025125628141,-1.0022710749779487,-0.7050177944704098,-0.624816286662942,-0.5389830671351447,-0.5267173283445131,-0.4152287728918006,-0.3421063507692853,-0.24790373672430402,-0.24498005043290264,-0.22656840248322666,-0.2071046848137971,-0.9991192492617583,-0.6219717785947018,-0.5706863223584536,-0.5440578027241335,-0.44555070253318463,-0.36639354008634173,-0.2853889402717871,-0.21834247880596555,-0.2078751308114378,-0.2049653825845347,-0.18074379622720158
2.829145728643216,-1.0021117414180232,-0.7043084899062243,-0.6245327346040135,-0.5395124270602556,-0.5266220229043752,-0.4154603105987901,-0.34261688088290965,-0.24868347802527022,-0.2440011739852325,-0.22730923846475673,-0.20804825733659219,-0.9991813442934496,-0.6218654634174169,-0.571519198574494,-0.5444265763536533,-0.44534338247567096,-0.36670004078551155,-0.2853083034945254,-0.2183975664144894,-0.20893334807723538,-0.20643793589857926,-0.18130223578889962
2.8532663316582916,-1.00196307829911,-0.7035855782444405,-0.6242652473935604,-0.5400588723260599,-0.5264983310864837,-0.415692335122244,-0.3431392114707379,-0.2494659380544684,-0.24304092359483617,-0.2280220788502796,-0.20896776491052957,-0.9992389887394744,-0.6217706298517904,-0.5723689337664614,-0.5447255144046576,-0.44515007973536347,-0.3670298458384318,-0.28524375960799,-0.218440485834368,-0.21017323695620813,-0.20766160152130966,-0.1818058696016244
2.8773869346733667,-1.0018243913988387,-0.7028503263894246,-0.6240130344370949,-0.5406211225221408,-0.5263482790221108,-0.4159247032855937,-0.3436732622659109,-0.2502488726058223,-0.2420994513022938,-0.2287103471865611,-0.2098620980974544,-0.9992924788958976,-0.6216864225178522,-0.5732322176318355,-0.5449597071307356,-0.4449706278919312,-0.36738274580389985,-0.28519385464344427,-0.21847236253188565,-0.21157821251633704,-0.2086539381648477,-0.18225756780617294
2.9015075376884423,-1.0016950287115503,-0.7021039285249254,-0.6237753250730853,-0.5411979856598795,-0.5261737420965056,-0.4161572866772216,-0.3442188291510778,-0.2510299967078815,-0.2411768871672101,-0.22937735052866146,-0.21073007241198774,-0.9993420927219923,-0.6216120354218576,-0.574105642897672,-0.5451343141011004,-0.44480480190624416,-0.3677584258729397,-0.2851570223733789,-0.21849425567785288,-0.21307077604244426,-0.20949349110999663,-0.18266056419002927
2.925628140703518,-1.00157437823361,-0.701347509568378,-0.6235513704210263,-0.5417883530025388,-0.5259764525970968,-0.4163899687557371,-0.34477561259380174,-0.251807048402364,-0.24027333970999007,-0.23002617547016432,-0.2115705019028323,-0.99938809083149,-0.6215467116372658,-0.5749858390261827,-0.5452544135332356,-0.44465233074485155,-0.3681564791838342,-0.28513161566116474,-0.218507158612651,-0.2145890904319702,-0.21024319233857627,-0.18301856078718984
2.949748743718593,-1.001461865868067,-0.7005821284949247,-0.623340444867106,-0.5423911907618701,-0.5257580099452008,-0.41662264340192184,-0.345343243286182,-0.2525778397409162,-0.2393888966568672,-0.230659592584965,-0.2123822576808474,-0.9994307175126367,-0.6214897421529153,-0.5758695703628744,-0.5453249089685335,-0.4445129080511568,-0.3685764190604695,-0.2851159324211193,-0.2185119997070057,-0.21610057043439568,-0.210936758560144,-0.18333596399902996
2.9738693467336685,-1.001356953378976,-0.6998087815835666,-0.6231418472514386,-0.5430055315361281,-0.5255198917735814,-0.4168552123807553,-0.3459213048187777,-0.25334030111649386,-0.23852362593792478,-0.2312799802384076,-0.21316433420060069,-0.9994702016816505,-0.6214404654233848,-0.5767538090647826,-0.5453504511723766,-0.4443862006127395,-0.36901769004674034,-0.2851082385155337,-0.21850964358695144,-0.21758938637851413,-0.2115911741380169,-0.18361826419506463
2.9979899497487437,-1.001259136419876,-0.6990284055487926,-0.6229549017597412,-0.5436304658664017,-0.5252634648782657,-0.417087584394514,-0.3465093514568409,-0.25409249982629223,-0.23767757688586985,-0.2318892670052696,-0.21391590876872738,-0.9995067577736026,-0.6213982654445844,-0.5776357756660615,-0.5453353937379403,-0.44427185507523115,-0.36947967784820335,-0.2851067867580528,-0.21904767056861138,-0.2185008926874671,-0.2122154755382528,-0.18387274338254003
3.0221105527638192,-1.0011679426404225,-0.6982418805835302,-0.6227789585583878,-0.5442651347930156,-0.5249899954698487,-0.4173196699670966,-0.34710692572951807,-0.254832671432518,-0.23685078158287945,-0.23248889476967563,-0.21463639295407785,-0.9995405866212052,-0.6213625707800368,-0.5785129637400042,-0.5452837704156067,-0.44416950289995893,-0.36996171811027456,-0.2851098326629775,-0.22047137876332554,-0.2184864890969169,-0.21281487978694216,-0.18410974294549
3.0462311557788944,-1.0010829298508777,-0.6974500332685476,-0.622613394198064,-0.5449087230845022,-0.524700658441623,-0.4175513821473769,-0.3477135694068029,-0.25555921938942655,-0.23604325630360828,-0.2330798025401608,-0.21532546824498183,-0.9995718762461636,-0.6213328522736747,-0.5793831454785194,-0.545199288948574,-0.4440787643733524,-0.3704631042672622,-0.28511564984459914,-0.22185841825126412,-0.2184671166528755,-0.21339265847700556,-0.1843447078110309
3.07035175879397,-1.0010036842821515,-0.6966536393869829,-0.6224576117921987,-0.5455604539395189,-0.5243965455914048,-0.41778263094910545,-0.3483288341807785,-0.25627072361671566,-0.23525500300405305,-0.2336624310172743,-0.2159831086756272,-0.9996008026152676,-0.6213086212909975,-0.5802443631239143,-0.5450853374129374,-0.4439992505727091,-0.3709830921882821,-0.28512253740672433,-0.22320775410496302,-0.2184434032495221,-0.21395101412828083,-0.18460031309309932
3.0944723618090455,-1.000929818913979,-0.6958534266094564,-0.6223110410093959,-0.546219584568679,-0.5240786728460199,-0.4180133224853221,-0.34895228896242514,-0.2569659372671609,-0.2344860108084995,-0.23423674902948,-0.21660958458415402,-0.9996275303704111,-0.6212894275955939,-0.5810949177835624,-0.5449449980672983,-0.4439305654257695,-0.3715209154211885,-0.2851288311084507,-0.2245189646423028,-0.21841592331711135,-0.21449152931173882,-0.18490437501886836
3.1185929648241206,-1.0008609718853254,-0.6950500770586265,-0.6221731378983606,-0.5468854025389693,-0.5237479865169898,-0.41824335541762814,-0.34958352493482736,-0.2576437813856485,-0.23480228634712255,-0.2337362574497515,-0.21720545247674392,-0.9996522134915771,-0.6212748572559009,-0.581933350722169,-0.5447810662122657,-0.443872305888132,-0.3720757767031717,-0.2851329098490273,-0.2257920001650918,-0.21838520043524476,-0.2150154015895264,-0.1852766298093199
3.142713567839196,-1.0007968049717815,-0.6942442297832349,-0.622043384575733,-0.5475572232638777,-0.5234053687604907,-0.4184726185366229,-0.3502221582789483,-0.25830333630826774,-0.2353581944271487,-0.23300571062123868,-0.21777152861042812,-0.9996749959452569,-0.6212645305077086,-0.5827584233382284,-0.5445960715289935,-0.4438240622474281,-0.3726468620634663,-0.28513320135050835,-0.22702704783206504,-0.2183517100433511,-0.21552357807521386,-0.1857135506048955
3.1668341708542713,-1.0007370021365758,-0.6934364830864078,-0.6219212887726202,-0.5482343876583577,-0.5230516423490985,-0.41870098774537723,-0.3508678322804524,-0.2589438335652896,-0.23590330976393833,-0.2322943292033279,-0.2183088555854895,-0.9996960122838173,-0.6212580996157331,-0.5835690962104046,-0.5443923002712072,-0.4437854175664814,-0.37323334267743835,-0.28512818669881834,-0.2282244507153446,-0.21831588308865366,-0.21601683459464036,-0.18732446621173868
3.190954773869347,-1.0006812681742434,-0.6926273967703465,-0.6218063832932652,-0.5489162609276905,-0.5226875748606608,-0.4189283242325228,-0.3515202161581693,-0.25956464114928657,-0.2364362120971381,-0.23160206432996056,-0.2188186591769563,-0.9997153882080584,-0.6212552467559412,-0.5843645085396993,-0.5441718171798856,-0.4437559468408814,-0.3738343783252316,-0.2851164039537055,-0.22938465659206564,-0.21827810485330507,-0.2164958244957374,-0.18781933594361466
3.215075376884422,-1.0006293273953593,-0.6918174942311077,-0.6216982253566757,-0.5496022308792389,-0.5223138822947175,-0.4191544711934051,-0.352179005598922,-0.26016525690634373,-0.2369553019472954,-0.2309288602657021,-0.21930230080430166,-0.9997332411203245,-0.6212556819540848,-0.5851439586987812,-0.5439364865138541,-0.4437352159215071,-0.3744491214788692,-0.28509645108751736,-0.23050818874310228,-0.2182387249355179,-0.216961112110122,-0.18829903657691896
3.2391959798994976,-1.0005809224064017,-0.6910072644898717,-0.6215963958904573,-0.5502917073727027,-0.5219312323776046,-0.41937925231360434,-0.3528439196672459,-0.26074529424565634,-0.23745886093132612,-0.23027465506755918,-0.21976123336067815,-0.9997496806014115,-0.6212591410418666,-0.5859068858898413,-0.5436879916859276,-0.4437227803098986,-0.3750767189403224,-0.285066988032181,-0.2315956182007643,-0.2181980536261049,-0.2174131912905829,-0.18876398494615565
3.2633165829145727,-1.0005358129450819,-0.6901971640967479,-0.6215004987489925,-0.5509841215576049,-0.5215402474906324,-0.4196024698418407,-0.35351469851311856,-0.2613044716800482,-0.23794511495496531,-0.22963938100995643,-0.22019695813105875,-0.9997648089106751,-0.6212653837145071,-0.5866528536212522,-0.5434278534193467,-0.4437181839304617,-0.375716315516625,-0.28502673857755156,-0.23264755304446375,-0.21815636798123908,-0.21785250272954412,-0.18921458471315392
3.2874371859296483,-1.0004937747833615,-0.6893876189399,-0.6214101598866477,-0.5516789253492835,-0.5211415073303949,-0.41982390298566324,-0.3541911002910448,-0.2618426020519534,-0.238412287509903,-0.22902296475608003,-0.22061098640586468,-0.9997787214000409,-0.6212741916421554,-0.5873815345914148,-0.543157446193552,-0.44372095795333194,-0.3763670556492495,-0.284974491642787,-0.23366462537537663,-0.21827944378497233,-0.21811391196155455,-0.1896512262478287
3.311557788944724,-1.000454598693392,-0.688579025958768,-0.6213250264935899,-0.55237559100168,-0.5207355513461517,-0.42004330666769063,-0.3548728978050263,-0.2623595822752398,-0.23885864550031402,-0.22842532726338569,-0.22100480716772083,-0.9997915069796748,-0.6212853666448844,-0.5880926971891647,-0.5428780132335681,-0.44373061975886985,-0.37702808622085027,-0.28490910244411227,-0.23464748488702805,-0.2186943767246,-0.2180709020695394,-0.19007428798013196
3.335678391959799,-1.00041808947413,-0.6877717547658118,-0.6212447661043365,-0.5530736107358514,-0.5203228809974585,-0.42026041062781977,-0.3555598750242734,-0.26285538365983663,-0.23928253709253444,-0.22784638341665236,-0.2213798611483911,-0.9998032484883674,-0.6212987289483201,-0.5887861933810992,-0.5425906798893629,-0.4437466720825371,-0.37769855794343804,-0.28482949317525796,-0.23559679164859915,-0.2190976344517086,-0.21802752682905202,-0.1896600493238585
3.3597989949748746,-1.000384065035897,-0.6869661491808603,-0.6211690656877732,-0.5537724963914998,-0.519903961866081,-0.4204749188816139,-0.35625182359730834,-0.2633300428624481,-0.23968242174242704,-0.22728604138754793,-0.22173752112140827,-0.9998140230801681,-0.6213141156052786,-0.5894619480447236,-0.5422964656659565,-0.4437686024237293,-0.37837762719694523,-0.2847346533132379,-0.23651321181704177,-0.21948952518388742,-0.21798395358038558,-0.19011643615538498
3.3839195979899497,-1.0003523555406313,-0.6861625286824805,-0.6210976307263482,-0.5544717790778866,-0.5194792256503954,-0.4206865095403839,-0.35694853947480754,-0.2637836534860619,-0.24005689301739427,-0.22674420172660723,-0.2220790779395003,-0.9998239025851814,-0.6213313811214669,-0.5901199493303472,-0.5419962949577742,-0.44379588261697644,-0.3790644571963261,-0.284623640389586,-0.237397413936599,-0.21987033630683225,-0.21794032489819146,-0.19055997318631987
3.4080402010050252,-1.0003228025951747,-0.6853611897806049,-0.6210301842910817,-0.5551710088069424,-0.5190490720655845,-0.42089483499250435,-0.3576498197321214,-0.2642163583349638,-0.24040469505360054,-0.22622075620061824,-0.22240573159621943,-0.9998329538148919,-0.6213503884105799,-0.5907602401970143,-0.5416910066158012,-0.4438279688688749,-0.3797582200436904,-0.284495579475075,-0.23825006616255898,-0.22024033658432604,-0.21789676461277604,-0.19099061893461058
3.4321608040201004,-1.0002952584950884,-0.684562407314802,-0.6209664661184044,-0.5558697540973287,-0.5186138706692651,-0.42109952243953025,-0.35835545966317756,-0.26462834232193944,-0.24072473356970608,-0.22571558639655415,-0.22271858648708082,-0.9998412388960694,-0.6213710173971121,-0.5913829112957367,-0.5413813626031885,-0.44386430202769284,-0.3804580981255123,-0.28434966410482754,-0.23907183389841302,-0.22059977931795782,-0.21785337885312422,-0.19140844549502106
3.456281407035176,-1.0002695855164756,-0.6837664356824362,-0.620906231693833,-0.556567601541966,-0.5181739626285824,-0.42130017477501197,-0.35906525020011043,-0.26501982601815316,-0.24101608235428001,-0.22522856212213033,-0.22301865003271604,-0.9998488156225662,-0.621393158128215,-0.5919880937575126,-0.5410680555183023,-0.44390430813504106,-0.3811632838062254,-0.28418515489425955,-0.23986337789394446,-0.2209489037114476,-0.21781025792652747,-0.19181359910600482
3.480402010050251,-1.0002456552532493,-0.6829735100009153,-0.6208492513471398,-0.5572641553365223,-0.5177296624423084,-0.42149637178862376,-0.35977897569669937,-0.26539105983163236,-0.24127798607068138,-0.22475953964203724,-0.22330683388084735,-0.9998557376859132,-0.6214167102610768,-0.5925759537922043,-0.5407517154718388,-0.4439473993161126,-0.3818729822205209,-0.284001379866925,-0.2406253527336338,-0.22128793617140588,-0.2177674780669788,-0.19220627614638322
3.5045226130653266,-1.0002233479968972,-0.6821838472082247,-0.6207953093629617,-0.5579590367673146,-0.5172812596288014,-0.42168767167356713,-0.36049641209917027,-0.2657423187879521,-0.24150986006632746,-0.2243083597984985,-0.22358395630606703,-0.9998620548617785,-0.6214415811332362,-0.5931466873528287,-0.5404329162060593,-0.44399297508857094,-0.3825864118194324,-0.28379773359787486,-0.2413584055421666,-0.22161709165904364,-0.21772510305311304,-0.19258670691986485
3.528643216080402,-1.0002025521605091,-0.6813976471065817,-0.6207442031108302,-0.5586518836668906,-0.5168290203915648,-0.42187361281065894,-0.36121732551457975,-0.26607389795577974,-0.24171128825542576,-0.22387484607384478,-0.22385075000506177,-0.9998678134457212,-0.6214676895006233,-0.5937005151953831,-0.5401121805126574,-0.44404042377907027,-0.38330280307827524,-0.28357367699361324,-0.24206317509590042,-0.2219365748163607,-0.21768318569781736,-0.1929551447658061
3.5527638190954773,-1.00018316372931,-0.6806150933535243,-0.620695742198528,-0.55934234980852,-0.516373189263892,-0.42205371578339657,-0.3619414711734038,-0.2663861083038191,-0.241882018289914,-0.22410785983185189,-0.2234588026611038,-0.9998730553044947,-0.6214949570845574,-0.5942376788725258,-0.5397899851502258,-0.4440891243341132,-0.384021401714312,-0.2833287345065187,-0.2427402908776226,-0.22224658075491055,-0.21764176943155317,-0.1933118574080122
3.576884422110553,-1.000165085758429,-0.6798363543833732,-0.6206497476401012,-0.5600301042971312,-0.515913990736306,-0.4222274855869396,-0.36266859277688296,-0.26667927324524776,-0.24202195690402933,-0.22435585764603116,-0.2230600126153141,-0.9998778225064704,-0.6215233129193769,-0.5947584378096922,-0.5394667657963392,-0.44413844835219,-0.38474146964104056,-0.2830625005863972,-0.2433903725519428,-0.22254729476009638,-0.21760088868019256,-0.19365712330535528
3.601005025125628,-1.0001482279217435,-0.6790615843276591,-0.6206060510651259,-0.5607148310517528,-0.5154516308767004,-0.4223944142380388,-0.3633984222064528,-0.26695372548571,-0.24213116256865108,-0.22459524105634493,-0.22267823616266136,-0.9998821505406197,-0.6215526914297963,-0.5952630644043485,-0.5391429187611654,-0.44418776228461176,-0.3854622826583851,-0.2827746255628328,-0.24401402931452104,-0.22283889382215794,-0.217560571275287,-0.19399122651365847
3.6251256281407036,-1.0001325060507782,-0.6782909238374851,-0.6205644939552418,-0.5613962280278044,-0.5149862989929355,-0.4225539833969093,-0.3641306795715389,-0.26720980460931054,-0.24220983907034324,-0.2248264418386348,-0.22231320924613926,-0.999886073960968,-0.6215830312775025,-0.5957518425029598,-0.5388188105825998,-0.44423643003559965,-0.3861831339169052,-0.28246482680137985,-0.24461185973794994,-0.22312154662617903,-0.21752083862664476,-0.19431445539298034
3.6492462311557787,-1.0001178416974796,-0.6775245008977165,-0.6205249268790576,-0.562074006249615,-0.5145181691389693,-0.42270566604905035,-0.36486507352973896,-0.26744785613397604,-0.24225832737540925,-0.22504983143583168,-0.2219646423840776,-0.999889624452253,-0.621614275005945,-0.5962250652565727,-0.5384947726493063,-0.4442838154239376,-0.38690333451908876,-0.28213288103988315,-0.24518445139087253,-0.223395413615113,-0.2174817068423413,-0.1946270999403511
3.6733668341708543,-1.0001041618087176,-0.6767624316409449,-0.6204872088530503,-0.5627478901909098,-0.5140474019023366,-0.4228489314735425,-0.36560130185599615,-0.26766822731321205,-0.24227709803706485,-0.22526572505528455,-0.22163221991182355,-0.9998928311714176,-0.6216463682179676,-0.5966830289205608,-0.5381711109683661,-0.4443292848386906,-0.38762220625279065,-0.28177862533895215,-0.24573238068929318,-0.22366064642342162,-0.21744318754203398,-0.19492945047830465
3.69748743718593,-1.0000913983367123,-0.676004820947547,-0.6204512065930834,-0.5634176157026252,-0.5135741458294888,-0.42298324582239544,-0.3663390525483544,-0.2678712663448927,-0.24226674146726201,-0.22547438612855664,-0.22131559966607484,-0.9998957214309383,-0.6216792592826754,-0.5971260363929971,-0.5378481064990858,-0.4443722102500839,-0.3883390940249387,-0.2814019552472128,-0.246256212915074,-0.22391738943159534,-0.21740528857805563,-0.1952217976799614
3.721608040201005,-1.000079487899765,-0.6752517633282142,-0.6204167939202889,-0.5640829301692234,-0.5130985391154346,-0.4231080747963614,-0.36707800433774124,-0.2680573238196245,-0.2422279632798246,-0.22567603153514693,-0.22101441315725268,-0.999898320416547,-0.6217128987664984,-0.5975543917086406,-0.5375260178256662,-0.444411971936497,-0.3890533579154058,-0.28100282341279603,-0.24675650216257827,-0.22416577885251332,-0.21736801467079736,-0.19550443125800188
3.7457286432160806,-1.0000683714881116,-0.6745033434809984,-0.620383851164712,-0.5647435925818592,-0.5126207112691091,-0.42322289007326974,-0.36781782821913644,-0.2682267498906113,-0.24216157389283305,-0.2258708345055856,-0.220728266256905,-0.9999006514239075,-0.6217472390590854,-0.5979683992801035,-0.5372050834814125,-0.4444479614074287,-0.3897643752548323,-0.28058123831035714,-0.24723379144505342,-0.22440594297339245,-0.21733136796489072,-0.19577763966967765
3.7698492462311557,-1.0000579941574543,-0.6737596369751093,-0.6203522645853905,-0.5653993716168324,-0.5121407845168746,-0.42332716859749436,-0.3685581885546095,-0.2683798930294466,-0.24206847964691952,-0.22605892683557294,-0.2204567404070602,-0.9999027360094135,-0.6217822340336192,-0.5983683624368998,-0.5368855240888821,-0.4444795843057981,-0.390471540636335,-0.28013726274469025,-0.24768861288475075,-0.22463800215952895,-0.2172953485126226,-0.19604171004413123
3.7939698492462313,-1.0000483047656468,-0.6730207108362303,-0.62032192585158,-0.5660500451934785,-0.5116588754884144,-0.42342039482132293,-0.3692987442352153,-0.26851709927410694,-0.24194967710268728,-0.22624040211020752,-0.22019939433650443,-0.9999045941316513,-0.6218178387763724,-0.5987545821424429,-0.5365675444794837,-0.44450626326760106,-0.3911742658572724,-0.27967101246180376,-0.24812148781766113,-0.22486206864872504,-0.21725995469087983,-0.19629692827910533
3.8180904522613064,-1.0000392557209183,-0.6722866241834997,-0.620292731561646,-0.566695401191913,-0.511175096679953,-0.42350206661456935,-0.37003915035705326,-0.2686387227987779,-0.24180624453800456,-0.2264153176091663,-0.21995576624770954,-0.9999062441354934,-0.6218540093347222,-0.5991273547459709,-0.5362513348630573,-0.44452744065147565,-0.39187197724235856,-0.27918265494412575,-0.24853292672047508,-0.2250782445791469,-0.21722518355773926,-0.1965435789632969
3.842211055276382,-1.0000308027264289,-0.671557428772109,-0.620264582777255,-0.5673352357786803,-0.5106895579738702,-0.42357169537302697,-0.37077905893586494,-0.2687451016828023,-0.24163933548755853,-0.22658369532310926,-0.2197253764183564,-0.9999077035196406,-0.6218907026182986,-0.5994869756867667,-0.5359370741956935,-0.44454258151914827,-0.3925641260358037,-0.278672407995331,-0.248923430068714,-0.22528663365861964,-0.21719103115458874,-0.19678194467689666
3.8663316582914575,-1.0000229045802416,-0.6708331695542229,-0.6202373846224352,-0.5679693534593222,-0.5102023680840144,-0.4236288090551699,-0.37151812068898,-0.2688365827809878,-0.2414501717941112,-0.22674552283553318,-0.21950773014488933,-0.9999089878341605,-0.6219278760157387,-0.5998337312039961,-0.5356249292096864,-0.44455117572456065,-0.3932501717394686,-0.2781405380814831,-0.24929348743005536,-0.2254873159514706,-0.21715749275942536,-0.19701230924230384
3.8904522613065327,-1.000015522955164,-0.6701138852043442,-0.6202110459034074,-0.5685975666910452,-0.5097136359536563,-0.4236729554129062,-0.3722559858981857,-0.2689135092023908,-0.24124003776002345,-0.22690075352978267,-0.21930232094316093,-0.9999101117582028,-0.6219654875763769,-0.6001679034445135,-0.535315057719993,-0.4445527409300268,-0.39392959259121313,-0.277587359907212,-0.24964357867815218,-0.22568037312800748,-0.217124563096605,-0.19723495465610846
3.9145728643216082,-1.0000086222066367,-0.6693996086298251,-0.6201854787702347,-0.5692196953276585,-0.5092234720851267,-0.4237037025683813,-0.37299230554034657,-0.2689762229718242,-0.24101027414377782,-0.22704930620408834,-0.2191086339137365,-0.9999110887839033,-0.6220034958090443,-0.6004897680134527,-0.5350076097504392,-0.4445468248814688,-0.3946018828832921,-0.27701323496038055,-0.24997417345471787,-0.22586588161011215,-0.2170922365081369,-0.197450162166544
3.9386934673366834,-1.0000021691907088,-0.6686903674621862,-0.6201605984123426,-0.5698355665040582,-0.508731989811479,-0.42372064225454714,-0.37372673223107405,-0.2690250652730745,-0.24076227356504315,-0.22719106410285983,-0.21892614917742598,-0.9999119316309506,-0.6220418594666819,-0.6007995936028052,-0.5347027259439074,-0.4445330073064672,-0.39526655494435264,-0.27641857015374227,-0.25028573134589754,-0.22604390382500128,-0.21706050709110863,-0.19765821759656443
3.962814070351759,-0.9999961330831405,-0.6679861845191422,-0.6201363226147586,-0.5704450143367025,-0.5082393064777768,-0.42372339145119176,-0.3744589210332443,-0.2690603765269449,-0.2404974759148908,-0.22732587329239956,-0.21875434528898208,-0.9999126516460998,-0.6220805378043378,-0.6010976410279603,-0.5344005424941853,-0.4445109023632603,-0.3959231320008125,-0.27580381786146824,-0.2505786986503857,-0.2262144959008942,-0.2170293688057101,-0.19785940192563578
3.986934673366834,-0.9999904852617808,-0.6672870783055651,-0.6201125722321916,-0.5710478797512657,-0.5077455445446317,-0.4237115942738766,-0.3751885301257043,-0.2690824969972969,-0.24021736544754194,-0.22745354047342706,-0.21859270254443822,-0.999913259760078,-0.6221194906447328,-0.6013841644291883,-0.5341011903453599,-0.4444801604298416,-0.3965711536791183,-0.2751694745580813,-0.25085352014055506,-0.2263777080259596,-0.21699881555777903,-0.1980540115498188
4.011055276381909,-0.9999851990946463,-0.6665930633867008,-0.6200892699026197,-0.5716440102960698,-0.5072508325727338,-0.42368492360288657,-0.3759152213052104,-0.26909176642685617,-0.2399234670168944,-0.22757382990604205,-0.2184407061079924,-0.9999137659372567,-0.6221586777702739,-0.6016594102744082,-0.5338047956652432,-0.44444046974122786,-0.3972101735497675,-0.27451608106143166,-0.25111061902718634,-0.22653358264304688,-0.21696884125962643,-0.19824233027788005
4.035175879396984,-0.9999802498419286,-0.6659041508544735,-0.6200663406029306,-0.5722332600521801,-0.5067553061352169,-0.42364308273825435,-0.37663866033738036,-0.2690885245844344,-0.2396173449013878,-0.2276864597877873,-0.21829784889757015,-0.9999141791468396,-0.6221980597424276,-0.6019236175049946,-0.5335114807878598,-0.4443915581194048,-0.3978397574269148,-0.27384422230749583,-0.2513504089049872,-0.22668215494337135,-0.21693943987242498,-0.19842465862293418
4.05929648241206,-0.9999756145149444,-0.6652203487216777,-0.6200437113056692,-0.5728154895452803,-0.5062591085466628,-0.42358580690210823,-0.37735851713209245,-0.2690731114512729,-0.23930060174345755,-0.2277910978044466,-0.2181636341826451,-0.9999145080400585,-0.6222375974973198,-0.6021770180918496,-0.533221365108476,-0.4443331943962283,-0.3984594850573935,-0.2731545279306442,-0.2515732988848446,-0.22682345430906267,-0.21691060543328458,-0.19860130590506156
4.083417085427135,-0.9999712717534529,-0.6645416623086149,-0.6200213108192949,-0.5733905657670497,-0.5057623916736126,-0.4235128646084495,-0.3780744657570696,-0.26904586713635736,-0.2389748785342067,-0.2278873539490944,-0.21803757786261205,-0.9999147604626756,-0.6222772525760092,-0.602419835915674,-0.5329345651321274,-0.44426518952456184,-0.3990689481898819,-0.27244767272543524,-0.2517796674445941,-0.22695750310473886,-0.21688233206965377,-0.19877259041818393
4.107537688442211,-0.9999672017099873,-0.6638680946232605,-0.6199990700194428,-0.5739583621737544,-0.5052653162114862,-0.42342405902303937,-0.3787861842657907,-0.2690071324422197,-0.2386418559963241,-0.22797478441891916,-0.21791921040817158,-0.9999149434763689,-0.6223169870575023,-0.6026522886273632,-0.5326511950380293,-0.444187397708272,-0.3996677451636934,-0.2717243788386333,-0.25196988721817803,-0.22708431505610577,-0.21685461400353595,-0.19893884308916443
4.131658291457287,-0.9999633859457643,-0.6631996467270866,-0.6199769211869939,-0.5745187586116683,-0.5047680519469678,-0.4233192291769654,-0.3794933543708361,-0.268957248669786,-0.23830325512600095,-0.22805286577308706,-0.21780807846104608,-0.9999150640111195,-0.622356763633245,-0.6028745869025139,-0.5323713670651725,-0.44409971768034406,-0.40025548831524693,-0.27098541776667817,-0.25214430693446477,-0.22720390984865632,-0.21682744554766467,-0.1991004168360824
4.155778894472362,-0.9999598073297552,-0.6625363180527357,-0.6199547983086541,-0.5750716414578607,-0.5042707784987828,-0.4231982514794953,-0.38019566093673185,-0.2688965576589549,-0.23796084069364745,-0.22812100742336597,-0.21770374609826612,-0.999915128137551,-0.622396545915051,-0.6030869352205442,-0.5320951917289093,-0.4440020928906324,-0.4008317990625567,-0.27023161393346484,-0.25230325030062584,-0.2273162888127436,-0.21680082109550305,-0.1992576846651282
4.179899497487437,-0.9999564499444278,-0.6618781067529453,-0.6199326370705345,-0.5756169036760459,-0.5037736850578041,-0.4230610407041198,-0.38089279127412484,-0.26882540208586775,-0.23761642365717872,-0.22817853542983824,-0.21760579577632094,-0.9999151416283631,-0.6224362981508536,-0.6032895324664729,-0.5318227775901219,-0.44389451264846685,-0.4013963096841165,-0.26946384990746813,-0.25244701080529625,-0.22742145674144992,-0.21677473510673745,-0.19941107144934517
4.204020100502513,-0.9999532989994251,-0.6612250100095589,-0.6199103747336289,-0.5761544449167956,-0.5032769702528387,-0.42290755133075075,-0.38158443428190747,-0.2687441253959154,-0.23727186301298772,-0.22822468875483723,-0.21751382897726676,-0.9999151096962029,-0.6224759855876831,-0.603482571188573,-0.5315542315386015,-0.44377701197341424,-0.40194865234819377,-0.26868307301326977,-0.2525758423689921,-0.22751941126839267,-0.2167491820896846,-0.1995610189559738
4.228140703517588,-0.9999503407501522,-0.6605770243250985,-0.6198879501308232,-0.5766841716061076,-0.5027808421152301,-0.4227377788090717,-0.38227027939550295,-0.2686530717975977,-0.2369290661947406,-0.2282586154945129,-0.217427466583647,-0.9999150372655459,-0.6225155741955608,-0.6036662396165918,-0.5312896587378461,-0.4436496724702721,-0.40248847247649533,-0.26789030544837455,-0.2526899502004136,-0.22761015043615387,-0.21672415658175945,-0.19970804126202754
4.252261306532663,-0.9999475624220664,-0.659934145802195,-0.619865303663395,-0.5772059970476435,-0.5022855177400147,-0.42255176087809593,-0.3829500153451237,-0.26855258623640166,-0.23658998631921613,-0.22827937272779902,-0.2173463490120433,-0.9999149288392581,-0.6225550310715535,-0.6038407210730741,-0.5310291623858578,-0.443512621980885,-0.4030154195566548,-0.2670866575323998,-0.25278947563902926,-0.22769366884856607,-0.2166996531291181,-0.19985272581386015
4.276381909547739,-0.9999449521401428,-0.6592963704081435,-0.6198423773009599,-0.5777198415286606,-0.5017912227871576,-0.42234957895982367,-0.3836233287141276,-0.26844301433337475,-0.23625661413752252,-0.22828593207679443,-0.2172701361362816,-0.9999147883886342,-0.622594324287286,-0.604006195682644,-0.530772843626799,-0.44336603517938195,-0.40352914808319257,-0.2662733469851954,-0.252874477036281,-0.22776996069668293,-0.2166756662662176,-0.1999957610367607
4.300502512562814,-0.9999424988776383,-0.6586636939487241,-0.619819114688901,-0.5782256324975035,-0.5012981911944051,-0.4221313599697598,-0.384289901717367,-0.26832470237920086,-0.23593096283412984,-0.2282771937496832,-0.20066524890321252,-0.9999146197566297,-0.6226334230865403,-0.604162839373163,-0.5305208011702411,-0.44321013247493635,-0.40402931700475264,-0.2654517255535395,-0.25294490047251006,-0.2278390189316602,-0.21665219049601553,-0.20013796756881752
4.324623115577889,-0.9999401923378766,-0.6580361134223518,-0.6197954607477664,-0.578723304365009,-0.500806663082385,-0.4218972766559607,-0.38494941259557464,-0.2681979968301136,-0.23561503805039313,-0.22825201134899975,-0.2006869799166517,-0.9999144263453477,-0.6226722977800122,-0.6043108253077384,-0.5302731310236368,-0.4430451801426852,-0.4045155889388134,-0.26462331742333023,-0.25300054143534345,-0.22790083709813963,-0.21662922027135023,-0.2002803473809639
4.3487437185929645,-0.9999380229834086,-0.6574136255264936,-0.6197713622486087,-0.5792127990386794,-0.5003168859953132,-0.42164755143285537,-0.385601530038312,-0.2680632447144784,-0.23531080218425404,-0.22820923183959935,-0.20071395829154076,-0.9999142115545435,-0.6227109198236449,-0.6044503243330264,-0.5300299261126403,-0.4428714896332605,-0.4049876295714294,-0.26378987445709984,-0.25304098842400863,-0.22795541041133566,-0.2166067499779123,-0.20042414551006277
4.3728643216080405,-0.9999359819259681,-0.6567962280231974,-0.6197467674482151,-0.5796940656988292,-0.49982911251209544,-0.4213824569948294,-0.38624591306371897,-0.26792079303878874,-0.23502011545020357,-0.2281477502581446,-0.20074780466794068,-0.9999139780735826,-0.6227492619080444,-0.6045815053196077,-0.5297912759037966,-0.4426894166451349,-0.40544510724275834,-0.2629534573388708,-0.2530655401165647,-0.22800273575255559,-0.21658477391910164,-0.20057093745347004
4.396984924623116,-0.999934060894772,-0.6561839197212256,-0.6197216261699279,-0.58016706093686,-0.4993435995694744,-0.42110231899511996,-0.38688220769691095,-0.2677709886579438,-0.2347446664160715,-0.228066580034339,-0.20079044649800082,-0.9999137285964839,-0.6227872979463162,-0.6047045355433621,-0.5295572660149814,-0.4424993601511682,-0.40588769243315403,-0.2621165557179822,-0.2530730844253526,-0.2280428131741472,-0.21656328630298627,-0.20072274522938088
4.421105527638191,-0.9999322521808193,-0.6555767002859667,-0.6196958897846819,-0.5806317487916317,-0.49886060735156607,-0.420807518328492,-0.3875100438756564,-0.2676141779778913,-0.23448589118197227,-0.22796493367469206,-0.2008440924616256,-0.9999134655693714,-0.6228250030699638,-0.604819581421018,-0.5293279777364152,-0.4423017611138726,-0.40631505765805614,-0.2612822684038646,-0.2530619168717698,-0.22807564674626057,-0.2165422812314884,-0.20088218539248393
4.445226130653267,-0.9999305486103665,-0.6549745709566459,-0.6196695111818177,-0.5810881007817876,-0.49838039808107626,-0.42049849443839726,-0.3881290319027467,-0.2674507067062569,-0.23424489142184793,-0.22784230612990528,-0.2009110932727454,-0.9999131911889831,-0.6228623536442217,-0.6049268087776207,-0.5291034875686383,-0.4420971008924417,-0.40672687737890223,-0.2604545749897229,-0.2530294676075715,-0.2281012453805428,-0.21652175269186688,-0.20105264526309288
4.469346733668342,-0.9999289434960668,-0.6543775343169627,-0.6196424447432728,-0.5815360959056257,-0.4979032347985379,-0.42017574839378985,-0.3887387584373189,-0.2672809194795403,-0.23402236260452436,-0.22769854737934758,-0.20099364781020157,-0.9999129074747073,-0.6228993273792162,-0.6050263833065214,-0.5288838668292811,-0.44188589939674044,-0.4071228284653043,-0.2596387430513299,-0.2529718927766883,-0.22811962348354525,-0.21650169455046236,-0.20123845001709534
4.493467336683417,-0.9999274306035735,-0.6537855945256218,-0.6196146462929235,-0.5819757206243859,-0.4974293800892504,-0.419839846795249,-0.3893387819027925,-0.26710515951348845,-0.23381854671120916,-0.22753391143872082,-0.2010933838690357,-0.9999126162328495,-0.6229359031483825,-0.6051184707767228,-0.5286691811062117,-0.4416687129353071,-0.40750259017031154,-0.2588419167638863,-0.2528834841326727,-0.2281308021815912,-0.21648210054869316,-0.20144492916467555
4.517587939698492,-0.9999260041183977,-0.6531987574390719,-0.6195860730365251,-0.5824069688228537,-0.49695909479774025,-0.419491426220444,-0.38992862722919686,-0.2669237682161294,-0.23363322010275822,-0.22734907050551573,-0.20121096897025992,-0.9999123191048263,-0.6229720611573057,-0.6052032374809946,-0.5284594899083817,-0.4414461317023548,-0.40786584518505553,-0.25807389640015665,-0.2527558884419397,-0.22813480993147056,-0.21646296430116402,-0.2016781928008945
4.541708542713568,-0.9999246586153123,-0.6526170307228201,-0.6195566834879968,-0.5828298417477696,-0.49649263674167465,-0.4191311983842507,-0.39050777981334917,-0.26673708477729663,-0.23346572109640498,-0.22714508974291645,-0.20134596368499255,-0.9999120175613754,-0.6230077828584749,-0.605280850467377,-0.5282548462155587,-0.4412187769186028,-0.4082122805859475,-0.25734792657743477,-0.25257731740746425,-0.2281316833363439,-0.2164442792958364,-0.20194437656428624
4.565829145728643,-0.9999233890300804,-0.6520404239520923,-0.6195264373812395,-0.583244347924052,-0.4960302594409089,-0.4187599561430146,-0.39107567856277,-0.266545445737482,-0.23331501345968642,-0.22692336644630973,-0.20149700609955723,-0.9999117129372855,-0.6230430509633678,-0.6053514777529008,-0.5280552960908153,-0.44098729755843763,-0.4085415891472232,-0.2566808042496504,-0.2523324376516293,-0.22812146819631557,-0.21642603889603862,-0.20224827039846677
4.589949748743718,-0.9999221906332263,-0.651468948702672,-0.6194952955672304,-0.5836505030490932,-0.4955722108769392,-0.41837858049112314,-0.39163170786414275,-0.2663491845359773,-0.23317977485395835,-0.22668554447748657,-0.2016622041181561,-0.999911406431637,-0.6230778494312684,-0.6054152885036668,-0.5278608783218621,-0.4407523666800765,-0.4088534711583272,-0.2560908209351633,-0.25200442734291384,-0.22810421997535307,-0.21640823634419498,-0.20259173320413326
4.6140703517587935,-0.9999210590059695,-0.6509026186335831,-0.6194632198972254,-0.584048329864663,-0.49511873229599596,-0.41798804871029954,-0.3921751882627467,-0.26614863106442377,-0.23305849571923914,-0.2264334187139414,-0.2018395248663492,-0.9999110990992295,-0.6231121634758694,-0.6054724532211204,-0.5276716241030592,-0.4405146773077277,-0.4091476365100201,-0.25559223831143973,-0.2515805001231777,-0.22808000445822357,-0.21639086476712166,-0.20297282969606473
4.63819095477387,-0.9999199900203032,-0.6503414495588937,-0.6194301730890915,-0.5844378580099167,-0.4946700570750725,-0.4175894438599196,-0.3927053659834776,-0.2659441112912705,-0.23294957469233377,-0.22616884376816035,-0.20202705500422355,-0.9999107918649054,-0.6231459794361114,-0.605523143787299,-0.527487556742789,-0.4402749378765971,-0.40942380719446014,-0.25518844897229265,-0.25105873518511257,-0.22804889837615747,-0.21637391718267565,-0.20338633520273816
4.662311557788945,-0.9999189798145872,-0.6497854595125899,-0.6193961185821922,-0.5848191238616054,-0.49422640965006737,-0.41718396577305317,-0.3932214007439856,-0.2657359466179887,-0.23285140026642048,-0.2258936549594372,-0.2022231166801451,-0.9999104856309494,-0.6231792849294284,-0.6055675335799028,-0.5273086914268079,-0.4400338672830083,-0.40968172033585093,-0.25486998641883263,-0.2504500799351733,-0.22801099053934887,-0.21635738650755348,-0.20382523807153885
4.68643216080402,-0.9999180247754417,-0.6492346688129202,-0.6193610203661165,-0.5851921703397636,-0.49378800453292215,-0.4167729437229726,-0.393722351265798,-0.2655244532642939,-0.23276241348148063,-0.22560960555084703,-0.20242627621727,-0.9999101811221488,-0.6232120687977977,-0.6056057974245753,-0.5271350350432696,-0.4397921894530016,-0.409921131587221,-0.2546196571434946,-0.24977320095043848,-0.2279663804944262,-0.21634126556616218,-0.20428227641388336
4.710552763819096,-0.9999171215228736,-0.6486891001116087,-0.619324842820915,-0.5855570467091674,-0.4933550454125773,-0.41635785088001326,-0.39420715966524883,-0.26530994229501015,-0.23268115206768986,-0.22531833373183813,-0.20263532710405202,-0.9999098789450586,-0.6232443208894047,-0.6056381116080751,-0.5269665860172895,-0.43955062742950596,-0.41014181880372985,-0.2544195271850126,-0.2490475037651187,-0.22791518130360133,-0.2163255471002642,-0.20475089460777673
4.734673366834171,-0.9999162668931257,-0.6481487782947724,-0.6192875504931081,-0.585913808366254,-0.4929277235221826,-0.41594032056984687,-0.3946746337631888,-0.2650927187602281,-0.23260627581112597,-0.2250213355262548,-0.20284923799713145,-0.9999095796685628,-0.6232760322440519,-0.6056646538172242,-0.5268033342395624,-0.4393098972204077,-0.41034358560178363,-0.2542548474615957,-0.24828920366596935,-0.22785751871173382,-0.21631022377930265,-0.20522559607849528
4.758793969849246,-0.9999154579249179,-0.6476137311435615,-0.6192491080113297,-0.5862625166044623,-0.49250622041669856,-0.41552216413591725,-0.39512342767037756,-0.2648730814771328,-0.23253657872640293,-0.2247199580819984,-0.20306711176780334,-0.9999092837948129,-0.6233071950328416,-0.6056856030662171,-0.5266452609130468,-0.439070701319234,-0.4105262685453611,-0.25411481687972787,-0.24751056022947143,-0.22779353132340685,-0.21629528821123645,-0.2057019315098383
4.782914572864321,-0.9999146918416045,-0.6470839883942034,-0.6192094797034805,-0.586603238372706,-0.49209070189988047,-0.41510538990493095,-0.39555202095552977,-0.26465132229183197,-0.23247099080800354,-0.22441539993058657,-0.20328815118145416,-0.9999089917021274,-0.6233378024304489,-0.6057011394700567,-0.5264923387384888,-0.4388337218445282,-0.41068973748769944,-0.2539919301423542,-0.24672052933791971,-0.22772336920121922,-0.21628073295374228,-0.20617633179741918
4.807035175879397,-0.9999139660436379,-0.6465595824584182,-0.619168629492716,-0.5869360460063895,-0.4916813214826661,-0.4146922223403088,-0.39595869778595805,-0.26442772598886954,-0.23240857333898238,-0.22410872059715817,-0.2035116220417437,-0.9999087038047626,-0.6233678486575676,-0.6057114442605337,-0.5263445321544425,-0.43859961385908264,-0.410833903728425,-0.25388107028134066,-0.24592566896324944,-0.22764719694739058,-0.21626655052557306,-0.2066459196954287
4.831155778894472,-0.9999132780949126,-0.6460405483103348,-0.6191265206601128,-0.5872610169937551,-0.49127821887534917,-0.41428511963939574,-0.3963415277008433,-0.26420256975121154,-0.2323485099615611,-0.22380085213813888,-0.2037368450999411,-0.9999084202994063,-0.6233973290303522,-0.6057166993479627,-0.5262017964060394,-0.4383689981484129,-0.4109587234274623,-0.25377874674304435,-0.24513089071887134,-0.22756519231731892,-0.21625273341808698,-0.20710835587930998
4.8552763819095475,-0.999912625712009,-0.6455269234794382,-0.6190831155954601,-0.5875782336831713,-0.4908815197653279,-0.41388678701594384,-0.396698350318181,-0.26397612281385996,-0.23229009583578558,-0.22349261306488816,-0.20396317385213086,-0.9999081415176896,-0.623426239663196,-0.6057170874355379,-0.526064079010363,-0.4381424549000379,-0.41106420337910476,-0.25368258049344977,-0.24433998820969366,-0.22747754291308148,-0.2162392741066837,-0.20756167747765075
4.8793969849246235,-0.9999120067533012,-0.6450187480563577,-0.6190383755637251,-0.5878877830107359,-0.49049133562053093,-0.413500181615571,-0.39702676853787466,-0.26374864613975535,-0.23223272602455267,-0.22318472290009042,-0.20418998608353725,-0.9999078676173059,-0.6234545777287136,-0.6057127915543596,-0.5259313191691488,-0.4379205169643785,-0.4111504043906118,-0.2535909247170025,-0.24355599723539126,-0.22738445076909522,-0.2162261650621539,-0.20800423020495848
4.903517587939699,-0.9999114192139918,-0.6445160648611339,-0.6189922604808473,-0.5881897562161283,-0.4901077637436973,-0.4131285033512265,-0.3973241557724723,-0.26352039156434437,-0.23217588450793208,-0.22287781632447418,-0.20441667711315786,-0.9999075987611469,-0.6234823412768613,-0.6057039949074369,-0.5258034481653037,-0.4377036639222452,-0.4112174463446934,-0.2535026387146517,-0.24278142954876014,-0.22728612865758924,-0.2162133987617605,-0.20843457611030097
4.927638190954774,-0.9999108612116185,-0.6440189193865078,-0.6189447286786014,-0.5884842485649935,-0.4897308878504379,-0.41277516436116163,-0.3975876845850019,-0.26329160375638117,-0.23211913297799547,-0.222572456445364,-0.2046426553772197,-0.9999073350711203,-0.6235095292126469,-0.6056908806310257,-0.5256803896328013,-0.43749231679859485,-0.41126551126898364,-0.253416928994043,-0.24201842780599253,-0.22718280029367371,-0.2162009677000954,-0.20885146366879548
4.951758793969849,-0.9999103309816788,-0.6435273594622529,-0.6188957366101568,-0.5887713590477149,-0.4893607756920938,-0.4124437287136016,-0.3978143848647422,-0.26306251668697667,-0.23206210150151374,-0.22226914692930572,-0.20486733913114907,-0.9999070766234954,-0.6235361412683149,-0.6056736314562173,-0.5255620598080355,-0.4372868334717438,-0.41129484597690813,-0.25333324085021186,-0.24126886771818118,-0.22707469941564046,-0.2161888643994745,-0.20925375983824335
4.975879396984925,-0.9999098268697046,-0.643041435971361,-0.618845238718392,-0.5890511901011464,-0.48899748302053064,-0.4121378142383099,-0.39800124008372256,-0.26283335560871557,-0.2320044796879887,-0.22196834301961033,-0.2050901555151768,-0.9999068234806445,-0.6235621779960954,-0.6056524295426878,-0.5254483678605888,-0.4370875050649979,-0.41130576427398463,-0.2532511887427938,-0.24053442579159334,-0.22696206919845946,-0.21617708141999065,-0.20964044516578095
5.0,-0.9999093473241933,-0.6425612023858731,-0.6187931871468593,-0.5893238473151422,-0.48864105140390446,-0.41186095166416703,-0.3981453261430822,-0.2626043363664586,-0.23194600902602175,-0.22167046117153216,-0.2053105363407205,-0.9999065756454588,-0.6235876406951197,-0.6056274560341469,-0.5253392162346202,-0.436894553340061,-0.4112986478470856,-0.25317050647686773,-0.23981662408986698,-0.22684516115171044,-0.21616561136902962,-0.2100105878635229
