R_angstrom,E_root0,E_root1,E_root2,E_root3,E_root4,E_root5,E_root6,E_root7,E_root8,E_root9,E_root10
0.2,0.8313503983484933,2.136329113349383,2.151381079,2.1513810788052288,2.170194691,2.4209635232129965,2.4319782886062593,2.4388715994797927,2.4388715994798202,2.4456188304133186,2.540574181618844
0.2096192384769539,0.7219902048362641,2.0139591743701484,2.030380072696817,2.0303800727262193,2.050413940916992,2.299274462876986,2.311089704166128,2.3174179418484844,2.3174179418485124,2.3241705150621663,2.4195473860596954
0.21923847695390783,0.6232724258055371,1.9021993250848128,1.920049827177444,1.9200498272265842,1.941294621545247,2.1882281674862956,2.200856480494477,2.2066172721356008,2.2066172721356376,2.2133782613568274,2.3091902480112187
0.22885771543086172,0.5338370701625264,1.7997065201351328,1.819046477,1.8190464772995494,1.8414910516369218,2.0864813440096035,2.099933653346979,2.105126122595353,2.1051261225953932,2.111899400715449,2.208158907618979
0.23847695390781565,0.45254306971511626,1.7053546528285608,1.7262429173821818,1.7262429174475007,1.7498745691648403,1.992907481174244,2.0071929362230443,2.011817791,2.0118177911233146,2.018608190858505,2.115326262737519
0.24809619238476954,0.37842609683777706,1.6181924302376929,1.6406867808951946,1.6406867809318482,1.6654914957993041,1.9065548215374537,1.9216806609324089,1.9257403195730247,1.9257403195730285,1.9325538289557564,2.0297399479543166
0.25771543086172344,0.3106657672324231,1.5374103549745681,1.5615678298181956,1.5615678298182165,1.5875305071334345,1.8266137377448923,1.842585119958842,1.846083882750034,1.8460838827500479,1.8529278824327793,1.9600025188909742
0.26733466933867733,0.24855985987410123,1.4623144884693036,1.4881923853608967,1.488192385360909,1.5152970382922448,1.752391155266052,1.7692109404552443,1.7721552177576823,1.7721552177577073,1.779038766796597,1.885912260887295
0.2769539078156313,0.19150385644743118,1.3923061716742149,1.4199630870278528,1.419963087027856,1.4481930153836367,1.6832903346547712,1.7009587805486062,1.7033573819946597,1.7033573819946746,1.7102915571767434,1.8169226944423125
0.2865731462925852,0.1389745647011853,1.326867251975576,1.3563627281328787,1.3563627282552464,1.385700663432199,1.618794752541544,1.637309101226435,1.6391735877539735,1.6391735877539777,1.6461718773177088,1.7452841936160552
0.2961923847695391,0.090516912,1.265548326493879,1.2969412418274877,1.2969412419909931,1.3273694662559372,1.5584550904783578,1.5778090966456366,1.5791541866756293,1.5791541866756438,1.5862329304017027,1.685826998046589
0.305811623,0.045733223,1.2079577160045767,1.241305142267461,1.2413051424655777,1.2728055861278535,1.5018786352362659,1.5220621053428423,1.5229061105125106,1.5229061105125354,1.530084962759428,1.6301540511547465
0.3154308617234469,0.00427446,1.1537518057708889,1.1891088986443195,1.1891088988710337,1.2216632193869974,1.4487206312164531,1.4697190020312854,1.4700842438713482,1.4700842438713724,1.4773866122895312,1.5779198047903167
0.3250501002004008,-0.034166981,1.1026275240733652,1.1400478404823802,1.1400478407322596,1.173637487667938,1.3986771839271566,1.4203843287251254,1.4203843287251305,1.4204712009627674,1.4278377102177253,1.528819568231607
0.3346693386773547,-0.069863218,1.0543165140680333,1.0938522865168288,1.093852286784959,1.1284585560616107,1.3514793975249368,1.373537092517727,1.3735370925177302,1.3740449937474672,1.3811731967629262,1.4825836371238938
0.3442885771543086,-0.103055841,1.008580386179908,1.0502826577827273,1.0502826580646119,1.0858867382488842,1.3068884923589985,1.3293033605640605,1.3293033605640732,1.3301969965376512,1.337157896973094,1.4389724066639191
0.3539078156312625,-0.133960041,0.9652067288654238,1.0091253876580422,1.0091253879495707,1.045708400677856,1.2646917172138292,1.2874699654826476,1.2874699654826482,1.2887104927775763,1.295581995738419,1.3977722817684703
0.3635270541082164,-0.162768098,0.9240057219630213,0.970189481,0.9701894815455538,1.0077325175709129,1.2246989086830087,1.2478463060374831,1.2478463060374874,1.2493924403025582,1.2562571477615316,1.3579539159072054
0.37314629258517035,-0.189652314,0.8848072533366536,0.9333036069440879,0.9333036072424217,0.9717877591094506,1.1867395819451605,1.2102614382121817,1.2102614382121841,1.2120708991817173,1.2190132315189905,1.3199654568355619
0.38276553106212424,-0.214767512,0.8474584587388141,0.8983136265334805,0.8983136268313954,0.9377200188095834,1.150660459496218,1.1745616048950696,1.1745616048950769,1.1765926716400175,1.1836957685054084,1.2838679626910778
0.3923847695390782,-0.238253165,0.811821618,0.8650804886342147,0.865080489,0.9053903045701306,1.1163233629793357,1.1406081289166996,1.1406081289167038,1.1428210398951606,1.1501639712969594,1.2495236918609458
0.4020040080160321,-0.260235223,0.7777723516124857,0.8334784245669954,0.8334784248561306,0.8746729323683318,1.0836034072463994,1.1082756085855676,1.1082756085855703,1.1106336018780034,1.1182892986898822,1.2168083903984002
0.411623246,-0.280827679,0.7451980657010712,0.8033933972150653,0.8033933974964219,0.8454539730133164,1.0523874466693712,1.0774503662453445,1.0774503662453454,1.0799202773856373,1.0879543463460506,1.1856097621652435
0.4212424849699399,-0.300133934,0.7139966128038802,0.7747217624196169,0.7747217626912843,0.8176299114693597,1.0225727335945345,1.0480291094141472,1.048029109414159,1.0505815614463905,1.0590519153264655,1.1558261370675051
0.4308617234468938,-0.31824797,0.6840751291088625,0.7473691099534818,0.7473691111482841,0.791106486,0.994065755,1.0199177712883443,1.0199177712883474,1.0225270598210743,1.0314841570573827,1.1273653024775068
0.44048096192384767,-0.335255379,0.6553490247261401,0.7212492550810604,0.7212492550810711,0.765797676,0.9667812212164697,0.9930305031956668,0.9930305031956757,0.9956742942525674,1.0051617523351823,1.1001434646327337
0.4501002004008016,-0.351234256,0.6277411030003206,0.6962833619420323,0.6962833619420437,0.7416248280168682,0.9406411793160565,0.9672887962680266,0.9672887962680294,0.9699477359687994,0.9800031205502734,1.0740843034225707
0.4597194388777555,-0.366255986,0.6011807901534233,0.6723991745048365,0.6723991745048394,0.7185158783161478,0.9155742395656479,0.9426207134085274,0.9426207134085328,0.945278018,0.9559336703194671,1.0491180942372949
0.4693386773547094,-0.380385932,0.5756034589191372,0.6495303432934416,0.6495303432934424,0.6964046825367225,0.8915148917607358,0.9189602157279987,0.9189602157280093,0.9216012833149011,0.9328851041685529,1.0251808641855256
0.4789579158316633,-0.393684042,0.5509498326384864,0.6276158329885437,0.6276158329885599,0.67523042,0.8684029033741589,0.8962465701683171,0.8962465701683275,0.8988586318394878,0.9107947846095243,1.0022135751541252
0.48857715430861726,-0.406205387,0.5271654581004757,0.6065993999891912,0.6065993999891974,0.6549370688935894,0.846182788,0.8744238271199363,0.8744238271199432,0.8769956467927776,0.8896051636795441,0.9801613381839859
0.49819639278557115,-0.418000635,0.5042002373696296,0.5864291304767512,0.5864291304767577,0.6354729450040602,0.8248033362272034,0.853440359,0.8534403585691094,0.8559619787170578,0.8692632738671723,0.958972688
0.507815631,-0.429116469,0.48200801066175325,0.5670570309587442,0.5670570309587464,0.6167902888866854,0.804217203,0.8332484487434524,0.8332484487434565,0.8357109785004091,0.8497202759679751,0.9385989663483909
0.5174348697394789,-0.439595962,0.46054618404473224,0.5484386644617661,0.5484386644617719,0.5988449019915512,0.784380546,0.8138039304182489,0.8138039304182548,0.8161993703073402,0.8309310583431766,0.9189938532119384
0.5270541082164328,-0.449478912,0.4397753971848348,0.5305328265423138,0.5305328265423166,0.5815958214976626,0.7652527050262425,0.7950658610438927,0.7950658610438959,0.797386959,0.8128538818389122,0.9001130861141937
0.5366733466933868,-0.458802136,0.419659227,0.513301256,0.5133012561194342,0.5650050303178951,0.7467959258871253,0.7769962336925724,0.7769962336925754,0.7792363649714944,0.7954500648832676,0.8819143478695908
0.5462925851703406,-0.467599736,0.4001639256302777,0.4967083768378474,0.4967083768378485,0.549037198,0.7289751106055021,0.7595597185271361,0.7595597185271385,0.7617127904863279,0.7786837037640293,0.8643572957176525
0.5559118236472946,-0.475903337,0.38125818321637406,0.48072106564198736,0.4807210656419898,0.5336594471219234,0.7117575988488357,0.7427234310913273,0.742723431,0.7447838017243918,0.7625214236523118,0.8474036789598006
0.5655310621242484,-0.4837423,0.3629129214873622,0.46530844310748126,0.4653084431074823,0.5188411470405545,0.6951129719608984,0.7264567242254968,0.7264567242255022,0.7284191368118597,0.7469321564958606,0.831017509
0.5751503006012024,-0.491143914,0.34510110473905875,0.4504416883641191,0.45044168836412135,0.5045537237609823,0.6790128777415105,0.710731001,0.7107310008413346,0.7125905299345945,0.7318869424227468,0.8151652457404236
0.5847695390781563,-0.498133569,0.32779757087473105,0.43609386881162343,0.4360938688116274,0.49077049196124184,0.6634308727388324,0.6955195451559468,0.695519545,0.6972715521509786,0.7173587517553683,0.7998159868707267
0.5943887775551102,-0.50473491,0.3109788779640976,0.4222397880251017,0.4222397880251094,0.4774665019988218,0.6483422785462716,0.6807973702983111,0.6807973702983185,0.6824374668047318,0.7033223251348125,0.7849416063191046
0.6040080160320641,-0.510969981,0.29462316464171756,0.4088558478526881,0.40885584785269885,0.46461840175324665,0.633724049,0.6665410804698861,0.66654108,0.6680650979904866,0.6897540295990741,0.7705168191725469
0.613627255,-0.51685935,0.2787100228143583,0.39591992305575585,0.39591992305576507,0.4522043114610048,0.6195546424157394,0.652728746,0.6527287460715419,0.6541327106868332,0.6766317287519067,0.7565191261007841
0.623246493,-0.522422229,0.2632203814555225,0.38341124955043254,0.38341124955043693,0.4402037101370092,0.6058139058729477,0.6393397904070371,0.6393397904070387,0.6406199013191375,0.6639346654086524,0.7429286268838441
0.6328657314629258,-0.527676572,0.24813640043247864,0.3713103188943082,0.37131031889431604,0.42859733234959535,0.5924829568245173,0.6263548867439642,0.6263548867439669,0.6275074976499937,0.6516433553170338,0.7297277191626408
0.6424849699398798,-0.532639181,0.2334413734435683,0.3595987860821389,0.3595987860821493,0.4173670742633973,0.5795440774466979,0.6137558646594319,0.6137558646594384,0.6147774670241751,0.6397394907307408,0.7169007245028389
0.6521042084168336,-0.537325785,0.21911963923873423,0.34825938360257225,0.34825938360257314,0.4064959079922175,0.5669806144174453,0.6015256247247447,0.6015256247247455,0.6024128321185654,0.6282058527665717,0.7044334947670647
0.6617234468937876,-0.541751126,0.20515650038241617,0.3372758433443969,0.3372758433444011,0.39596780341490767,0.5547768881945355,0.589648061,0.5896480606914573,0.5903975934678916,0.6170262316057922,0.6923130466347164
0.6713426853707415,-0.545929029,0.19153814890182386,0.3266328252013233,0.32663282520132486,0.38576765670150914,0.5429181119259869,0.5781079884355427,0.5781079884355461,0.5787166581534375,0.6061853537116164,0.6805272563254017
0.6809619238476954,-0.549872469,0.17825159822607595,0.31631585171338633,0.3163158517133873,0.37588122488225034,0.5313903198008779,0.5668910809968177,0.5668910809968214,0.567355774,0.5956688153304915,0.669064628
0.6905811623246493,-0.553593637,0.1652846208760994,0.3063112481569306,0.3063112481569351,0.36629506586302735,0.5201803040632237,0.5559838091210336,0.5559838091210346,0.5563014699429675,0.5854630216277545,0.6579141341717473
0.7002004008016032,-0.557103989,0.15262569141071136,0.29660608755982804,0.296606088,0.3569964833562968,0.5092755595780205,0.5453733867729154,0.5453733867729196,0.5455409990528068,0.5755551308815986,0.6470651163872561
0.7098196392785572,-0.560414304,0.14026393416905214,0.2871881401758338,0.28718814017583966,0.34797347625364844,0.49866423474282984,0.5350477211416579,0.5350477211416582,0.5350622892837952,0.5659330032245548,0.6365072319151629
0.719438878,-0.563534731,0.12818907538883906,0.27804582700148883,0.278045827,0.3392146920171394,0.48833508762700295,0.5248538964022915,0.5249953667075677,0.5249953667075731,0.5565851534808489,0.6262304309251648
0.729058116,-0.566474828,0.11639139931039888,0.2691681769636261,0.26916817696362966,0.3307093837148807,0.4782774463849856,0.5149049620733099,0.5152054829810445,0.5152054829810497,0.5475007077023942,0.6162249522813691
0.7386773547094188,-0.569243609,0.1048617079084263,0.2605447874443704,0.2605447874443762,0.32244737036727034,0.4684811731914874,0.5052051758041621,0.5056677955627986,0.5056677955628024,0.5386693630554232,0.6064813287321094
0.7482965931863728,-0.571849576,0.093591284,0.2521657878464143,0.2521657878464164,0.31441900030960784,0.4589366311292399,0.49574474061827617,0.49637256020943615,0.4963725602094375,0.5300813507546678,0.5969903953802986
0.7579158316633265,-0.574300757,0.082571857,0.2440218061090194,0.2440218061090233,0.30661511731097923,0.4496346536033939,0.4865143421277075,0.48731053105133126,0.48731053105133226,0.5217274017814773,0.5877432977242065
0.7675350701402806,-0.576604731,0.071795572,0.23610393661382206,0.23610393661382295,0.2990270292188203,0.44056651597206803,0.47750512062286254,0.47847292395354235,0.47847292395354335,0.5135987151560162,0.578731497
0.7771543086172346,-0.578768668,0.061254962,0.2284037132770505,0.22840371327705383,0.2916464789242107,0.4317239091599215,0.46870864576288623,0.4698513971226975,0.4698513971226981,0.5056869285614611,0.5699467743188558
0.7867735470941883,-0.580799344,0.050942918,0.22091308094498163,0.2209130809449837,0.28446561746355653,0.4230989150737928,0.4601168934398292,0.46143801836784515,0.4614380183678455,0.4979840911396543,0.5613812267186058
0.7963927855711423,-0.582703173,0.040852669304428546,0.21362437151903518,0.21362437151903907,0.2774769790898532,0.4146839836770904,0.45172222440742427,0.4532252421110946,0.45322524211110043,0.49048263829411654,0.5530272667785703
0.8060120240480961,-0.584486227,0.030977759,0.20653028080009683,0.2065302808000994,0.2706734581592934,0.4064719115989129,0.4435173643101785,0.4452058857404849,0.44520588574048736,0.48317536834812247,0.5448776149424867
0.8156312625250501,-0.586154257,0.021312021,0.19962384710968828,0.19962384710968928,0.2640482876913463,0.39845582217179015,0.43549538481318867,0.4373731112961923,0.4373731112961957,0.4760554209147187,0.5369252918873632
0.8252505010020039,-0.587712715,0.011849566324989902,0.19289843141576996,0.19289843141577384,0.257595019,0.39062914679933985,0.4276496856083349,0.42972040084441787,0.4297204008444203,0.4691162568427587,0.5291636091646461
0.8348697394789579,-0.58916677,0.002584759,0.18634769883594998,0.18634769883595342,0.25130750555424247,0.38298560756363437,0.4199739771478328,0.4222415411276117,0.4222415411276119,0.46235163961000936,0.5215861588880703
0.8444889779559117,-0.590521321,-0.006487794,0.17996560144559037,0.17996560144559243,0.24517988110421612,0.3755192009885705,0.41246226402340547,0.41493060534914245,0.414930605,0.45575561804146003,0.5141868028333817
0.8541082164328657,-0.591781023,-0.015373263,0.1737463620642225,0.1737463620642254,0.2392065483775206,0.36822418287809217,0.4051088289618783,0.4077819369327504,0.40778193693275167,0.4493225102389157,0.5069596612479568
0.8637274549098197,-0.59295029,-0.024076607,0.16768445950278688,0.1676844595027902,0.23338216183373606,0.36109505415541876,0.3979082174444566,0.40079013433443444,0.400790134,0.4430468886164109,0.49989910160492124
0.8733466933867735,-0.594033316,-0.032602584,0.16177461441132063,0.16177461441132285,0.2277016142334944,0.3541265476321821,0.3908552229771579,0.39395003683312163,0.3939500368331226,0.43692356594506176,0.49299972747188403
0.8829659318637275,-0.595034086,-0.04095577,0.15601177624438034,0.15601177624438217,0.22216002365685517,0.34731361564109053,0.38394487304631303,0.38725671123239425,0.38725671123239447,0.43094758232022723,0.48625636762630065
0.8925851703406813,-0.595956387,-0.049140563,0.15039111103139552,0.15039111103139613,0.21675272136486706,0.34065141847016955,0.37717241578976063,0.38070543941102925,0.38070543941103185,0.4251141929726664,0.4796640655076984
0.9022044088176353,-0.596803819,-0.057161197,0.1449079899299478,0.14490798992995185,0.21147524043704136,0.33413531353992104,0.3705333074046113,0.3742917066644359,0.3742917066644379,0.41941885685402513,0.4732180690646019
0.9118236472945891,-0.597579806,-0.065021749,0.1395579785034029,0.13955797850340412,0.20632330512390096,0.3277608452701008,0.3640232002997803,0.3680111907832593,0.3680111907832594,0.4138572259345845,0.4669138210352224
0.9214428857715431,-0.598287606,-0.07272615,0.13433682666920932,0.1343368266692121,0.20129282086043632,0.3215237355843934,0.35763793198835037,0.36185975181893426,0.36185975181894203,0.40842513515814893,0.46074694968009183
0.9310621242484969,-0.598930322,-0.080278193,0.12924045926867384,0.1292404592686751,0.19637986489093978,0.3154198750071421,0.351373515,0.3558334224894087,0.35583342248941896,0.4031185930049083,0.45471325997158096
0.9406813627254509,-0.599510904,-0.087681539,0.12426496721316549,0.12426496721316654,0.19158067746149748,0.3094453143076443,0.34522612570740724,0.3499283991812475,0.349928399,0.39793377261844504,0.44880872523647475
0.9503006012024049,-0.600032167,-0.094939726,0.11940659916526425,0.11940659916526553,0.18689165353948828,0.3035962566519733,0.3391920982716482,0.3441410335071796,0.34414103350718034,0.3928670034572806,0.4430294792370833
0.9599198396793587,-0.600496788,-0.102056172,0.11466175371698317,0.11466175371698395,0.1823093350241355,0.2978690502248913,0.33326791327049526,0.3384678243810736,0.33846782438107426,0.38791476343538517,0.43737180867171066
0.9695390781563127,-0.600907323,-0.109034185,0.11002697203001727,0.11002697203002182,0.1778304034144545,0.29226018128648584,0.32745019136653575,0.33290541057460843,0.3329054105746103,0.3830736715191152,0.4318321460778089
0.9791583166332665,-0.601266206,-0.115876968,0.10549893090609358,0.10549893090609602,0.17345167290423635,0.2867662676322305,0.32173568573513006,0.327450564,0.3274505637226689,0.37834048075097904,0.4264070631029477
0.9887775551102205,-0.60157576,-0.122587622,0.10107443625785545,0.101074436,0.16917008387614652,0.28138405242621195,0.31612127529087125,0.32210018174650895,0.32210018174651134,0.37371207167295195,0.42109326412574233
0.9983967935871743,-0.601838199,-0.129169151,0.096750417,0.096750417,0.16498269676859395,0.2761103983806495,0.31060395837641036,0.3168512826661923,0.3168512826661947,0.3691854461241656,0.4158875801929888
1.0080160320641283,-0.602055639,-0.13562447,0.092523919,0.092523919,0.16088668629218789,0.27094228225603406,0.30518084687663805,0.3117009987756749,0.31170099877567614,0.36475772138980056,0.41078696324778935
1.017635270541082,-0.602230099,-0.141956407,0.0883921,0.0883921,0.15687933597285803,0.2658767896597146,0.2998491607239377,0.3066465711559282,0.30664657115592864,0.36042612467943824,0.4057884806187899
1.027254509018036,-0.602363504,-0.148167703,0.084352224,0.084352224,0.15295803300147137,0.26091111012124896,0.2946062227627665,0.30168534450328405,0.3016853445032843,0.356187988,0.40088930974604314
1.036873747,-0.602457698,-0.154261025,0.080401658,0.080401658,0.14912026337065154,0.25604253242630165,0.2894494539446023,0.296814762,0.29681476225193515,0.3520407428081649,0.39608673311730724
1.0464929859719438,-0.60251444,-0.16023896,0.076537863,0.076537863,0.14536360728099262,0.25126844019140243,0.28437636882679473,0.29203236197093696,0.2920323619709382,0.34798191621364527,0.3913781333936228
1.0561122244488979,-0.602535411,-0.166104024,0.072758395,0.072758395,0.14168573479999758,0.24658630766486184,0.2793845713512705,0.2873357710177411,0.2873357710177415,0.3440091257352498,0.38676098870292885
1.0657314629258516,-0.602522219,-0.171858664,0.069060898,0.069060898,0.13808440175818532,0.24199369574012158,0.27447175088125086,0.2827227024313743,0.28272270243137587,0.3401200755759657,0.38223286808907797
1.0753507014028056,-0.602476403,-0.177505258,0.0654431,0.0654431,0.1345574458679582,0.23748824816959785,0.26963567847622516,0.27819095104987246,0.27819095104987435,0.3363125526135373,0.37779142710190994
1.0849699398797594,-0.602399433,-0.183046121,0.06190281,0.061902810279566844,0.1311027830515445,0.23306768796900418,0.26487420338703715,0.2737383898375432,0.27373838983754406,0.3325844226892306,0.37343440352272267
1.0945891783567134,-0.602292718,-0.188483507,0.058437915,0.058437915,0.12771840396545647,0.22872981400266956,0.26018524975476515,0.26936296640875845,0.2693629664087623,0.32893362709681073,0.36915961322185564
1.1042084168336672,-0.602157604,-0.19381961,0.055046374,0.055046374,0.12440237070948063,0.22447249774250227,0.2555668134984139,0.26506269973594654,0.2650626997359474,0.3253581792595207,0.36496494615198166
1.1138276553106212,-0.601995383,-0.199056566,0.051726219983750654,0.051726219983754984,0.12115281370913827,0.22029368019324325,0.25101695937774704,0.2608356770302859,0.2608356770302879,0.3218561615836634,0.3608483624803554
1.123446893787575,-0.601807289,-0.204196458,0.048475550372803655,0.04847555,0.11796792876122447,0.2161913689780311,0.24653381821873988,0.25668005078458567,0.2566800507845859,0.31842572247796846,0.3568078888731739
1.133066132264529,-0.601594507,-0.209241314,0.045292529,0.045292529347541244,0.11484597423259513,0.21216363557854245,0.24211558429019978,0.2525940359683273,0.25259403596832747,0.3150650735284697,0.3528416149414313
1.142685370741483,-0.601358171,-0.214193113,0.042175383,0.042175383,0.11178526840308028,0.2082086127241306,0.23776051282099891,0.24857590736579582,0.24857590736579646,0.31177248681916925,0.34894768986535074
1.1523046092184368,-0.601099367,-0.219053782,0.039122396,0.039122396351759514,0.10878418694394215,0.20432449192437457,0.2334669176482345,0.24462399704872634,0.24462399704872784,0.3085462923893151,0.3451243192095782
1.1619238476953908,-0.600819137,-0.223825203,0.036131913,0.036131912582402725,0.10584116052384585,0.2005095211394955,0.22923316898735327,0.24073669197552075,0.24073669197552433,0.30538487581853435,0.3413697619450745
1.1715430861723446,-0.600518481,-0.228509209,0.033202329,0.033202329,0.10295467253472623,0.19676200258239518,0.22505769131601108,0.23691243170958962,0.236912432,0.3022866759314729,0.33768232768763873
1.1811623246492986,-0.600198357,-0.233107592,0.030332096,0.030332095726627428,0.10012325693050833,0.19308029064580112,0.22093896136408503,0.23314970625001474,0.23314970625001896,0.2992501826141224,0.33406037416338696
1.1907815631262524,-0.599859684,-0.237622098,0.027519713,0.027519713285314384,0.097345496,0.18946278994753163,0.21687550620277354,0.22944705396799622,0.22944705396800183,0.2962739347343197,0.330502305
1.2004008016032064,-0.599503343,-0.242054431,0.024763730717338894,0.024763730717341614,0.094620019,0.18590795348625855,0.2128659014262885,0.22580305964316727,0.2258030596431711,0.29335651815924924,0.3270065671739213
1.2100200400801602,-0.599130181,-0.246406257,0.022062743598946777,0.022062743598949275,0.0919455,0.18241428089996364,0.2089087694202135,0.22221635259414088,0.2222163525941437,0.29049656386330225,0.32357165011755773
1.2196392785571142,-0.59874101,-0.250679201,0.019415392,0.019415392226572292,0.089320655,0.1789803168188801,0.2050027777108593,0.21868560489809438,0.21868560489809535,0.2876927461197616,0.3201960831275548
1.229258517034068,-0.598336609,-0.25487485,0.016820359874235358,0.016820359874235635,0.086744242,0.17560464930467934,0.20114663739063596,0.2152095296945124,0.21520952969451612,0.2849437807703905,0.3168784344074899
1.238877755511022,-0.597917728,-0.258994755,0.014276371131625387,0.014276371131627275,0.084215058,0.1722859083678192,0.19733910161458618,0.21178687956855144,0.21178687956855344,0.2822484235670689,0.3136173097173203
1.2484969939879758,-0.597485084,-0.263040429,0.01178219,0.011782190318554986,0.081731939,0.16902276455509524,0.19357896416379605,0.20841644500981316,0.20841644500981402,0.27960546858017393,0.31041135127809644
1.2581162324649298,-0.597039368,-0.267013352,0.00933662,0.00933662,0.079293758,0.16581392760027058,0.18986505807157059,0.20509705294251449,0.20509705294251962,0.2770137466685908,0.3072592368124617
1.2677354709418838,-0.596581243,-0.270914971,0.006938499,0.006938499,0.076899421,0.16265814513076415,0.18619625430872674,0.2018275653234523,0.20182756532345356,0.27447212400662485,0.30415967869735294
1.2773547094188376,-0.596111346,-0.274746697,0.004586703,0.004586703,0.07454787,0.15955420142467763,0.18257146052445927,0.19860687780425865,0.19860687780425898,0.27197950066339693,0.3011114232044254
1.2869739478957916,-0.595630289,-0.278509913,0.00228014,0.00228014,0.072238079,0.15650091621268303,0.1789896198396726,0.19543391845476102,0.1954339184547615,0.2695348092306564,0.29811324980706966
1.2965931863727453,-0.595138659,-0.282205968,1.775245175006379e-05,1.775245175189566e-05,0.069969053,0.1534971435207217,0.17544971,0.19230764654444546,0.19230764654444873,0.2671370134952221,0.2951639705318782
1.3062124248496993,-0.594637022,-0.285836181,-0.002201488,-0.002201488,0.067739827,0.15054177054956447,0.1719507407143163,0.18922705137924709,0.18922705137924833,0.26478510715273035,0.2922624293381509
1.3158316633266531,-0.594125921,-0.289401843,-0.004378576,-0.004378576,0.065549466,0.14763371658885655,0.16849175569064576,0.18619115119099514,0.18619115119099724,0.262478113,0.2894075015095332
1.3254509018036071,-0.593605877,-0.292904215,-0.006514479,-0.006514479,0.063397062,0.1447719319631347,0.16507182850975863,0.18319899207714224,0.18319899207714538,0.2602150795200495,0.2865980930460086
1.335070140280561,-0.593077393,-0.296344532,-0.008610137,-0.008610137,0.061281734787519415,0.141955397,0.16169006319162507,0.18024964698844476,0.18024964698844845,0.257995084,0.28383314004750787
1.344689378757515,-0.592540951,-0.299724,-0.01066646,-0.01066646,0.05920263,0.13918312107903952,0.15834559293830347,0.17734221476238052,0.1773422147623872,0.25581722751498576,0.2811116080825663
1.354308617234469,-0.591997014,-0.3030438,-0.012684333,-0.012684333,0.057158917,0.13645414158160213,0.15503757922285277,0.17447581920039862,0.1744758192003992,0.2536806349377176,0.2784324915388285
1.3639278557114227,-0.591446029,-0.306305085,-0.014664617,-0.014664617,0.055149792,0.1337675230397043,0.1517652109122484,0.17164960818697422,0.17164960818697939,0.25158445448146816,0.275794813
1.3735470941883767,-0.590888423,-0.309508986,-0.016608146,-0.016608146,0.053174472,0.13112235618520418,0.14852770342272925,0.16886275284873992,0.16886275284874158,0.24952785609987654,0.2731976223233855
1.3831663326653305,-0.590324611,-0.312656608,-0.018515731,-0.018515731,0.051232196289943965,0.12851775707829072,0.14532429790595586,0.16611444675181689,0.16611444675181794,0.24751003055798665,0.2706399964000584
1.3927855711422845,-0.589754987,-0.315749032,-0.020388162,-0.020388162,0.049322228,0.1259528662554537,0.14215426046453125,0.16340390513590927,0.16340390513591121,0.24553018842251428,0.2681210379658435
1.4024048096192383,-0.589179933,-0.318787316,-0.022226206,-0.022226206,0.047443848,0.12342684790549391,0.13901688139555698,0.16073036418338107,0.16073036418338302,0.24358755907892513,0.2656398751012996
1.4120240480961923,-0.588599817,-0.321772496,-0.024030606,-0.024030606,0.045596361,0.12093888907322059,0.13591147446085164,0.15809308032187305,0.1580930803218748,0.24168138977577167,0.2631956604437764
1.421643286573146,-0.58801499,-0.324705585,-0.025802089,-0.025802089,0.043779087,0.11848819889081402,0.13283737618266428,0.15549132955893655,0.15549132955893696,0.23981094469711775,0.26078757044214285
1.431262525,-0.587425792,-0.327587575,-0.027541359,-0.027541359,0.041991367,0.11607400783653338,0.12979394516366782,0.1529244068472921,0.15292440684729816,0.23797550406402948,0.25841480461219685
1.440881763527054,-0.586832551,-0.330419437,-0.029249101,-0.029249101,0.04023256,0.1136955670201718,0.1267805614301416,0.1503916254791935,0.1503916254791945,0.23617436326656205,0.25607658479543505
1.4505010020040079,-0.586235579,-0.333202122,-0.030925982,-0.030925982,0.038502041688681876,0.11135214749506223,0.12379662579728815,0.14789231650861415,0.14789231650861703,0.23440683202762697,0.2537721544256325
1.460120240480962,-0.585635179,-0.335936559,-0.032572652,-0.032572652,0.036799204,0.1090430395958501,0.12084155925565956,0.14542582819979336,0.1454258281997938,0.23267223360049588,0.251500778
1.4697394789579157,-0.585031641,-0.338623661,-0.034189742,-0.034189742,0.035123456,0.10676755230148999,0.11791480237775939,0.1429915255008566,0.14299152550086014,0.23096990400174228,0.24926173939821367
1.4793587174348697,-0.584425246,-0.341264318,-0.035777867,-0.035777867,0.033474221962004114,0.10452501262267244,0.11501581474385797,0.14058878954113382,0.14058878954113568,0.22929919128144954,0.24705434313014177
1.4889779559118235,-0.583816263,-0.343859404,-0.037337625,-0.037337625,0.031850941,0.1023147650130583,0.11214407438621357,0.13821701715085585,0.13821701715085694,0.2276594548325933,0.24487791171654044
1.4985971943887775,-0.58320495,-0.346409774,-0.038869599,-0.038869599,0.030253066,0.10013617080338122,0.10929907725079513,0.13587562040197276,0.13587562040197323,0.2260500647414279,0.2427317860019349
1.5082164328657313,-0.582591557,-0.348916266,-0.040374357,-0.040374357,0.028680065153206813,0.097988608,0.1064803366757528,0.13356402616872692,0.13356402616872812,0.22447040118063913,0.2406153243218443
1.5178356713426853,-0.581976323,-0.351379699,-0.041852451,-0.041852451,0.027131419719649386,0.095871469,0.10368738288584231,0.13128167570682742,0.1312816757068288,0.22291985384681856,0.2385279018851278
1.5274549098196393,-0.581359481,-0.353800877,-0.043304419,-0.043304419,0.025606623661419248,0.093784164,0.10091976250211596,0.12902802424990747,0.1290280242499081,0.22139782144360276,0.23646891017741406
1.537074148296593,-0.580741251,-0.356180586,-0.044730787,-0.044730787,0.024105183710826983,0.091726115,0.098177038,0.1268025406220975,0.12680254062209884,0.21990371121160376,0.23443775638592124
1.546693386773547,-0.580121847,-0.358519596,-0.046132065,-0.046132065,0.022626618774011398,0.089696762,0.095458788,0.12460470686558048,0.124604707,0.21843693850585072,0.23243386284578688
1.5563126252505008,-0.579501476,-0.360818662,-0.047508751,-0.047508751,0.021170459528980834,0.087695555,0.092764604,0.12243401788194233,0.12243401788194419,0.21699692642116247,0.23045666650759286
1.5659318637274549,-0.578880335,-0.363078524,-0.048861331,-0.048861331,0.019736248041651805,0.085721961,0.090094095,0.12028998108633132,0.12028998108633374,0.21558310546539217,0.22850561842602937
1.5755511022044086,-0.578258616,-0.365299904,-0.050190278,-0.050190278,0.018323537,0.083775457,0.087446882,0.11817211607333639,0.11817211607333747,0.21419491328014692,0.2265801832689664
1.5851703406813626,-0.577636502,-0.367483514,-0.051496054,-0.051496054,0.016931891,0.081855535,0.084822601,0.11607995429367043,0.11607995429367093,0.2128317944079752,0.2246798388467312
1.5947895791583164,-0.577014168,-0.369630046,-0.052779108,-0.052779108,0.015560884023668675,0.079961698,0.082220901,0.11401303874076843,0.11401303874077051,0.21149320010473738,0.22280407566077978
1.6044088176352704,-0.576391787,-0.371740183,-0.054039879,-0.054039879,0.0142101,0.078093461,0.079641443,0.11197092364644176,0.11197092364644431,0.2101785881952255,0.22095239647128548
1.6140280561122244,-0.57576952,-0.37381459,-0.055278796,-0.055278796,0.012879131628601437,0.076250353,0.077083901,0.10995317418489445,0.10995317418489522,0.20888742296979812,0.21912431588285708
1.6236472945891782,-0.575147527,-0.375853923,-0.056496275,-0.056496275,0.011567583655177405,0.074431909,0.074547963,0.10795936618433383,0.10795936618433755,0.20761917511926797,0.21731935994785523
1.6332665330661322,-0.574525957,-0.37785882,-0.057692725,-0.057692725,0.010275067981134756,0.072033326,0.072637681,0.10598908632941517,0.10598908632941723,0.2063733217049517,0.21553706578642465
1.642885771543086,-0.573904958,-0.37982991,-0.058868542,-0.058868542,0.009001206,0.069539701,0.070867226,0.1040419299290711,0.10404192992907169,0.2051493461604295,0.21377698122270905
1.65250501,-0.57328467,-0.381767806,-0.060024115,-0.060024115,0.007745627,0.067066807,0.069120116,0.10211750361832067,0.10211750361832098,0.20394673832129412,0.21203866443643526
1.6621242484969938,-0.572665229,-0.383673113,-0.061159822,-0.061159822,0.00650797,0.064614378,0.067395931,0.10021542309119108,0.10021542309119294,0.20276499447894822,0.21032168362932607
1.6717434869739478,-0.572046763,-0.385546419,-0.062276032,-0.062276032,0.005287882,0.062182155,0.065694259,0.098335313,0.098335313,0.201603617,0.20862561670546595
1.6813627254509016,-0.571429398,-0.387388305,-0.063373107,-0.063373107,0.004085015,0.05976989,0.0640147,0.096476808,0.096476808,0.20046211668750424,0.20695005096522193
1.6909819639278556,-0.570813255,-0.389199336,-0.064451399,-0.064451399,0.002899034,0.057377346668023244,0.062356863,0.094639551,0.094639551,0.19934000833875518,0.20529458281192103
1.7006012024048096,-0.57019845,-0.390980069,-0.065511251,-0.065511251,0.001729606,0.055004296,0.060720363188785265,0.092823193,0.092823193,0.19823681539738836,0.20365881747076078
1.7102204408817634,-0.569585093,-0.392731049,-0.066552999,-0.066552999,0.000576408,0.052650518,0.059104828,0.091027394,0.091027394,0.19715206779408476,0.20204236871930295
1.7198396793587174,-0.568973292,-0.394452809,-0.067576973,-0.067576973,-0.000560875,0.050315804,0.057509891,0.089251822,0.089251822,0.19608530251318015,0.20044485862912664
1.7294589178356712,-0.568363151,-0.396145874,-0.068583492,-0.068583492,-0.001682554,0.047999952,0.055935195,0.087496152,0.087496152,0.19503606370143642,0.19886591731797254
1.7390781563126252,-0.567754766,-0.397810756,-0.069572869,-0.069572869,-0.00278893,0.04570277,0.054380389954384156,0.085760068,0.085760068,0.19400390277020912,0.19730518271187542
1.748697394789579,-0.567148235,-0.399447958,-0.07054541,-0.07054541,-0.003880301,0.043424072,0.052845134,0.08404326,0.08404326,0.1929883784882245,0.1957623003169388
1.758316633266533,-0.566543648,-0.401057974,-0.071501415,-0.071501415,-0.004956958,0.041163682,0.051329093,0.082345427,0.082345427,0.19198905706267222,0.1942369230001446
1.7679358717434868,-0.565941093,-0.402641287,-0.072441176,-0.072441176,-0.006019184,0.03892143,0.049831940478107045,0.080666274,0.080666274,0.19100551220667134,0.19272871077876289
1.7775551102204408,-0.565340654,-0.404198371,-0.073364978,-0.073364978,-0.007067258,0.036697156,0.048353356,0.079005511,0.079005511,0.19003732519162125,0.1912373306180003
1.7871743486973948,-0.564742412,-0.405729691,-0.0742731,-0.0742731,-0.008101454,0.034490704247540194,0.046893025985858844,0.077362859,0.077362859,0.1890840848833675,0.18976245623632762
1.7967935871743486,-0.564146444,-0.407235703,-0.075165816,-0.075165816,-0.00912204,0.032301928,0.045450645356766434,0.075738041,0.075738041,0.18814538776153972,0.18830376791841563
1.8064128256513026,-0.563552826,-0.408716854,-0.076043392,-0.076043392,-0.010129279,0.030130687780617782,0.044025914,0.074130788,0.074130788,0.18686095233480834,0.18722083792179217
1.8160320641282564,-0.562961627,-0.410173581,-0.07690609,-0.07690609,-0.01112343,0.027976849,0.042618539,0.072540837,0.072540837,0.18543370236838036,0.186310047
1.8256513026052104,-0.562372917,-0.411606316,-0.077754164,-0.077754164,-0.012104746,0.025840286764872156,0.041228234,0.070967931,0.070967931,0.18402171694709768,0.1854126344464532
1.8352705410821641,-0.561786761,-0.413015478,-0.078587865,-0.078587865,-0.013073478,0.023720879870013978,0.039854717494992115,0.069411819,0.069411819,0.18262470088257604,0.18452822686793344
1.8448897795591181,-0.561203222,-0.414401482,-0.079407436,-0.079407436,-0.014029873,0.021618516,0.038497715,0.067872254,0.067872254,0.1812423647143533,0.183656459
1.854509018036072,-0.560622359,-0.415764733,-0.080213116,-0.080213116,-0.014974175,0.019533087607721766,0.037156956620184034,0.066348996,0.066348996,0.17987442455936473,0.1827969712102434
1.864128256513026,-0.560044231,-0.417105629,-0.08100514,-0.08100514,-0.015906623,0.017464496,0.03583218,0.064841809,0.064841809,0.17852060196638408,0.18194941370367207
1.873747495,-0.559468891,-0.41842456,-0.081783735,-0.081783735,-0.016827456,0.015412648728434786,0.034523126,0.063350462,0.063350462,0.17718062377514363,0.1811134421926339
1.8833667334669337,-0.558896392,-0.419721908,-0.082549126,-0.082549126,-0.017736912,0.013377459766297617,0.033229544,0.061874729,0.061874729148848895,0.1758542219797243,0.18028871990541642
1.8929859719438877,-0.558326785,-0.420998049,-0.083301532,-0.083301532,-0.018635225,0.011358851411724491,0.031951184,0.06041439,0.060414390369489285,0.1745411335960657,0.17947491704826884
1.9026052104208415,-0.557760117,-0.422253351,-0.084041168,-0.084041168,-0.019522632,0.009356754,0.030687805499078236,0.058969228707824894,0.058969229,0.1732411005331843,0.17867171068481735
1.9122244488977955,-0.557196433,-0.423488174,-0.084768242,-0.084768242,-0.020399369,0.007371106,0.029439170533205106,0.057539032,0.057539032,0.17195386946784383,0.17787878461123127
1.9218436873747493,-0.556635777,-0.424702875,-0.08548296,-0.08548296,-0.021265675,0.005401855,0.028205047,0.056123592889881085,0.056123592889881196,0.170679192,0.17709582922880646
1.9314629258517033,-0.556078191,-0.4258978,-0.086185525,-0.086185525,-0.02212179,0.003448962,0.026985205922191752,0.054722707438830204,0.054722707,0.1694168231461946,0.17632254141537257
1.941082164328657,-0.555523713,-0.42707329,-0.086876132,-0.086876132,-0.022967963,0.001512395,0.025779425224374847,0.053336176,0.053336176,0.1681665239979122,0.1755586243969559
1.950701402805611,-0.55497238,-0.428229681,-0.087554974,-0.087554974,-0.023804446,-0.00040786,0.024587486,0.051963804,0.051963804,0.1669280588326458,0.17480378762102922
1.9603206412825651,-0.554424229,-0.4293673,-0.088222242,-0.088222242,-0.024631504,-0.002311802,0.023409173216930396,0.050605398,0.050605398,0.1657011963894675,0.17405774663243415
1.969939879759519,-0.553879293,-0.43048647,-0.088878118,-0.088878118,-0.025449412,-0.004199414,0.022244277438895566,0.049260771778943196,0.049260772,0.16448570948154362,0.17332022295309407
1.979559118236473,-0.553337603,-0.431587508,-0.089522786,-0.089522786,-0.026258464,-0.00607065,0.021092592510522284,0.04792974,0.04792974,0.1632813748879278,0.17259094396640826
1.9891783567134267,-0.552799191,-0.432670724,-0.090156422,-0.090156422,-0.027058976,-0.007925443,0.019953916563027918,0.046612121366882225,0.046612121,0.16208797324677893,0.17186964280708275
1.9987975951903807,-0.552264083,-0.433736422,-0.090779201,-0.090779201,-0.027851293,-0.009763685,0.018828051695668063,0.045307739,0.045307739102986466,0.1609052889499758,0.17115605825709443
2.0084168336673347,-0.551732308,-0.434784901,-0.091391292,-0.091391292,-0.028635801,-0.011585227,0.017714803881070745,0.044016418799252305,0.044016418799253804,0.15973311003876123,0.17044993464826058
2.0180360721442887,-0.55120389,-0.435816456,-0.091992864,-0.091992864,-0.029412934,-0.013389863,0.016613982873251915,0.04273799,0.04273799,0.15857122810035498,0.1697510217718292
2.0276553106212423,-0.550678853,-0.436831374,-0.092584079,-0.092584079,-0.030183199,-0.015177312,0.015525402,0.041472283,0.041472283455672776,0.15741943816541484,0.16905907479536308
2.0372745490981963,-0.550157219,-0.437829937,-0.093165099,-0.093165099,-0.030947194,-0.016947198,0.014448879,0.040219136,0.040219136,0.15627753860609206,0.16837385418711884
2.0468937875751503,-0.54963901,-0.438812424,-0.09373608,-0.09373608,-0.031705643,-0.018699012,0.013384233089988179,0.038978385,0.038978385,0.15514533103468525,0.1676951256479072
2.0565130260521043,-0.549124245,-0.439779107,-0.094297177,-0.094297177,-0.032459446,-0.020432066,0.012331289397349177,0.037749872,0.037749872,0.1540226202027573,0.16702266005047295
2.0661322645290583,-0.548612941,-0.440730253,-0.094848541,-0.094848541,-0.033209748,-0.022145423,0.011289874955887486,0.036533441,0.036533441,0.15290921390066553,0.16635623338626354
2.075751503006012,-0.548105117,-0.441666124,-0.09539032,-0.09539032,-0.033958046,-0.023837792,0.010259820412688386,0.035328939,0.035328939,0.15180492285745312,0.16569562671934074
2.085370741482966,-0.547600786,-0.44258698,-0.09592266,-0.09592266,-0.034706342,-0.025507369,0.00924096,0.034136214,0.034136214,0.15070956064109506,0.16504062614724171
2.09498998,-0.547099965,-0.443493071,-0.096445703,-0.096445703,-0.035457392,-0.027151597,0.00823313,0.032955119647956777,0.032955119647957776,0.1496229435591251,0.16439102276843132
2.104609218436874,-0.546602666,-0.444384648,-0.096959589,-0.096959589,-0.036215073,-0.028766793,0.00723617,0.031785509922979904,0.03178551,0.1485448905596986,0.16374661265591445
2.1142284569138274,-0.546108901,-0.445261954,-0.097464455,-0.097464455,-0.036984953,-0.03034758,0.006249925,0.030627241971339175,0.030627242,0.14747522313343436,0.16310719683669606
2.1238476953907814,-0.54561868,-0.446125228,-0.097960436,-0.097960436,-0.037775132,-0.031886044,0.005274239,0.029480175328506525,0.029480175,0.14641376521577604,0.16247258127651293
2.1334669338677354,-0.545132015,-0.446974705,-0.098447663,-0.098447663,-0.038597326,-0.033370655,0.004308962,0.028344171907952853,0.028344171907953186,0.145360343,0.16184257686939602
2.1430861723446895,-0.544648914,-0.447810618,-0.098926266,-0.098926266,-0.039467833,-0.034785297,0.003353945,0.027219095945306054,0.027219095945307137,0.14431478529265596,0.16121699943152487
2.1527054108216435,-0.544169384,-0.448633191,-0.099396373,-0.099396373,-0.040407039,-0.036109761,0.002409042,0.026104814,0.026104813944407834,0.14327692251659607,0.16059566969884076
2.162324649298597,-0.543693432,-0.449442648,-0.099858107,-0.099858107,-0.041435092,-0.037324079,0.001474111,0.025001195,0.025001194625127288,0.14224658752053926,0.15997841332783158
2.171943887775551,-0.543221064,-0.450239207,-0.100311592,-0.100311592,-0.042563159,-0.038417254,0.000549011,0.023908108872907924,0.023908109,0.14122361503675984,0.15936506089896885
2.181563126252505,-0.542752286,-0.451023084,-0.100756947,-0.100756947,-0.043786471,-0.039394229,-0.000366396,0.022825429689926152,0.02282543,0.14020784168237438,0.15875544792214139
2.191182364729459,-0.542287101,-0.451794488,-0.10119429,-0.10119429,-0.045086915,-0.040273287,-0.001272246,0.021753032,0.021753032,0.13919910587296525,0.158149415
2.200801603206413,-0.541825511,-0.452553628,-0.101623737,-0.101623737,-0.046442221,-0.041076863,-0.00216867,0.020690793341812147,0.020690793341813868,0.13819724773909162,0.15754680705386853
2.2104208416833666,-0.541367521,-0.453300706,-0.102045402,-0.102045402,-0.047832952,-0.04182456,-0.0030558,0.019638592,0.019638592346525763,0.13720210904606478,0.1569474748955183
2.2200400801603206,-0.54091313,-0.454035922,-0.102459395,-0.102459395,-0.049244649,-0.042531,-0.003933765,0.018596310172764224,0.01859631,0.13621353311748313,0.1563512736718127
2.2296593186372746,-0.54046234,-0.454759472,-0.102865827,-0.102865827,-0.050667275,-0.043206382,-0.004802689,0.01756383,0.01756383,0.13523136476286313,0.15575806365317313
2.2392785571142286,-0.54001515,-0.455471549,-0.103264805,-0.103264805,-0.052094019,-0.043857674,-0.005662697,0.016541036,0.016541035765446938,0.13425545020989524,0.15516771008339095
2.2488977955911826,-0.53957156,-0.456172342,-0.103656434,-0.103656434,-0.053520254,-0.044489661,-0.006513911,0.015527814865632372,0.015527814865632705,0.13328563704162943,0.1545800831836156
2.258517034068136,-0.539131568,-0.456862038,-0.104040819,-0.104040819,-0.054942799,-0.04510568,-0.007356449,0.014524055377419853,0.014524055377421186,0.1323217741391399,0.15399505815415146
2.268136273,-0.538695171,-0.457540818,-0.104418061,-0.104418061,-0.056359433,-0.045708106,-0.00819043,0.013529647391393562,0.013529647,0.1313637116300208,0.15341251517346868
2.277755511022044,-0.538262367,-0.458208861,-0.10478826,-0.10478826,-0.057768577,-0.04629867,-0.009015968,0.012544482701770582,0.012544482701771414,0.13041130084305355,0.15283233939409607
2.287374749498998,-0.537833152,-0.458866345,-0.105151515,-0.105151515,-0.059169093,-0.046878661,-0.009833177,0.011568454771435338,0.011568455,0.12946439426950695,0.1522544209349068
2.296993987975952,-0.537407521,-0.459513443,-0.105507922,-0.105507922,-0.060560149,-0.04744906,-0.010642168,0.010601458697913901,0.010601458697914845,0.12852284553132612,0.1516786548694497
2.306613226452906,-0.53698547,-0.460150323,-0.105857576,-0.105857576,-0.061941129,-0.04801063,-0.011443051,0.009643391,0.009643391,0.12758650935652632,0.15110494121002113
2.316232465,-0.536566992,-0.460777154,-0.106200571,-0.106200571,-0.063311575,-0.048563977,-0.012235933,0.00869415,0.00869415,0.12665524156200353,0.15053318488716277
2.325851703406814,-0.536152082,-0.461394099,-0.106536997,-0.106536997,-0.064671141,-0.049109591,-0.013020921,0.007753636,0.007753636,0.1257288990440269,0.14996329572428824
2.335470941883768,-0.535740733,-0.46200132,-0.106866946,-0.106866946,-0.066019571,-0.049647872,-0.013798119,0.00682175,0.00682175,0.12480733977641774,0.14939518840725893
2.3450901803607214,-0.535332937,-0.462598975,-0.107190505,-0.107190505,-0.067356668,-0.050179158,-0.014567627,0.005898395,0.005898395,0.12389042281664941,0.148828782
2.3547094188376754,-0.534928687,-0.463187219,-0.107507761,-0.107507761,-0.06868229,-0.050703735,-0.015329549,0.004983475,0.004983475,0.12297800831973191,0.14826400214689583
2.3643286573146294,-0.534527973,-0.463766206,-0.1078188,-0.1078188,-0.069996331,-0.051221847,-0.016083981,0.004076895,0.004076895,0.12206995755990087,0.1477007765392076
2.3739478957915834,-0.534130788,-0.464336087,-0.108123707,-0.108123707,-0.071298715,-0.05173371,-0.016831022,0.003178563,0.003178563,0.12116613295999817,0.1471390393498737
2.383567134268537,-0.533737121,-0.464897007,-0.108422563,-0.108422563,-0.072589391,-0.052239512,-0.017570767,0.002288387,0.002288387,0.12026639812827074,0.14657872893223556
2.393186372745491,-0.533346963,-0.465449114,-0.108715451,-0.108715451,-0.073868326,-0.052739423,-0.01830331,0.001406277,0.001406277,0.11937061790242404,0.1460197882053533
2.402805611222445,-0.532960303,-0.465992548,-0.109002449,-0.109002449,-0.075135504,-0.053233594,-0.019028744,0.000532144,0.000532144,0.1184786584005551,0.14546216458508396
2.412424849699399,-0.53257713,-0.466527451,-0.109283637,-0.109283637,-0.076390922,-0.053722165,-0.01974716,-0.0003341,-0.0003341,0.11759038709044996,0.14490580990972263
2.422044088176353,-0.532197433,-0.46705396,-0.109559092,-0.109559092,-0.077634585,-0.054205262,-0.020458648,-0.001192541,-0.001192541,0.11670567280571877,0.14435068036031004
2.4316633266533065,-0.531821201,-0.467572211,-0.109828889,-0.109828889,-0.07886651,-0.054683003,-0.021163295,-0.002043264,-0.002043264,0.11582438588547928,0.14379673637579363
2.4412825651302605,-0.531448421,-0.468082336,-0.110093104,-0.110093104,-0.080086719,-0.055155496,-0.021861189,-0.002886353,-0.002886353,0.11494639820148737,0.1432439425631994
2.4509018036072145,-0.53107908,-0.468584466,-0.110351811,-0.110351811,-0.08129524,-0.055622845,-0.022552415,-0.003721891,-0.003721891,0.11407158324820726,0.1426922676031147
2.4605210420841686,-0.530713166,-0.46907873,-0.11060508,-0.11060508,-0.082492108,-0.056085144,-0.023237056,-0.004549959,-0.004549959,0.11319981622501354,0.14214168415064643
2.470140280561122,-0.530350665,-0.469565254,-0.110852985,-0.110852985,-0.083677361,-0.056542486,-0.023915196,-0.005370638,-0.005370638,0.11233097412150198,0.1415921687322278
2.479759519038076,-0.529991564,-0.470044163,-0.111095594,-0.111095594,-0.084851041,-0.056994955,-0.024586916,-0.006184007,-0.006184007,0.11146493580522075,0.1410437016385125
2.489378758,-0.529635849,-0.470515577,-0.111332977,-0.111332977,-0.086013194,-0.057442635,-0.025252296,-0.006990144,-0.006990144,0.11060158211117643,0.14049626681373933
2.498997995991984,-0.529283505,-0.470979618,-0.111565201,-0.111565201,-0.087163867,-0.057885603,-0.025911415,-0.007789126,-0.007789126,0.10974079593236255,0.1399498517418699
2.508617234468938,-0.528934517,-0.471436403,-0.111792333,-0.111792333,-0.088303112,-0.058323935,-0.026564351,-0.00858103,-0.00858103,0.10888246231065322,0.13940444732991158
2.5182364729458917,-0.528588871,-0.471886047,-0.112014439,-0.112014439,-0.089430981,-0.058757704,-0.027211179,-0.009365929,-0.009365929,0.10802646852735237,0.138860048
2.5278557114228457,-0.528246551,-0.472328666,-0.112231584,-0.112231584,-0.09054753,-0.059186977,-0.027851975,-0.010143898,-0.010143898,0.10717270419275823,0.1383166505120096
2.5374749498997997,-0.527907541,-0.472764371,-0.11244383,-0.11244383,-0.091652813,-0.059611824,-0.028486814,-0.010915011,-0.010915011,0.10632106133401549,0.1377742559529604
2.5470941883767537,-0.527571827,-0.473193272,-0.112651241,-0.112651241,-0.092746889,-0.060032309,-0.029115767,-0.011679337,-0.011679337,0.10547143448077836,0.1372328675005341
2.5567134268537073,-0.52723939,-0.473615478,-0.112853878,-0.112853878,-0.093829817,-0.060448495,-0.029738907,-0.01243695,-0.01243695,0.1046237207479206,0.1366924913541478
2.5663326653306613,-0.526910216,-0.474031095,-0.113051802,-0.113051802,-0.094901658,-0.060860444,-0.030356305,-0.013187918,-0.013187918,0.10377781991491404,0.13615313639814827
2.5759519038076153,-0.526584288,-0.474440227,-0.113245073,-0.113245073,-0.095962472,-0.061268213,-0.03096803,-0.01393231,-0.01393231,0.10293363450121489,0.13561481407617304
2.5855711422845693,-0.526261588,-0.474842978,-0.113433749,-0.113433749,-0.097012322,-0.061671863,-0.031574151,-0.014670195,-0.014670195,0.10209106983735002,0.13507753826575392
2.5951903807615233,-0.525942099,-0.475239449,-0.113617888,-0.113617888,-0.098051271,-0.062071448,-0.032174734,-0.01540164,-0.01540164,0.10125003413114222,0.13454132515360268
2.604809619238477,-0.525625804,-0.47562974,-0.113797548,-0.113797548,-0.099079382,-0.062467024,-0.032769848,-0.016126711,-0.016126711,0.100410439,0.13400619311190565
2.614428857715431,-0.525312685,-0.476013948,-0.113972784,-0.113972784,-0.10009672,-0.062858645,-0.033359556,-0.016845473,-0.016845473,0.099572197,0.1334721625759971
2.624048096192385,-0.525002725,-0.476392169,-0.114143652,-0.114143652,-0.101103349,-0.063246362,-0.033943924,-0.017557991,-0.017557991,0.098735227,0.13293925592367556
2.633667334669339,-0.524695905,-0.476764499,-0.114310206,-0.114310206,-0.102099336,-0.063630227,-0.034523015,-0.018264329,-0.018264329,0.097899449,0.132407497
2.6432865731462925,-0.524392208,-0.47713103,-0.1144725,-0.1144725,-0.103084745,-0.064010289,-0.035096891,-0.018964549,-0.018964549,0.097064786,0.13187691278399616
2.6529058116232465,-0.524091614,-0.477491855,-0.114630587,-0.114630587,-0.104059644,-0.064386599,-0.035665615,-0.019658713,-0.019658713,0.096231164,0.13134752970874614
2.6625250501002005,-0.523794106,-0.477847062,-0.114784519,-0.114784519,-0.105024099,-0.064759203,-0.036229247,-0.020346883,-0.020346883,0.095398514,0.1308193771165968
2.6721442885771545,-0.523499665,-0.478196741,-0.114934347,-0.114934347,-0.105978177,-0.065128149,-0.036787847,-0.021029118,-0.021029118,0.094566769,0.13029248536821625
2.6817635270541085,-0.523208271,-0.478540978,-0.115080121,-0.115080121,-0.106921945,-0.065493483,-0.037341473,-0.021705479,-0.021705479,0.093735863,0.12976688609453899
2.691382765531062,-0.522919906,-0.47887986,-0.115221893,-0.115221893,-0.107855471,-0.065855249,-0.037890183,-0.022376024,-0.022376024,0.092905738,0.12924261209562332
2.701002004008016,-0.52263455,-0.47921347,-0.11535971,-0.11535971,-0.108778823,-0.066213492,-0.038434036,-0.023040812,-0.023040812,0.092076335,0.12871969724305138
2.710621242,-0.522352185,-0.479541892,-0.115493621,-0.115493621,-0.109692069,-0.066568256,-0.038973086,-0.023699899,-0.023699899,0.0912476,0.12819817638607922
2.720240480961924,-0.522072791,-0.479865207,-0.115623674,-0.115623674,-0.110595277,-0.066919583,-0.039507391,-0.024353342,-0.024353342,0.090419483,0.12767808526166985
2.7298597194388776,-0.521796347,-0.480183495,-0.115749916,-0.115749916,-0.111488515,-0.067267514,-0.040037003,-0.025001198,-0.025001198,0.089591935,0.12715946040842335
2.7394789579158316,-0.521522835,-0.480496836,-0.115872393,-0.115872393,-0.112371851,-0.067612091,-0.040561977,-0.025643521,-0.025643521,0.088764912,0.12664233908456418
2.7490981963927856,-0.521252235,-0.480805305,-0.115991151,-0.115991151,-0.113245355,-0.067953355,-0.041082367,-0.026280365,-0.026280365,0.087938372,0.12612675918996658
2.7587174348697396,-0.520984527,-0.481108981,-0.116106236,-0.116106236,-0.114109095,-0.068291344,-0.041598224,-0.026911785,-0.026911785,0.087112277,0.12561275919227452
2.7683366733466936,-0.520719691,-0.481407938,-0.116217691,-0.116217691,-0.114963139,-0.068626099,-0.0421096,-0.027537834,-0.027537834,0.086286592,0.1251003780571172
2.777955911823647,-0.520457706,-0.481702251,-0.11632556,-0.11632556,-0.115807557,-0.068957656,-0.042616546,-0.028158563,-0.028158563,0.085461284,0.12458965518239513
2.787575150300601,-0.520198554,-0.48199199,-0.116642416,-0.116429888,-0.116429888,-0.069286054,-0.043119111,-0.028774026,-0.028774026,0.084636324,0.12408063033664574
2.797194388777555,-0.519942212,-0.482277229,-0.117467787,-0.116530716,-0.116530716,-0.069611329,-0.043617345,-0.029384272,-0.029384272,0.083811686,0.12357334360138927
2.8068136272545092,-0.519688662,-0.482558037,-0.118283736,-0.116628087,-0.116628087,-0.069933519,-0.044111298,-0.029989353,-0.029989353,0.082987345,0.12306783531742926
2.816432865731463,-0.519437883,-0.482834485,-0.119090334,-0.116722042,-0.116722042,-0.070252658,-0.044601015,-0.030589318,-0.030589318,0.082163282,0.12256414603501395
2.826052104208417,-0.519189854,-0.483106638,-0.119887648,-0.116812623,-0.116812623,-0.070568783,-0.045086545,-0.031184217,-0.031184217,0.081339478,0.12206231646781095
2.835671342685371,-0.518944554,-0.483374566,-0.120675748,-0.11689987,-0.11689987,-0.070881926,-0.045567935,-0.031774098,-0.031774098,0.080515918,0.1215623874504707
2.845290581162325,-0.518701965,-0.483638333,-0.121454701,-0.116983823,-0.116983823,-0.071192124,-0.046045229,-0.032359009,-0.032359009,0.07969259,0.12106439989986652
2.854909819639279,-0.518462064,-0.483898005,-0.122224577,-0.117064522,-0.117064522,-0.071499408,-0.046518474,-0.032938998,-0.032938998,0.078869482,0.1205683947796722
2.8645290581162324,-0.518224831,-0.484153645,-0.122985443,-0.117142007,-0.117142007,-0.071803812,-0.046987714,-0.033514112,-0.033514112,0.078046588,0.12007441306831372
2.8741482965931864,-0.517990246,-0.484405316,-0.123737368,-0.117216314,-0.117216314,-0.072105369,-0.047452992,-0.034084396,-0.034084396,0.077223902,0.11958249573005059
2.8837675350701404,-0.517758289,-0.48465308,-0.12448042,-0.117287484,-0.117287484,-0.07240411,-0.047914352,-0.034649898,-0.034649898,0.076401421,0.11909268368910086
2.8933867735470944,-0.517528937,-0.484896998,-0.125214667,-0.117355553,-0.117355553,-0.072700066,-0.048371837,-0.035210662,-0.035210662,0.075579145,0.11860501780663607
2.903006012024048,-0.517302171,-0.485137129,-0.125940177,-0.117420559,-0.117420559,-0.072993269,-0.048825488,-0.035766732,-0.035766732,0.074757075,0.11811953886049087
2.912625250501002,-0.51707797,-0.485373533,-0.126657017,-0.117482539,-0.117482539,-0.073283748,-0.049275348,-0.036318153,-0.036318153,0.073935215,0.1176362875274343
2.922244488977956,-0.516856313,-0.485606266,-0.127365255,-0.117541529,-0.117541529,-0.073571534,-0.049721456,-0.036864968,-0.036864968,0.07311357,0.1171553043678404
2.931863727,-0.516637179,-0.485835387,-0.128064959,-0.117597567,-0.117597567,-0.073856657,-0.050163854,-0.037407222,-0.037407222,0.072292149,0.11667662981261552
2.941482965931864,-0.516420549,-0.486060951,-0.128756194,-0.117650686,-0.117650686,-0.074139144,-0.050602581,-0.037944955,-0.037944955,0.071470959,0.11620030415218516
2.9511022044088175,-0.5162064,-0.486283014,-0.12943903,-0.117700923,-0.117700923,-0.074419024,-0.051037677,-0.038478211,-0.038478211,0.070650013,0.11572636752739679
2.9607214428857715,-0.515994713,-0.486501629,-0.130113531,-0.117748313,-0.117748313,-0.074696327,-0.051469179,-0.03900703,-0.03900703,0.069829324,0.11525485992219857
2.9703406813627256,-0.515785467,-0.48671685,-0.130779765,-0.117792891,-0.117792891,-0.074971078,-0.051897127,-0.039531455,-0.039531455,0.069008906,0.11478582115791267
2.9799599198396796,-0.51557864,-0.48692873,-0.131437798,-0.11783469,-0.11783469,-0.075243305,-0.052321557,-0.040051525,-0.040051525,0.068188776,0.11431929088892609
2.989579158316633,-0.515374213,-0.487137321,-0.132087697,-0.117873746,-0.117873746,-0.075513035,-0.052742507,-0.04056728,-0.04056728,0.06736895,0.11385530859971198
2.999198396793587,-0.515172165,-0.487342673,-0.132729527,-0.117910092,-0.117910092,-0.075780294,-0.053160013,-0.041078762,-0.041078762,0.066549448,0.1133939136029587
3.008817635270541,-0.514972475,-0.487544836,-0.133363353,-0.11794376,-0.11794376,-0.076045109,-0.053574111,-0.041586008,-0.041586008,0.065730291,0.11293514503871092
3.018436873747495,-0.514775123,-0.48774386,-0.133989242,-0.117974786,-0.117974786,-0.076307503,-0.053984838,-0.042089057,-0.042089057,0.0649115,0.1124790418743461
3.028056112224449,-0.514580087,-0.487939794,-0.134607258,-0.1180032,-0.1180032,-0.076567503,-0.054392227,-0.042587948,-0.042587948,0.064093097,0.1120256429052905
3.0376753507014027,-0.514387348,-0.488132685,-0.135217466,-0.118029037,-0.118029037,-0.076825133,-0.054796314,-0.043082719,-0.043082719,0.063275107,0.11157498675631092
3.0472945891783567,-0.514196886,-0.48832258,-0.135819931,-0.118052329,-0.118052329,-0.077080418,-0.055197133,-0.043573407,-0.043573407,0.062457555,0.11112711188325243
3.0569138276553107,-0.514008679,-0.488509525,-0.136414717,-0.118073107,-0.118073107,-0.077333381,-0.055594718,-0.04406005,-0.04406005,0.061640466,0.11068205657512317
3.0665330661322647,-0.513822708,-0.488693567,-0.137001889,-0.118091404,-0.118091404,-0.077584045,-0.055989101,-0.044542683,-0.044542683,0.060823868,0.11023985895640079
3.0761523046092183,-0.513638951,-0.488874749,-0.137581509,-0.118107251,-0.118107251,-0.077832434,-0.056380315,-0.045021343,-0.045021343,0.060007788,0.10980055698946661
3.0857715430861723,-0.51345739,-0.489053117,-0.138153642,-0.11812068,-0.11812068,-0.078078571,-0.056768393,-0.045496066,-0.045496066,0.059192254,0.10936418847700793
3.0953907815631263,-0.513278003,-0.489228712,-0.138718351,-0.118131722,-0.118131722,-0.078322477,-0.057153367,-0.045966887,-0.045966887,0.058377296710878906,0.10893079106438383
3.1050100200400803,-0.51310077,-0.489401579,-0.139275698,-0.118140408,-0.118140408,-0.078564175,-0.057535268,-0.046433841,-0.046433841,0.057562945,0.10850040224176805
3.1146292585170343,-0.512925673,-0.489571759,-0.139825746,-0.118146769,-0.118146769,-0.078803686,-0.057914128,-0.046896964,-0.046896964,0.056749228784000155,0.108073059
3.124248496993988,-0.512752689,-0.489739293,-0.140368557,-0.118150836,-0.118150836,-0.079041033,-0.058289976,-0.047356288,-0.047356288,0.05593618,0.10764879956241727
3.133867735470942,-0.5125818,-0.489904223,-0.140904193,-0.11815264,-0.11815264,-0.079276235,-0.058662844,-0.047811848,-0.047811848,0.05512383,0.10722765992542208
3.143486973947896,-0.512412986,-0.490066588,-0.141432716,-0.11815221,-0.11815221,-0.079509313,-0.059032761,-0.048263677,-0.048263677,0.05431221,0.1068096773197062
3.153106212,-0.512246226,-0.490226428,-0.141954186,-0.118149577,-0.118149577,-0.079740288,-0.059399756,-0.048711808,-0.048711808,0.053501354,0.10639488848006125
3.1627254509018035,-0.512081502,-0.490383782,-0.142468665,-0.118144772,-0.118144772,-0.079969179,-0.059763859,-0.049156275,-0.049156275,0.052691293,0.10598332999096272
3.1723446893787575,-0.511918793,-0.490538688,-0.142976214,-0.118137823,-0.118137823,-0.080196007,-0.060125099,-0.049597109,-0.049597109,0.051882060445760714,0.10557503828539867
3.1819639278557115,-0.51175808,-0.490691184,-0.143476891,-0.118128761,-0.118128761,-0.08042079,-0.060483503,-0.050034343,-0.050034343,0.05107369,0.10517004964305174
3.1915831663326655,-0.511599343,-0.490841306,-0.143970758,-0.118117615,-0.118117615,-0.080643547,-0.0608391,-0.050468007,-0.050468007,0.050266214,0.10476840018771098
3.2012024048096195,-0.511442563,-0.490989092,-0.144457872,-0.118104415,-0.118104415,-0.080864298,-0.061191918,-0.050898134,-0.050898134,0.049459668,0.10437012588392067
3.210821643286573,-0.511287721,-0.491134577,-0.144938295,-0.118089189,-0.118089189,-0.08108306,-0.061541983,-0.051324755,-0.051324755,0.048654084,0.10397526253286676
3.220440881763527,-0.511134797,-0.491277796,-0.145412083,-0.118071969,-0.118071969,-0.081299852,-0.061889323,-0.051747899,-0.051747899,0.047849496,0.10358384576738827
3.230060120240481,-0.510983772,-0.491418785,-0.145879296,-0.118052781,-0.118052781,-0.081514692,-0.062233965,-0.052167598,-0.052167598,0.047045939,0.10319591104618364
3.239679358717435,-0.510834627,-0.491557577,-0.146339991,-0.118031657,-0.118031657,-0.081727596,-0.062575934,-0.052583881,-0.052583881,0.046243445,0.10281149364716342
3.2492985971943886,-0.510687344,-0.491694207,-0.146794226,-0.118008623,-0.118008623,-0.081938583,-0.062915256,-0.052996778,-0.052996778,0.045442049,0.10243062865992049
3.2589178356713426,-0.510541903,-0.491828707,-0.147242058,-0.117983709,-0.117983709,-0.08214767,-0.063251957,-0.053406319,-0.053406319,0.044641785233743236,0.10205335097731863
3.2685370741482966,-0.510398285,-0.49196111,-0.147683543,-0.117956945,-0.117956945,-0.082354872,-0.063586063,-0.053812532,-0.053812532,0.043842687,0.10167969528624986
3.2781563126252506,-0.510256472,-0.492091449,-0.148118737,-0.117928357,-0.117928357,-0.082560207,-0.063917598,-0.054215446,-0.054215446,0.043044787,0.10130969605747477
3.2877755511022047,-0.510116445,-0.492219755,-0.148547698,-0.117897975,-0.117897975,-0.08276369,-0.064246587,-0.054615089,-0.054615089,0.042248119520471694,0.10094338753461236
3.297394789579158,-0.509978186,-0.492346059,-0.14897048,-0.117865827,-0.117865827,-0.082965338,-0.064573055,-0.05501149,-0.05501149,0.041452718,0.10058080372226369
3.307014028056112,-0.509841676,-0.492470392,-0.149387137,-0.117831942,-0.117831942,-0.083165167,-0.064897024,-0.055404676,-0.055404676,0.040658615,0.10022197837328645
3.3166332665330662,-0.509706898,-0.492592784,-0.149797726,-0.117796347,-0.117796347,-0.083363191,-0.065218521,-0.055794676,-0.055794676,0.039865844127236524,0.099866945
3.3262525050100202,-0.509573832,-0.492713265,-0.150202299,-0.11775907,-0.11775907,-0.083559426,-0.065537566,-0.056181515,-0.056181515,0.039074437,0.099515737
3.335871743486974,-0.50944246,-0.492831865,-0.150600911,-0.11772014,-0.11772014,-0.083753887,-0.065854185,-0.056565222,-0.056565222,0.038284428,0.099168387
3.345490981963928,-0.509312765,-0.492948611,-0.150993614,-0.117679584,-0.117679584,-0.083946588,-0.0661684,-0.056945822,-0.056945822,0.037495847,0.098824927
3.355110220440882,-0.509184729,-0.493063533,-0.151380463,-0.11763743,-0.11763743,-0.084137545,-0.066480233,-0.057323342,-0.057323342,0.036708727,0.098485391
3.364729458917836,-0.509058335,-0.493176659,-0.151761509,-0.117593705,-0.117593705,-0.084326771,-0.066789707,-0.057697809,-0.057697809,0.035923099,0.098149809
3.374348697,-0.508933563,-0.493288015,-0.152136804,-0.117548438,-0.117548438,-0.084514281,-0.067096844,-0.058069248,-0.058069248,0.035138995126448316,0.097818214
3.3839679358717434,-0.508810397,-0.49339763,-0.1525064,-0.117501655,-0.117501655,-0.084700088,-0.067401666,-0.058437684,-0.058437684,0.034356446,0.097490636
3.3935871743486974,-0.50868882,-0.493505529,-0.152870348,-0.117453384,-0.117453384,-0.084884206,-0.067704194,-0.058803144,-0.058803144,0.033575481,0.097167107
3.4032064128256514,-0.508568814,-0.493611739,-0.153228699,-0.117403652,-0.117403652,-0.085066648,-0.068004449,-0.059165651,-0.059165651,0.032796131961263617,0.096847656
3.4128256513026054,-0.508450361,-0.493716286,-0.153581502,-0.117352487,-0.117352487,-0.085247428,-0.068302454,-0.059525232,-0.059525232,0.032018427827026893,0.096532315
3.422444889779559,-0.508333445,-0.493819196,-0.153928808,-0.117299915,-0.117299915,-0.085426559,-0.068598228,-0.059881909,-0.059881909,0.031242398,0.096221111
3.432064128256513,-0.508218049,-0.493920493,-0.154270666,-0.117245963,-0.117245963,-0.085604054,-0.068891792,-0.060235709,-0.060235709,0.030468072086639958,0.095914075
3.441683366733467,-0.508104156,-0.494020202,-0.154607124,-0.117190659,-0.117190659,-0.085779924,-0.069183167,-0.060586654,-0.060586654,0.029695478152726038,0.095611234
3.451302605210421,-0.507991748,-0.494118347,-0.154938232,-0.117134028,-0.117134028,-0.085954183,-0.069472373,-0.060934769,-0.060934769,0.028924645,0.095312617
3.460921843687375,-0.50788081,-0.494214954,-0.155264036,-0.117076097,-0.117076097,-0.086126843,-0.069759429,-0.061280076,-0.061280076,0.028155599269806708,0.09501825
3.4705410821643286,-0.507771325,-0.494310044,-0.155584586,-0.117016894,-0.117016894,-0.086297916,-0.070044355,-0.0616226,-0.0616226,0.027388369507094446,0.094728161
3.4801603206412826,-0.507663277,-0.494403641,-0.155899926,-0.116956443,-0.116956443,-0.086467414,-0.07032717,-0.061962364,-0.061962364,0.026622982273304563,0.094442377
3.4897795591182366,-0.507556648,-0.494495768,-0.156210105,-0.116894772,-0.116894772,-0.086635349,-0.070607895,-0.06229939,-0.06229939,0.025859464081513628,0.094160921
3.4993987975951906,-0.507451424,-0.494586448,-0.156515167,-0.116831907,-0.116831907,-0.086801731,-0.070886547,-0.062633701,-0.062633701,0.025097841,0.09388382
3.509018036072144,-0.507347588,-0.494675703,-0.15681516,-0.116767873,-0.116767873,-0.086966574,-0.071163146,-0.062965319,-0.062965319,0.024338138665839615,0.093611098
3.518637274549098,-0.507245123,-0.494763554,-0.157110127,-0.116702696,-0.116702696,-0.087129887,-0.071437709,-0.063294267,-0.063294267,0.023580382245745518,0.093342778
3.528256513026052,-0.507144015,-0.494850023,-0.157400115,-0.116636403,-0.116636403,-0.087291682,-0.071710256,-0.063620566,-0.063620566,0.022824596468530384,0.093078884
3.537875751503006,-0.507044247,-0.494935131,-0.157685166,-0.116569018,-0.116569018,-0.087451969,-0.071980805,-0.063944239,-0.063944239,0.022070806,0.092819436
3.54749499,-0.506945805,-0.4950189,-0.157965324,-0.116500568,-0.116500568,-0.087610761,-0.072249373,-0.064265306,-0.064265306,0.021319033468202297,0.092564457
3.5571142284569137,-0.506848671,-0.495101349,-0.158240634,-0.116431077,-0.116431077,-0.087768066,-0.072515978,-0.064583789,-0.064583789,0.020569303,0.092313967
3.5667334669338677,-0.506752832,-0.495182499,-0.158511138,-0.116360571,-0.116360571,-0.087923896,-0.072780638,-0.06489971,-0.06489971,0.019821638338456515,0.092067986
3.5763527054108217,-0.506658272,-0.49526237,-0.158776878,-0.116289075,-0.116289075,-0.08807826,-0.073043369,-0.065213088,-0.065213088,0.019076060676189888,0.091826533
3.5859719438877757,-0.506564976,-0.495340981,-0.159037897,-0.116216613,-0.116216613,-0.08823117,-0.07330419,-0.065523946,-0.065523946,0.018332592401751002,0.091589625
3.5955911823647293,-0.506472929,-0.495418351,-0.159294236,-0.11614321,-0.11614321,-0.088382634,-0.073563117,-0.065832302,-0.065832302,0.017591255028530872,0.09135728
3.6052104208416833,-0.506382116,-0.4954945,-0.159545935,-0.116068892,-0.116068892,-0.088532663,-0.073820167,-0.066138178,-0.066138178,0.016852069609241682,0.091129514
3.6148296593186373,-0.506292523,-0.495569447,-0.159793037,-0.115993681,-0.115993681,-0.088681266,-0.074075356,-0.066441594,-0.066441594,0.016115056736504485,0.090906342
3.6244488977955913,-0.506204135,-0.495643209,-0.16003558,-0.115917604,-0.115917604,-0.088828453,-0.074328701,-0.066742569,-0.066742569,0.015380237,0.090687779
3.6340681362725453,-0.506116937,-0.495715806,-0.160273605,-0.115840683,-0.115840683,-0.088974234,-0.074580218,-0.067041123,-0.067041123,0.014647629,0.090473838
3.643687374749499,-0.506030915,-0.495787254,-0.160507152,-0.115762942,-0.115762942,-0.089118617,-0.074829923,-0.067337276,-0.067337276,0.013917252443161665,0.09026453
3.653306613226453,-0.505946055,-0.495857571,-0.160736258,-0.115684406,-0.115684406,-0.089261611,-0.075077832,-0.067631047,-0.067631047,0.013189126518089678,0.090059869
3.662925851703407,-0.505862343,-0.495926776,-0.160960963,-0.115605097,-0.115605097,-0.089403227,-0.07532396,-0.067922455,-0.067922455,0.012463269,0.089859863
3.672545090180361,-0.505779764,-0.495994884,-0.161181305,-0.11552504,-0.11552504,-0.089543471,-0.075568323,-0.068211519,-0.068211519,0.011739698475275034,0.089664521
3.6821643286573145,-0.505698306,-0.496061913,-0.161397321,-0.115444257,-0.115444257,-0.089682354,-0.075810937,-0.068498258,-0.068498258,0.011018431629278708,0.089473853
3.6917835671342685,-0.505617955,-0.496127879,-0.161609049,-0.115362771,-0.115362771,-0.089819884,-0.076051817,-0.068782691,-0.068782691,0.010299485669769987,0.089287864
3.7014028056112225,-0.505538696,-0.496192799,-0.161816525,-0.115280605,-0.115280605,-0.089956068,-0.076290976,-0.069064835,-0.069064835,0.009582877,0.089106561
3.7110220440881765,-0.505460516,-0.496256689,-0.162019786,-0.115197783,-0.115197783,-0.090090917,-0.076528432,-0.06934471,-0.06934471,0.008868622,0.088929947
3.7206412825651305,-0.505383403,-0.496319563,-0.162218868,-0.115114325,-0.115114325,-0.090224437,-0.076764197,-0.069622333,-0.069622333,0.008156736,0.088758028
3.730260521042084,-0.505307343,-0.49638144,-0.162413807,-0.115030255,-0.115030255,-0.090356636,-0.076998288,-0.069897721,-0.069897721,0.007447235,0.088590804
3.739879759519038,-0.505232322,-0.496442332,-0.162604639,-0.114945595,-0.114945595,-0.090487524,-0.077230717,-0.070170894,-0.070170894,0.006740132,0.088428278
3.749498997995992,-0.505158328,-0.496502256,-0.162791397,-0.114860366,-0.114860366,-0.090617106,-0.077461499,-0.070441868,-0.070441868,0.006035443,0.088270448
3.759118236472946,-0.505085349,-0.496561227,-0.162974116,-0.114774589,-0.114774589,-0.090745392,-0.077690649,-0.07071066,-0.07071066,0.005333182,0.088117313
3.7687374749498996,-0.50501337,-0.496619258,-0.163152832,-0.114688287,-0.114688287,-0.090872389,-0.07791818,-0.070977289,-0.070977289,0.004633361,0.087968872
3.7783567134268536,-0.504942381,-0.496676366,-0.163327577,-0.114601481,-0.114601481,-0.090998104,-0.078144106,-0.07124177,-0.07124177,0.003935994,0.087825118
3.7879759519038076,-0.504872368,-0.496732563,-0.163498386,-0.114514191,-0.114514191,-0.091122545,-0.078368441,-0.071504121,-0.071504121,0.003241094,0.087686049
3.7975951903807617,-0.504803319,-0.496787863,-0.16366529,-0.114426439,-0.114426439,-0.091245718,-0.078591197,-0.071764359,-0.071764359,0.002548673,0.087551657
3.8072144288577157,-0.504735221,-0.496842282,-0.163828324,-0.114338244,-0.114338244,-0.091367631,-0.07881239,-0.072022501,-0.072022501,0.001858743,0.087421933
3.8168336673346692,-0.504668064,-0.496895832,-0.16398752,-0.114249628,-0.114249628,-0.091488291,-0.079032031,-0.072278561,-0.072278561,0.001171315,0.08729687
3.8264529058116232,-0.504601834,-0.496948526,-0.164142909,-0.11416061,-0.11416061,-0.091607705,-0.079250133,-0.072532558,-0.072532558,0.000486401,0.087176456
3.8360721442885772,-0.50453652,-0.497000378,-0.164294524,-0.11407121,-0.11407121,-0.09172588,-0.07946671,-0.072784507,-0.072784507,-0.00019599,0.08706068
3.8456913827655312,-0.504472111,-0.497051401,-0.164442396,-0.113981448,-0.113981448,-0.091842821,-0.079681775,-0.073034424,-0.073034424,-0.000875846,0.086949529
3.855310621242485,-0.504408594,-0.497101607,-0.164586557,-0.113891343,-0.113891343,-0.091958536,-0.07989534,-0.073282324,-0.073282324,-0.001553158,0.086842987
3.864929859719439,-0.504345959,-0.49715101,-0.164727037,-0.113800915,-0.113800915,-0.092073032,-0.080107417,-0.073528225,-0.073528225,-0.002227916,0.08674104
3.874549098196393,-0.504284193,-0.497199621,-0.164863867,-0.113710183,-0.113710183,-0.092186313,-0.080318019,-0.07377214,-0.07377214,-0.002900112,0.086643669
3.884168336673347,-0.504223286,-0.497247454,-0.164997078,-0.113619164,-0.113619164,-0.092298388,-0.080527159,-0.074014085,-0.074014085,-0.003569735,0.086550857
3.8937875751503004,-0.504163226,-0.497294519,-0.1651267,-0.113527879,-0.113527879,-0.092409262,-0.080734847,-0.074254077,-0.074254077,-0.004236779,0.086462583
3.9034068136272544,-0.504104003,-0.497340828,-0.165252762,-0.113436344,-0.113436344,-0.09251894,-0.080941098,-0.074492129,-0.074492129,-0.004901234,0.086378826
3.9130260521042084,-0.504045606,-0.497386394,-0.165375295,-0.113344579,-0.113344579,-0.09262743,-0.081145921,-0.074728257,-0.074728257,-0.005563094,0.086299562
3.9226452905811624,-0.503988024,-0.497431228,-0.165494327,-0.1132526,-0.1132526,-0.092734736,-0.081349329,-0.074962475,-0.074962475,-0.00622235,0.086224769
3.9322645290581164,-0.503931246,-0.497475342,-0.165609888,-0.113160426,-0.113160426,-0.092840865,-0.081551335,-0.075194799,-0.075194799,-0.006878996,0.08615442
3.941883768,-0.503875262,-0.497518745,-0.165722007,-0.113068074,-0.113068074,-0.092945822,-0.081751948,-0.075425243,-0.075425243,-0.007533026,0.086088488
3.951503006012024,-0.503820061,-0.49756145,-0.165830712,-0.11297556,-0.11297556,-0.093049613,-0.081951181,-0.075653821,-0.075653821,-0.008184432,0.086026945
3.961122244488978,-0.503765633,-0.497603468,-0.165936032,-0.112882903,-0.112882903,-0.093152243,-0.082149044,-0.075880547,-0.075880547,-0.008833209,0.085969761
3.970741482965932,-0.503711968,-0.497644808,-0.166037996,-0.112790117,-0.112790117,-0.093253718,-0.08234555,-0.076105437,-0.076105437,-0.009479352,0.085916906
3.9803607214428856,-0.503659056,-0.497685481,-0.166136631,-0.112697221,-0.112697221,-0.093354043,-0.082540709,-0.076328503,-0.076328503,-0.010122854,0.085868347
3.9899799599198396,-0.503606887,-0.497725499,-0.166231966,-0.112604229,-0.112604229,-0.093453223,-0.082734531,-0.076549759,-0.076549759,-0.010763711,0.08582405
3.9995991983967936,-0.503555451,-0.49776487,-0.166324027,-0.112511158,-0.112511158,-0.093551264,-0.082927029,-0.076769221,-0.076769221,-0.011401919,0.085783979
4.009218436873748,-0.503504739,-0.497803605,-0.166412844,-0.112418024,-0.112418024,-0.093648171,-0.083118212,-0.0769869,-0.0769869,-0.012037472,0.085748099
4.018837675350701,-0.50345474,-0.497841714,-0.166498442,-0.112324841,-0.112324841,-0.093743948,-0.083308091,-0.077202811,-0.077202811,-0.012670367,0.085716372
4.028456913827655,-0.503405445,-0.497879206,-0.16658085,-0.112231626,-0.112231626,-0.093838601,-0.083496677,-0.077416967,-0.077416967,-0.0133006,0.085688758
4.038076152304609,-0.503356845,-0.497916092,-0.166660095,-0.112138392,-0.112138392,-0.093932135,-0.08368398,-0.077629382,-0.077629382,-0.013928168,0.085665217
4.047695390781563,-0.503308931,-0.49795238,-0.166736203,-0.112045155,-0.112045155,-0.094024554,-0.08387001,-0.077840068,-0.077840068,-0.014553067,0.085645707
4.057314629258517,-0.503261693,-0.49798808,-0.166809201,-0.111951929,-0.111951929,-0.094115863,-0.084054778,-0.078049039,-0.078049039,-0.015175294,0.085630185
4.066933867735471,-0.503215122,-0.4980232,-0.166879117,-0.111858728,-0.111858728,-0.094206068,-0.084238294,-0.078256307,-0.078256307,-0.015794848,0.085618607
4.076553106212424,-0.50316921,-0.498057751,-0.166945977,-0.111765567,-0.111765567,-0.094295171,-0.084420567,-0.078461886,-0.078461886,-0.016411725,0.085610927
4.086172344689379,-0.503123947,-0.498091741,-0.167009806,-0.111672459,-0.111672459,-0.09438318,-0.084601608,-0.078665788,-0.078665788,-0.017025923,0.085607099
4.095791583166332,-0.503079325,-0.498125179,-0.167070633,-0.111579417,-0.111579417,-0.094470097,-0.084781426,-0.078868025,-0.078868025,-0.017637441,0.085607073
4.105410821643287,-0.503035335,-0.498158072,-0.167128483,-0.111486455,-0.111486455,-0.094555927,-0.084960031,-0.079068611,-0.079068611,-0.018246277,0.085610801
4.11503006,-0.502991969,-0.498190431,-0.167183381,-0.111393585,-0.111393585,-0.094640676,-0.085137433,-0.079267558,-0.079267558,-0.018852431,0.085618233
4.124649298597194,-0.502949218,-0.498222262,-0.167235356,-0.111300821,-0.111300821,-0.094724346,-0.085313641,-0.079464877,-0.079464877,-0.0194559,0.085629317
4.134268537074148,-0.502907073,-0.498253575,-0.167284432,-0.111208175,-0.111208175,-0.094806944,-0.085488665,-0.079660581,-0.079660581,-0.020056684,0.085643999
4.143887775551102,-0.502865527,-0.498284377,-0.167330635,-0.11111566,-0.11111566,-0.094888472,-0.085662513,-0.079854682,-0.079854682,-0.020654783,0.085662226
4.153507014028055,-0.502824572,-0.498314677,-0.167373992,-0.111023287,-0.111023287,-0.094968936,-0.085835196,-0.080047193,-0.080047193,-0.021250196,0.085683943
4.163126253,-0.502784199,-0.498344482,-0.167414528,-0.110931068,-0.110931068,-0.09504834,-0.086006722,-0.080238124,-0.080238124,-0.021842924,0.085709094
4.1727454909819635,-0.5027444,-0.498373799,-0.167452269,-0.110839016,-0.110839016,-0.095126688,-0.0861771,-0.080427488,-0.080427488,-0.022432966,0.085737621
4.182364729458918,-0.502705167,-0.498402638,-0.167487241,-0.11074714,-0.11074714,-0.095203984,-0.08634634,-0.080615296,-0.080615296,-0.023020324,0.085769467
4.1919839679358715,-0.502666494,-0.498431004,-0.167519471,-0.110655453,-0.110655453,-0.095280232,-0.08651445,-0.080801559,-0.080801559,-0.023604996,0.085804572
4.201603206412826,-0.502628372,-0.498458906,-0.167548982,-0.110563966,-0.110563966,-0.095355438,-0.086681439,-0.080986291,-0.080986291,-0.024186986,0.085842875
4.2112224448897795,-0.502590793,-0.498486351,-0.167575802,-0.110472688,-0.110472688,-0.095429605,-0.086847316,-0.0811695,-0.0811695,-0.024766293,0.085884316
4.220841683366733,-0.50255375,-0.498513345,-0.167599955,-0.110381632,-0.110381632,-0.095502736,-0.087012089,-0.081351199,-0.081351199,-0.025342919,0.085928833
4.2304609218436875,-0.502517236,-0.498539896,-0.167621468,-0.110290806,-0.110290806,-0.095574838,-0.087175767,-0.0815314,-0.0815314,-0.025916865,0.085976362
4.240080160320641,-0.502481243,-0.498566012,-0.167640365,-0.110200221,-0.110200221,-0.095645912,-0.087338359,-0.081710112,-0.081710112,-0.026488133,0.086026839
4.2496993987975955,-0.502445765,-0.498591698,-0.167656674,-0.110109886,-0.110109886,-0.095715965,-0.087499873,-0.081887348,-0.081887348,-0.027056725,0.086080201
4.259318637274549,-0.502410794,-0.498616961,-0.167670418,-0.110019812,-0.110019812,-0.095785,-0.087660317,-0.082063117,-0.082063117,-0.027622644,0.08613638
4.268937875751503,-0.502376323,-0.498641809,-0.167681624,-0.109930007,-0.109930007,-0.095853021,-0.087819699,-0.08223743,-0.08223743,-0.028185891,0.086195312
4.278557114228457,-0.502342345,-0.498666247,-0.167690318,-0.109840482,-0.109840482,-0.095920032,-0.087978028,-0.0824103,-0.0824103,-0.028746468,0.086256929
4.288176352705411,-0.502308854,-0.498690282,-0.167696525,-0.109751244,-0.109751244,-0.095986038,-0.088135312,-0.082581734,-0.082581734,-0.029304379,0.086321162
4.297795591182365,-0.502275842,-0.498713921,-0.16770027,-0.109662303,-0.109662303,-0.096051043,-0.088291558,-0.082751746,-0.082751746,-0.029859626,0.086387945
4.307414829659319,-0.502243303,-0.498737169,-0.167701579,-0.109573666,-0.109573666,-0.096115052,-0.088446776,-0.082920344,-0.082920344,-0.030412213,0.086457207
4.317034068136272,-0.502211231,-0.498760033,-0.167700477,-0.109485343,-0.109485343,-0.096178067,-0.088600972,-0.083087539,-0.083087539,-0.030962142,0.08652888
4.326653306613227,-0.502179618,-0.498782519,-0.167696991,-0.109397342,-0.109397342,-0.096240095,-0.088754154,-0.083253342,-0.083253342,-0.031509416,0.086602892
4.336272545,-0.502148459,-0.498804632,-0.167691146,-0.10930967,-0.10930967,-0.096301138,-0.088906331,-0.083417762,-0.083417762,-0.03205404,0.086679173
4.345891783567135,-0.502117747,-0.498826379,-0.167682967,-0.109222335,-0.109222335,-0.096361202,-0.08905751,-0.08358081,-0.08358081,-0.032596016,0.086757651
4.355511022044088,-0.502087476,-0.498847766,-0.16767248,-0.109135344,-0.109135344,-0.09642029,-0.089207698,-0.083742495,-0.083742495,-0.033135349,0.086838256
4.365130260521042,-0.50205764,-0.498868797,-0.167659711,-0.109048706,-0.109048706,-0.096478408,-0.089356904,-0.083902828,-0.083902828,-0.033672043,0.086920915
4.374749498997996,-0.502028232,-0.498889479,-0.167644685,-0.108962427,-0.108962427,-0.096535559,-0.089505134,-0.084061818,-0.084061818,-0.034206101,0.087005555
4.384368737,-0.501999247,-0.498909817,-0.167627428,-0.108876513,-0.108876513,-0.096591748,-0.089652396,-0.084219476,-0.084219476,-0.034737528,0.087092103
4.393987975951903,-0.501970679,-0.498929817,-0.167607965,-0.108790972,-0.108790972,-0.09664698,-0.089798698,-0.08437581,-0.08437581,-0.035266328,0.087180486
4.403607214428858,-0.501942522,-0.498949484,-0.167586323,-0.108705811,-0.108705811,-0.096701259,-0.089944046,-0.084530831,-0.084530831,-0.035792505,0.087270631
4.413226452905811,-0.501914769,-0.498968823,-0.167562526,-0.108621035,-0.108621035,-0.096754589,-0.090088448,-0.084684547,-0.084684547,-0.036316065,0.087362464
4.422845691382766,-0.501887416,-0.498987839,-0.167536602,-0.108536651,-0.108536651,-0.096806976,-0.090231912,-0.084836969,-0.084836969,-0.036837011,0.087455912
4.432464929859719,-0.501860457,-0.499006538,-0.167508574,-0.108452665,-0.108452665,-0.096858424,-0.090374444,-0.084988105,-0.084988105,-0.037355349,0.087550899
4.442084168336673,-0.501833886,-0.499024924,-0.16747847,-0.108369082,-0.108369082,-0.096908938,-0.090516051,-0.085137966,-0.085137966,-0.037871083,0.087647353
4.451703406813627,-0.501807698,-0.499043002,-0.167446314,-0.108285908,-0.108285908,-0.096958522,-0.090656741,-0.08528656,-0.08528656,-0.038384219,0.087745198
4.461322645290581,-0.501781887,-0.499060778,-0.167412133,-0.108203149,-0.108203149,-0.097007181,-0.09079652,-0.085433896,-0.085433896,-0.038894762,0.08784436
4.470941883767535,-0.501756448,-0.499078255,-0.167375952,-0.10812081,-0.10812081,-0.097054921,-0.090935395,-0.085579983,-0.085579983,-0.039402716,0.087944766
4.480561122244489,-0.501731376,-0.49909544,-0.167337797,-0.108038895,-0.108038895,-0.097101746,-0.091073374,-0.085724832,-0.085724832,-0.039908088,0.088046342
4.4901803607214426,-0.501706666,-0.499112336,-0.167297694,-0.107957411,-0.107957411,-0.097147662,-0.091210462,-0.085868449,-0.085868449,-0.040410883,0.088149012
4.499799599198397,-0.501682311,-0.499128948,-0.167255668,-0.107876361,-0.107876361,-0.097192672,-0.091346667,-0.086010845,-0.086010845,-0.040911106,0.088252703
4.509418837675351,-0.501658309,-0.49914528,-0.167211745,-0.107795751,-0.107795751,-0.097236783,-0.091481995,-0.086152028,-0.086152028,-0.041408763,0.088357342
4.519038076152305,-0.501634652,-0.499161337,-0.167165951,-0.107715584,-0.107715584,-0.09728,-0.091616454,-0.086292006,-0.086292006,-0.04190386,0.088462854
4.528657314629259,-0.501611337,-0.499177123,-0.167118312,-0.107635865,-0.107635865,-0.097322327,-0.091750048,-0.086430789,-0.086430789,-0.042396402,0.088569167
4.538276553106212,-0.501588359,-0.499192643,-0.167068853,-0.107556598,-0.107556598,-0.097363771,-0.091882787,-0.086568386,-0.086568386,-0.042886396,0.088676208
4.547895791583167,-0.501565712,-0.499207901,-0.1670176,-0.107477787,-0.107477787,-0.097404336,-0.092014674,-0.086704804,-0.086704804,-0.043373846,0.088783903
4.55751503,-0.501543393,-0.499222901,-0.166964579,-0.107399436,-0.107399436,-0.097444028,-0.092145718,-0.086840052,-0.086840052,-0.04385876,0.088892181
4.567134268537074,-0.501521395,-0.499237647,-0.166909815,-0.107321548,-0.107321548,-0.097482853,-0.092275924,-0.086974138,-0.086974138,-0.044341143,0.089000969
4.576753507014028,-0.501499716,-0.499252142,-0.166853334,-0.107244127,-0.107244127,-0.097520816,-0.092405299,-0.087107072,-0.087107072,-0.044821002,0.089110196
4.586372745490982,-0.50147835,-0.499266392,-0.166795162,-0.107167177,-0.107167177,-0.097557922,-0.092533849,-0.08723886,-0.08723886,-0.045298342,0.089219792
4.595991983967936,-0.501457293,-0.4992804,-0.166735324,-0.1070907,-0.1070907,-0.097594178,-0.092661581,-0.087369513,-0.087369513,-0.045773171,0.089329685
4.605611222,-0.50143654,-0.499294169,-0.166673845,-0.107014699,-0.107014699,-0.09762959,-0.0927885,-0.087499036,-0.087499036,-0.046245493,0.089439806
4.615230460921843,-0.501416087,-0.499307704,-0.166610752,-0.106939177,-0.106939177,-0.097664162,-0.092914613,-0.08762744,-0.08762744,-0.046715316,0.089550085
4.624849699398798,-0.50139593,-0.499321009,-0.166546069,-0.106864138,-0.106864138,-0.097697902,-0.093039926,-0.087754731,-0.087754731,-0.047182647,0.089660455
4.634468937875751,-0.501376065,-0.499334086,-0.166479822,-0.106789584,-0.106789584,-0.097730814,-0.093164445,-0.087880918,-0.087880918,-0.047647491,0.089770846
4.644088176352706,-0.501356487,-0.49934694,-0.166412036,-0.106715517,-0.106715517,-0.097762906,-0.093288175,-0.088006008,-0.088006008,-0.048109854,0.089881192
4.653707414829659,-0.501337192,-0.499359575,-0.166342737,-0.106641939,-0.106641939,-0.097794183,-0.093411124,-0.088130011,-0.088130011,-0.048569745,0.089991426
4.663326653306613,-0.501318176,-0.499371992,-0.16627195,-0.106568854,-0.106568854,-0.097824651,-0.093533297,-0.088252932,-0.088252932,-0.049027169,0.090101482
4.672945891783567,-0.501299435,-0.499384197,-0.1661997,-0.106496262,-0.106496262,-0.097854318,-0.0936547,-0.088374781,-0.088374781,-0.049482132,0.090211296
4.682565130260521,-0.501280966,-0.499396193,-0.166126012,-0.106424166,-0.106424166,-0.097883188,-0.093775339,-0.088495565,-0.088495565,-0.049934642,0.090320802
4.692184368737475,-0.501262764,-0.499407982,-0.166050911,-0.106352568,-0.106352568,-0.097911269,-0.093895219,-0.088615291,-0.088615291,-0.050384705,0.090429939
4.701803607214429,-0.501244825,-0.499419569,-0.165974422,-0.10628147,-0.10628147,-0.097938568,-0.094014347,-0.088733968,-0.088733968,-0.050832328,0.090538644
4.7114228456913825,-0.501227146,-0.499430956,-0.16589657,-0.106210872,-0.106210872,-0.09796509,-0.094132728,-0.088851602,-0.088851602,-0.051277518,0.090646855
4.721042084168337,-0.501209723,-0.499442146,-0.165817379,-0.106140778,-0.106140778,-0.097990842,-0.094250368,-0.088968202,-0.088968202,-0.051720281,0.090754511
4.7306613226452905,-0.501192552,-0.499453144,-0.165736875,-0.106071187,-0.106071187,-0.098015831,-0.094367272,-0.089083775,-0.089083775,-0.052160624,0.090861553
4.740280561122244,-0.501175629,-0.499463951,-0.165655081,-0.106002101,-0.106002101,-0.098040064,-0.094483447,-0.089198327,-0.089198327,-0.052598554,0.090967924
4.7498997995991985,-0.501158952,-0.499474571,-0.165572023,-0.105933522,-0.105933522,-0.098063548,-0.094598898,-0.089311867,-0.089311867,-0.053034078,0.091073564
4.759519038076152,-0.501142516,-0.499485007,-0.165487724,-0.10586545,-0.10586545,-0.09808629,-0.094713631,-0.089424403,-0.089424403,-0.053467203,0.091178419
4.7691382765531065,-0.501126318,-0.499495261,-0.16540221,-0.105797886,-0.105797886,-0.098108296,-0.09482765,-0.08953594,-0.08953594,-0.053897936,0.091282432
4.778757515,-0.501110355,-0.499505338,-0.165315503,-0.105730832,-0.105730832,-0.098129574,-0.094940963,-0.089646486,-0.089646486,-0.054326282,0.091385549
4.788376753507014,-0.501094622,-0.499515239,-0.165227628,-0.105664287,-0.105664287,-0.09815013,-0.095053573,-0.08975605,-0.08975605,-0.05475225,0.091487718
4.797995991983968,-0.501079118,-0.499524968,-0.16513861,-0.105598253,-0.105598253,-0.098169973,-0.095165487,-0.089864636,-0.089864636,-0.055175847,0.091588886
4.807615230460922,-0.501063838,-0.499534526,-0.165048471,-0.10553273,-0.10553273,-0.098189108,-0.09527671,-0.089972254,-0.089972254,-0.055597078,0.091689002
4.817234468937876,-0.501048779,-0.499543918,-0.164957235,-0.105467718,-0.105467718,-0.098207544,-0.095387247,-0.090078909,-0.090078909,-0.056015951,0.091788018
4.826853707,-0.501033938,-0.499553145,-0.164864925,-0.105403217,-0.105403217,-0.098225289,-0.095497104,-0.09018461,-0.09018461,-0.056432473,0.091885884
4.836472945891783,-0.501019312,-0.499562211,-0.164771566,-0.105339229,-0.105339229,-0.098242348,-0.095606287,-0.090289362,-0.090289362,-0.056846651,0.091982553
4.846092184368738,-0.501004898,-0.499571117,-0.16467718,-0.105275753,-0.105275753,-0.09825873,-0.0957148,-0.090393172,-0.090393172,-0.057258491,0.09207798
4.855711422845691,-0.500990692,-0.499579867,-0.16458179,-0.105212789,-0.105212789,-0.098274443,-0.095822648,-0.090496048,-0.090496048,-0.057668001,0.09217212
4.865330661322646,-0.500976693,-0.499588463,-0.164485419,-0.105150336,-0.105150336,-0.098289493,-0.095929838,-0.090597997,-0.090597997,-0.058075187,0.092264928