R_angstrom,E_UHF_aug-cc-pVQZ_Eh
0.2,0.8313503983483317
0.2096192384769539,0.7219902048351979
0.21923847695390783,0.6232724258055273
0.22885771543086172,0.5338370701623218
0.23847695390781565,0.45254306971420344
0.24809619238476954,0.37842609683799555
0.25771543086172344,0.31066576723294104
0.26733466933867733,0.24855985987397422
0.2769539078156313,0.1915038564472633
0.2865731462925852,0.1389745647012519
0.2961923847695391,0.09051691203274337
0.305811623246493,0.04573322318776718
0.3154308617234469,0.004274459724840529
0.3250501002004008,-0.03416698084345671
0.3346693386773547,-0.06986321846588839
0.3442885771543086,-0.10305584060139605
0.3539078156312625,-0.13396004080871582
0.3635270541082164,-0.16276809753783156
0.37314629258517035,-0.1896523135115033
0.38276553106212424,-0.21476751176644127
0.3923847695390782,-0.2382531653517112
0.4020040080160321,-0.26023522271516597
0.411623246492986,-0.28082767898692296
0.4212424849699399,-0.3001339339989258
0.4308617234468938,-0.3182479704100235
0.44048096192384767,-0.33525537937744626
0.4501002004008016,-0.35123425638850037
0.4597194388777555,-0.36625598605434434
0.4693386773547094,-0.3803859315338232
0.4789579158316633,-0.3936840417280061
0.48857715430861726,-0.406205387341251
0.49819639278557115,-0.41800063519924857
0.507815631262525,-0.42911646883108
0.5174348697394789,-0.43959596217358776
0.5270541082164328,-0.44947891228607545
0.5366733466933868,-0.4588021361598641
0.5462925851703406,-0.46759973601968774
0.5559118236472946,-0.47590333692765613
0.5655310621242484,-0.48374230000960877
0.5751503006012024,-0.49114391418112596
0.5847695390781563,-0.4981335688838595
0.5943887775551102,-0.504734910018931
0.6040080160320641,-0.5109699809862788
0.613627254509018,-0.5168593504866672
0.623246492985972,-0.5224222285429939
0.6328657314629258,-0.527676572009252
0.6424849699398798,-0.5326391806738991
0.6521042084168336,-0.5373257849345322
0.6617234468937876,-0.5417511258942804
0.6713426853707415,-0.5459290286365053
0.6809619238476954,-0.5498724693333783
0.6905811623246493,-0.5535936367791814
0.7002004008016032,-0.5571039888602013
0.7098196392785572,-0.560414304419945
0.719438877755511,-0.563534730929877
0.729058116232465,-0.5664748283210126
0.7386773547094188,-0.5692436093067184
0.7482965931863728,-0.5718495764872265
0.7579158316633265,-0.5743007565048823
0.7675350701402806,-0.5766047314921787
0.7771543086172346,-0.5787686680436078
0.7867735470941883,-0.580799343923168
0.7963927855711423,-0.5827031727039886
0.8060120240480961,-0.5844862265276611
0.8156312625250501,-0.5861542571529298
0.8252505010020039,-0.5877127154531019
0.8348697394789579,-0.5891667695034262
0.8444889779559117,-0.5905213213899205
0.8541082164328657,-0.5917810228519349
0.8637274549098197,-0.5929502898633664
0.8733466933867735,-0.5940333162399976
0.8829659318637275,-0.5950340863546609
0.8925851703406813,-0.5959563870286397
0.9022044088176353,-0.5968038186637687
0.9118236472945891,-0.5975798056706656
0.9214428857715431,-0.5982876062429388
0.9310621242484969,-0.5989303215261648
0.9406813627254509,-0.5995109042200453
0.9503006012024049,-0.6000321666563904
0.9599198396793587,-0.60049678838547
0.9695390781563127,-0.6009073233055897
0.9791583166332665,-0.6012662063654767
0.9887775551102205,-0.6015757598679903
0.9983967935871743,-0.6018381994012325
1.0080160320641283,-0.6020556394204188
1.017635270541082,-0.6022300985045808
1.027254509018036,-0.6023635043069935
1.03687374749499,-0.6024576982194346
1.0464929859719438,-0.6025144397682478
1.0561122244488979,-0.6025354107583007
1.0657314629258516,-0.6025222191807458
1.0753507014028056,-0.6024764028988414
1.0849699398797594,-0.6023994331250608
1.0945891783567134,-0.6022927177023648
1.1042084168336672,-0.602157604201486
1.1138276553106212,-0.6019953828449851
1.123446893787575,-0.6018072892686148
1.133066132264529,-0.6015945071295994
1.142685370741483,-0.6013581705714011
1.1523046092184368,-0.6010993665532444
1.1619238476953908,-0.6008191370522096
1.1715430861723446,-0.6005184811462867
1.1811623246492986,-0.6001983569849709
1.1907815631262524,-0.5998596836544772
1.2004008016032064,-0.5995033429435552
1.2100200400801602,-0.5991301810165249
1.2196392785571142,-0.5987410099980969
1.229258517034068,-0.5983366094766072
1.238877755511022,-0.5979177279293892
1.2484969939879758,-0.5974850840756585
1.2581162324649298,-0.5970393681610227
1.2677354709418838,-0.5965812431776045
1.2773547094188376,-0.5961113460239451
1.2869739478957916,-0.5956302886077989
1.2965931863727453,-0.5951386588957497
1.3062124248496993,-0.594637021911941
1.3158316633266531,-0.5941259206900487
1.3254509018036071,-0.5936058771800586
1.335070140280561,-0.5930773931131962
1.344689378757515,-0.5925409508268646
1.354308617234469,-0.5919970140525928
1.3639278557114227,-0.5914460286680725
1.3735470941883767,-0.5908884234160088
1.3831663326653305,-0.5903246105914826
1.3927855711422845,-0.589754986699022
1.4024048096192383,-0.5891799330817309
1.4120240480961923,-0.5885998165231876
1.421643286573146,-0.5880149898241136
1.4312625250501,-0.5874257923546073
1.440881763527054,-0.5868325505833849
1.4505010020040079,-0.5862355785851383
1.460120240480962,-0.5856351785267472
1.4697394789579157,-0.5850316411337136
1.4793587174348697,-0.5844252461372351
1.4889779559118235,-0.5838162627031522
1.4985971943887775,-0.5832049498433015
1.5082164328657313,-0.5825915568098485
1.5178356713426853,-0.5819763234736377
1.5274549098196393,-0.5813594806869455
1.537074148296593,-0.5807412506309405
1.546693386773547,-0.5801218471491514
1.5563126252505008,-0.5795014760665833
1.5659318637274549,-0.5788803354956664
1.5755511022044086,-0.5782586161291436
1.5851703406813626,-0.5776365015204317
1.5947895791583164,-0.5770141683519643
1.6044088176352704,-0.5763917866920164
1.6140280561122244,-0.5757695202402083
1.6236472945891782,-0.5751475265623032
1.6332665330661322,-0.5745259573148613
1.642885771543086,-0.573904958459727
1.65250501002004,-0.5732846704693189
1.6621242484969938,-0.5726652285225733
1.6717434869739478,-0.5720467626926482
1.6813627254509016,-0.5714293981260383
1.6909819639278556,-0.5708132552140393
1.7006012024048096,-0.5701984497569488
1.7102204408817634,-0.5695850931209077
1.7198396793587174,-0.5689732923885558
1.7294589178356712,-0.5683631505030364
1.7390781563126252,-0.5677547664063376
1.748697394789579,-0.5671482351720407
1.758316633266533,-0.5665436481327708
1.7679358717434868,-0.5659410930028466
1.7775551102204408,-0.5653406539961894
1.7871743486973948,-0.564742411939912
1.7967935871743486,-0.5641464443838202
1.8064128256513026,-0.5635528257059716
1.8160320641282564,-0.5629616272146207
1.8256513026052104,-0.5623729172465814
1.8352705410821641,-0.5617867612624274
1.8448897795591181,-0.5612032219382987
1.854509018036072,-0.5606223592549171
1.864128256513026,-0.5600442305835245
1.87374749498998,-0.5594688907690863
1.8833667334669337,-0.5588963922108329
1.8929859719438877,-0.5583267849401174
1.9026052104208415,-0.5577601166958375
1.9122244488977955,-0.5571964329973242
1.9218436873747493,-0.5566357772148804
1.9314629258517033,-0.5560781906380353
1.941082164328657,-0.5555237125414539
1.950701402805611,-0.554972380248768
1.9603206412825651,-0.5544242291941863
1.969939879759519,-0.5538792929819855
1.979559118236473,-0.553337603444096
1.9891783567134267,-0.5527991906956118
1.9987975951903807,-0.5522640831884474
2.0084168336673347,-0.55173230776308
2.0180360721442887,-0.5512038896985691
2.0276553106212423,-0.550678852760766
2.0372745490981963,-0.5501572192488455
2.0468937875751503,-0.5496390100402848
2.0565130260521043,-0.5491242446341711
2.0661322645290583,-0.5486129411930782
2.075751503006012,-0.5481051165834688
2.085370741482966,-0.547600786414647
2.09498997995992,-0.5470999650764876
2.104609218436874,-0.5466026657757548
2.1142284569138274,-0.5461089005713031
2.1238476953907814,-0.5456186804079894
2.1334669338677354,-0.5451320151495523
2.1430861723446895,-0.5446489136103531
2.1527054108216435,-0.5441693835861126
2.162324649298597,-0.5436934318836665
2.171943887775551,-0.5432210643497302
2.181563126252505,-0.5427522858988504
2.191182364729459,-0.5422871005403844
2.200801603206413,-0.5418255114047827
2.2104208416833666,-0.5413675207689497
2.2200400801603206,-0.5409131300809629
2.2296593186372746,-0.5404623399839898
2.2392785571142286,-0.5400151503396087
2.2488977955911826,-0.539571560250337
2.258517034068136,-0.5391315680816587
2.26813627254509,-0.5386951714833101
2.277755511022044,-0.5382623674101346
2.287374749498998,-0.5378331521422233
2.296993987975952,-0.5374075213045886
2.306613226452906,-0.5369854698863689
2.31623246492986,-0.5365669922593981
2.325851703406814,-0.5361520821964045
2.335470941883768,-0.5357407328887227
2.3450901803607214,-0.5353329369634858
2.3547094188376754,-0.5349286865004909
2.3643286573146294,-0.53452797304856
2.3739478957915834,-0.5341307876415295
2.383567134268537,-0.5337371208138655
2.393186372745491,-0.5333469626158185
2.402805611222445,-0.5329603026283447
2.412424849699399,-0.5325771299775313
2.422044088176353,-0.5321974333487763
2.4316633266533065,-0.5318212010006051
2.4412825651302605,-0.5314484207781014
2.4509018036072145,-0.5310790801261356
2.4605210420841686,-0.5307131661022153
2.470140280561122,-0.5303506653890528
2.479759519038076,-0.5299915643068437
2.48937875751503,-0.5296358488252874
2.498997995991984,-0.5292835045753078
2.508617234468938,-0.5289345168605581
2.5182364729458917,-0.5285888706686008
2.5278557114228457,-0.52824655068193
2.5374749498997997,-0.5279075412886474
2.5470941883767537,-0.5275718265930519
2.5567134268537073,-0.5272393904257998
2.5663326653306613,-0.5269102163540826
2.5759519038076153,-0.5265842876913803
2.5855711422845693,-0.5262615875071419
2.5951903807615233,-0.5259420986361983
2.604809619238477,-0.5256258036880086
2.614428857715431,-0.5253126850557186
2.624048096192385,-0.5250027249249793
2.633667334669339,-0.5246959052826763
2.6432865731462925,-0.5243922079253718
2.6529058116232465,-0.5240916144676709
2.6625250501002005,-0.5237941063503517
2.6721442885771545,-0.5234996648483807
2.6817635270541085,-0.5232082710787255
2.691382765531062,-0.5229199060080147
2.701002004008016,-0.5226345504600556
2.71062124248497,-0.5223521851232324
2.720240480961924,-0.5220727905576465
2.7298597194388776,-0.5217963472022489
2.7394789579158316,-0.521522835381715
2.7490981963927856,-0.52125223531326
2.7587174348697396,-0.5209845271132263
2.7683366733466936,-0.5207196908036511
2.777955911823647,-0.5204577063185736
2.787575150300601,-0.5201985535102887
2.797194388777555,-0.5199422121554511
2.8068136272545092,-0.5196886619610268
2.816432865731463,-0.5194378825701567
2.826052104208417,-0.5191898535678474
2.835671342685371,-0.5189445544865697
2.845290581162325,-0.5187019648117221
2.854909819639279,-0.5184620639869701
2.8645290581162324,-0.5182248314194422
2.8741482965931864,-0.5179902464848906
2.8837675350701404,-0.517758288532584
2.8933867735470944,-0.5175289368902529
2.903006012024048,-0.5173021708687723
2.912625250501002,-0.517077969766853
2.922244488977956,-0.5168563128755084
2.93186372745491,-0.5166371794824983
2.941482965931864,-0.516420548876596
2.9511022044088175,-0.5162064003518352
2.9607214428857715,-0.5159947132115148
2.9703406813627256,-0.5157854667722179
2.9799599198396796,-0.515578640367704
2.989579158316633,-0.515374213352635
2.999198396793587,-0.5151721651062617
3.008817635270541,-0.5149724750360145
3.018436873747495,-0.5147751225809435
3.028056112224449,-0.5145800872151358
3.0376753507014027,-0.5143873484509318
3.0472945891783567,-0.5141968858422208
3.0569138276553107,-0.5140086789874354
3.0665330661322647,-0.513822707532631
3.0761523046092183,-0.5136389511744183
3.0857715430861723,-0.5134573896627606
3.0953907815631263,-0.5132780028037669
3.1050100200400803,-0.513100770462389
3.1146292585170343,-0.5129256725649869
3.124248496993988,-0.5127526891018954
3.133867735470942,-0.5125818001298216
3.143486973947896,-0.512412985774302
3.15310621242485,-0.5122462262319464
3.1627254509018035,-0.5120815017727093
3.1723446893787575,-0.5119187927420549
3.1819639278557115,-0.5117580795630897
3.1915831663326655,-0.5115993427385763
3.2012024048096195,-0.5114425628529345
3.210821643286573,-0.5112877205741674
3.220440881763527,-0.5111347966557256
3.230060120240481,-0.5109837719383291
3.239679358717435,-0.5108346273517064
3.2492985971943886,-0.5106873439163008
3.2589178356713426,-0.5105419027449525
3.2685370741482966,-0.5103982850444426
3.2781563126252506,-0.5102564721170992
3.2877755511022047,-0.510116445362249
3.297394789579158,-0.5099781862777417
3.307014028056112,-0.5098416764612816
3.3166332665330662,-0.5097068976118604
3.3262525050100202,-0.5095738315310372
3.335871743486974,-0.5094424601242454
3.345490981963928,-0.5093127654020073
3.355110220440882,-0.5091847294811409
3.364729458917836,-0.5090583345859441
3.37434869739479,-0.5089335630492333
3.3839679358717434,-0.5088103973135234
3.3935871743486974,-0.5086888199319967
3.4032064128256514,-0.5085688135695066
3.4128256513026054,-0.5084503610035862
3.422444889779559,-0.5083334451253275
3.432064128256513,-0.5082180489403147
3.441683366733467,-0.5081041555694195
3.451302605210421,-0.5079917482496856
3.460921843687375,-0.5078808103350603
3.4705410821643286,-0.5077713252971827
3.4801603206412826,-0.5076632767260555
3.4897795591182366,-0.5075566483307475
3.4993987975951906,-0.5074514239400367
3.509018036072144,-0.5073475875030019
3.518637274549098,-0.5072451230896209
3.528256513026052,-0.507144014891288
3.537875751503006,-0.5070442472213383
3.54749498997996,-0.5069458045154966
3.5571142284569137,-0.5068486713323437
3.5667334669338677,-0.5067528323537073
3.5763527054108217,-0.506658272385047
3.5859719438877757,-0.5065649763557731
3.5955911823647293,-0.5064729293195611
3.6052104208416833,-0.5063821164546454
3.6148296593186373,-0.506292523064038
3.6244488977955913,-0.5062041345757585
3.6340681362725453,-0.506116936542969
3.643687374749499,-0.5060309146442064
3.653306613226453,-0.5059460546833989
3.662925851703407,-0.5058623425900204
3.672545090180361,-0.5057797644191109
3.6821643286573145,-0.5056983063513023
3.6917835671342685,-0.5056179546928401
3.7014028056112225,-0.5055386958755133
3.7110220440881765,-0.5054605164565886
3.7206412825651305,-0.5053834031187492
3.730260521042084,-0.5053073426699441
3.739879759519038,-0.5052323220432384
3.749498997995992,-0.5051583282966325
3.759118236472946,-0.5050853486128803
3.7687374749498996,-0.5050133702992298
3.7783567134268536,-0.5049423807871749
3.7879759519038076,-0.5048723676321771
3.7975951903807617,-0.5048033185133356
3.8072144288577157,-0.5047352212330557
3.8168336673346692,-0.5046680637167478
3.8264529058116232,-0.5046018340123177
3.8360721442885772,-0.5045365202899208
3.8456913827655312,-0.5044721108414086
3.855310621242485,-0.504408594079933
3.864929859719439,-0.5043459585394663
3.874549098196393,-0.5042841928743114
3.884168336673347,-0.5042232858585827
3.8937875751503004,-0.504163226385703
3.9034068136272544,-0.504104003467791
3.9130260521042084,-0.5040456062351703
3.9226452905811624,-0.5039880239357144
3.9322645290581164,-0.5039312459342918
3.94188376753507,-0.5038752617121228
3.951503006012024,-0.5038200608661367
3.961122244488978,-0.5037656331083517
3.970741482965932,-0.5037119682651584
3.9803607214428856,-0.5036590562767118
3.9899799599198396,-0.5036068871961485
3.9995991983967936,-0.5035554511889517
4.009218436873748,-0.5035047385322071
4.018837675350701,-0.503454739613852
4.028456913827655,-0.5034054449319695
4.038076152304609,-0.5033568450939973
4.047695390781563,-0.5033089308160188
4.057314629258517,-0.5032616929219036
4.066933867735471,-0.5032151223426151
4.076553106212424,-0.5031692101153731
4.086172344689379,-0.5031239473828428
4.095791583166332,-0.50307932539238
4.105410821643287,-0.5030353354951507
4.11503006012024,-0.5029919691453875
4.124649298597194,-0.5029492178994802
4.134268537074148,-0.5029070734152037
4.143887775551102,-0.5028655274508658
4.153507014028055,-0.5028245718644684
4.16312625250501,-0.5027841986128339
4.1727454909819635,-0.5027443997507905
4.182364729458918,-0.5027051674303167
4.1919839679358715,-0.5026664938996495
4.201603206412826,-0.5026283715024702
4.2112224448897795,-0.5025907926770165
4.220841683366733,-0.5025537499552231
4.2304609218436875,-0.5025172359618445
4.240080160320641,-0.5024812434136381
4.2496993987975955,-0.5024457651184397
4.259318637274549,-0.5024107939743256
4.268937875751503,-0.5023763229687448
4.278557114228457,-0.5023423451776273
4.288176352705411,-0.5023088537645649
4.297795591182365,-0.5022758419798996
4.307414829659319,-0.5022433031598796
4.317034068136272,-0.5022112307257915
4.326653306613227,-0.5021796181830963
4.33627254509018,-0.5021484591205841
4.345891783567135,-0.5021177472094852
4.355511022044088,-0.502087476202639
4.365130260521042,-0.5020576399336318
4.374749498997996,-0.5020282323159525
4.38436873747495,-0.5019992473421225
4.393987975951903,-0.5019706790829059
4.403607214428858,-0.5019425216863866
4.413226452905811,-0.5019147693771833
4.422845691382766,-0.5018874164556275
4.432464929859719,-0.5018604572968965
4.442084168336673,-0.5018338863501981
4.451703406813627,-0.5018076981379584
4.461322645290581,-0.501781887254992
4.470941883767535,-0.5017564483677011
4.480561122244489,-0.5017313762132544
4.4901803607214426,-0.5017066655987956
4.499799599198397,-0.5016823114006267
4.509418837675351,-0.501658308563435
4.519038076152305,-0.5016346520994863
4.528657314629259,-0.5016113370878603
4.538276553106212,-0.5015883586736389
4.547895791583167,-0.5015657120671865
4.55751503006012,-0.5015433925433104
4.567134268537074,-0.5015213954405762
4.576753507014028,-0.5014997161604977
4.586372745490982,-0.5014783501667951
4.595991983967936,-0.5014572929846719
4.60561122244489,-0.5014365402000632
4.615230460921843,-0.5014160874588856
4.624849699398798,-0.5013959304663349
4.634468937875751,-0.5013760649861572
4.644088176352706,-0.5013564868399476
4.653707414829659,-0.5013371919063906
4.663326653306613,-0.5013181761206178
4.672945891783567,-0.5012994354734873
4.682565130260521,-0.5012809660108911
4.692184368737475,-0.5012627638330629
4.701803607214429,-0.5012448250939261
4.7114228456913825,-0.5012271460003831
4.721042084168337,-0.5012097228117098
4.7306613226452905,-0.5011925518388343
4.740280561122244,-0.5011756294437051
4.7498997995991985,-0.5011589520386771
4.759519038076152,-0.501142516085825
4.7691382765531065,-0.5011263180963343
4.77875751503006,-0.5011103546298727
4.788376753507014,-0.5010946222939712
4.797995991983968,-0.501079117743394
4.807615230460922,-0.5010638376795588
4.817234468937876,-0.5010487788498974
4.82685370741483,-0.5010339380473037
4.836472945891783,-0.5010193121095025
4.846092184368738,-0.501004897918498
4.855711422845691,-0.5009906923999805
4.865330661322646,-0.5009766925227727
4.874949899799599,-0.500962895298231
4.884569138276553,-0.500949297779743
4.894188376753507,-0.5009358970621183
4.903807615230461,-0.5009226902810816
4.913426853707414,-0.5009096746127151
4.923046092184369,-0.5008968472729398
4.932665330661322,-0.5008842055169651
4.942284569138277,-0.5008717466387916
4.95190380761523,-0.500859467970695
4.961523046092184,-0.5008473668826849
4.971142284569138,-0.5008354407820546
4.980761523046092,-0.5008236871128295
4.990380761523046,-0.5008121033553219
5.0,-0.5008006870256079
