R_angstrom,E_root0_Eh,E_root1_Eh,E_root2_Eh,E_root3_Eh,E_root4_Eh,E_root5_Eh
0.6,-1.1535176945512042,-0.6068636712687182,-0.48798274466580194,-0.18290945921743107,-0.1829094592174294,-0.14650737601376185
0.6492753623188405,-1.1651984869476062,-0.6369294045623146,-0.5092671414812472,-0.21059482912464897,-0.21059482912464864,-0.1837717525601514
0.6985507246376811,-1.1709181999236917,-0.6602000675112948,-0.5237167420363127,-0.23126029533954168,-0.23126029533953923,-0.2172314843262309
0.7478260869565216,-1.172318621564726,-0.6783182117884407,-0.533059358445514,-0.24722387925175787,-0.24656404795111758,-0.2465640479511137
0.7971014492753623,-1.170585565359875,-0.6924867428184193,-0.5385707536137183,-0.2742226214899798,-0.2577124131676858,-0.25771241316767535
0.8463768115942029,-1.1665876367766395,-0.703599248674419,-0.5412131809721041,-0.29862682907436794,-0.2656000470562358,-0.2656000470562347
0.8956521739130434,-1.1609687991158788,-0.7123260220384966,-0.541729404204224,-0.3206781383924136,-0.28153480165804495,-0.27090347604962456
0.9449275362318841,-1.1542116136376417,-0.7191740442398765,-0.5407117259683174,-0.3405191456446237,-0.3234540952154039,-0.2741446072253676
0.9942028985507245,-1.146681300733116,-0.7245298691803506,-0.5386605356378076,-0.36139952122365837,-0.35827154269289574,-0.27573439732604943
1.0434782608695652,-1.1386568485139212,-0.7286904500670573,-0.5360486289599163,-0.3955646410116521,-0.37407191514089233,-0.276002897574697
1.0927536231884059,-1.1303531784590404,-0.7318853743033189,-0.5334237014601608,-0.42595930147478556,-0.3880726010848756,-0.2752195483079498
1.1420289855072463,-1.1219370630774468,-0.7342930538287442,-0.5316327024041467,-0.45220834027585805,-0.40043081644942297,-0.2736063242716769
1.1913043478260867,-1.1135386358757806,-1.1135386358757786,-1.1135386358757775,-1.1135386358755885,-1.1135386358754116,-1.1135386358753387
1.2405797101449274,-1.10525976336789,-1.1052597633678733,-1.1052597633678711,-1.1052597633677397,-1.1052597633676666,-1.105259763367371
1.289855072463768,-1.0971801725839634,-0.7380403369328171,-0.5500799843323502,-0.49102771886459384,-0.42912126005019713,-0.26544601227676234
1.3391304347826085,-1.089361973650992,-0.7384215693316744,-0.5650029060594088,-0.49083688172910434,-0.4363232496414454,-0.26201586945289135
1.3884057971014492,-1.081853033063094,-1.0818530330630933,-1.0818530330630876,-1.0818530330630287,-1.081853033062742,-1.0818530330625338
1.4376811594202898,-1.0746895224565494,-1.0746895224565391,-1.0746895224565056,-1.0746895224562512,-1.074689522456175,-1.0746895224561615
1.4869565217391303,-1.0678978665572119,-0.7377370803018726,-0.608416414182543,-0.4817977496614206,-0.45234796505124447,-0.25060996678800135
1.536231884057971,-1.0614962491277218,-0.7370181767730578,-0.6206833340260306,-0.4782997706277795,-0.4561240355301134,-0.24658666821790023
1.5855072463768116,-1.055495792213979,-0.7360980433771207,-0.6317202952847683,-0.47491962874774696,-0.4592450314222234,-0.24251730656556747
1.634782608695652,-1.0499014978885182,-0.7349967236444844,-0.6415669539606047,-0.4717250594979996,-0.4617763912728453,-0.23844149452890792
1.6840579710144925,-1.0447130247325882,-0.7337311797376005,-0.6502826326827065,-0.4687459898461782,-0.46377621727157814,-0.23440126070351983
1.7333333333333334,-1.039925357873704,-0.7323159364230278,-0.6579349082387232,-0.46598917086562963,-0.46529545258247584,-0.23044045386577283
1.7826086956521738,-1.0355294182331345,-1.0355294182331252,-1.0355294182330854,-1.0355294182327983,-1.0355294182325057,-1.0355294182324017
1.8318840579710143,-1.0315126427355865,-0.7290855912508099,-0.6703312262428329,-0.4670638867468165,-0.461106331287406,-0.22293177938332348
1.8811594202898547,-1.0278595536424149,-0.7272921414169194,-0.6752153912581792,-0.4673866210822725,-0.45894990353295845,-0.21946458227173543
1.9304347826086956,-1.024552322322221,-0.7253931138774201,-0.6793142947764906,-0.46737941541795736,-0.45696453085446087,-0.2162340593116109
1.979710144927536,-1.0215713240318791,-0.7233980533662075,-0.682693190683448,-0.46707523293159625,-0.4551419977412954,-0.2132653136316661
2.0289855072463765,-1.0188956732246102,-0.7213163965952961,-0.6854147406313648,-0.466509192494025,-0.45348086375109986,-0.2105752158057708
2.0782608695652174,-1.0165037264748142,-1.0165037264748034,-1.016503726474798,-1.016503726474764,-1.0165037264745054,-1.0165037264744663
2.127536231884058,-1.0143735418372632,-1.0143735418372544,-1.014373541837245,-1.0143735418370237,-1.014373541836708,-1.0143735418364304
2.1768115942028983,-1.0124832842838858,-1.0124832842838816,-1.0124832842838476,-1.0124832842837606,-1.0124832842833495,-1.0124832842832925
2.226086956521739,-1.0108115718077908,-1.01081157180778,-1.0108115718077777,-1.0108115718076733,-1.0108115718073354,-1.010811571807007
2.2753623188405796,-1.0093377599951474,-0.7099319372713837,-0.6911502633080638,-0.46123969922610186,-0.44790285770035887,-0.2058816343316189
2.32463768115942,-1.0080421662304935,-0.7075202556459554,-0.6910756615846718,-0.46003196975640803,-0.4474062821927697,-0.20770797343037106
2.3739130434782605,-1.0069062370107094,-0.7050813532556568,-0.690695559806046,-0.45888127070053664,-0.4471244025604578,-0.20937571504252098
2.4231884057971014,-1.0059126633452757,-0.7026214691894538,-0.6900466421744476,-0.4578248487379266,-0.4470491891246102,-0.2108732238963759
2.472463768115942,-1.0050454500223622,-0.7001461464903309,-0.6891622330654772,-0.4568923592106689,-0.4471671564104413,-0.21219472663143696
2.5217391304347823,-1.0042899448730394,-0.6976602864505336,-0.6880724404292543,-0.4561052930426682,-0.44746065541117874,-0.21333810728193783
2.571014492753623,-1.0036328342281493,-0.6951682240129176,-0.6868043400931264,-0.4554770985483342,-0.4479093578332086,-0.21430317553633857
2.6202898550724636,-1.0030621106526867,-0.6926738113303482,-0.6853821888112144,-0.4550138553380043,-0.4484916795924839,-0.21509061599002896
2.669565217391304,-1.002567018786827,-0.6901804993136347,-0.6838276537903463,-0.45471531385620856,-0.4491859854768794,-0.21570154206222616
2.718840579710145,-1.0021379848315295,-0.6876914106738001,-0.6821600477839971,-0.45457611413388443,-0.4499715057752294,-0.21613749142513572
2.7681159420289854,-1.0017665345282316,-1.0017665345282019,-1.0017665345281086,-1.0017665345280806,-1.0017665345278528,-1.0017665345277647
2.817391304347826,-1.0014452042777853,-1.001445204277785,-1.001445204277578,-1.0014452042773911,-1.001445204277238,-1.001445204277047
2.8666666666666667,-1.001167449041399,-1.0011674490413973,-1.0011674490411384,-1.0011674490410614,-1.001167449041031,-1.001167449040513
2.915942028985507,-1.000927550238996,-1.0009275502389932,-1.000927550238799,-1.000927550238505,-1.0009275502383643,-1.000927550238197
2.9652173913043476,-1.0007205261349097,-0.6754023135996762,-0.6726652735005335,-0.45587216347259596,-0.45465982161623164,-0.22357428323352968
3.0144927536231885,-1.0005420466006705,-0.6729919740053351,-0.6706205595005649,-0.45643164829762894,-0.45565543654144625,-0.2237220298485156
3.063768115942029,-1.000388353593793,-1.0003883535937883,-1.0003883535937206,-1.0003883535935023,-1.0003883535934308,nan
3.1130434782608694,-1.0002561882135457,-0.6682349381306052,-0.6664606314874514,-0.45773748406233183,-0.4576292765841219,-0.2232192108647172
3.16231884057971,-1.0001427247728727,-0.6658917846323616,-0.664359827545488,-0.4585951794765427,-0.4584583990718559,-0.22263968359700162
3.2115942028985507,-1.0000455120287703,-0.6635744015219649,-0.6622534668243871,-0.4595406285719676,-0.45920932368269934,-0.22188827598754352
3.260869565217391,-0.9999624213896854,-0.6612843118612599,-0.6601469746593098,-0.46046187070766914,-0.4599800637087789,-0.2209990999888249
3.3101449275362316,-0.9998916018088717,-0.6590229421276994,-0.6580451998571424,-0.4613558478404716,-0.46076146938335855,-0.22000484331734654
3.3594202898550725,-0.9998314408410439,-0.6567916226289056,-0.655952474597684,-0.46222008521006086,-0.4615454143924915,-0.2189362679373125
3.408695652173913,-0.9997805313133689,-0.6545915873543755,-0.6538726662272787,-0.4630526016475649,-0.46232475940214013,-0.21782174579153635
3.4579710144927533,-0.9997376429245325,-0.6524239733583906,-0.6518092223437151,-0.4638518394079745,-0.46309330731464793,-0.2166868611020276
3.5072463768115942,-0.9997016984449723,-0.6502898198353866,-0.6497652088124619,-0.4646166095034831,-0.4638457507131026,-0.21555410327761498
3.5565217391304347,-0.9996717532112092,-0.6481900668863336,-0.6477433446336235,-0.46534605073582397,-0.464577616696152,-0.21444266894800929
3.605797101449275,-0.9996469783987207,-0.6461255542854583,-0.6457460296628748,-0.4660395967519032,-0.4652852077707976,-0.21336837908908646
3.6550724637681156,-0.9996266462835723,-0.6440970201861592,-0.6437753717456444,-0.46669695134676825,-0.4659655432241572,-0.212343713849468
3.7043478260869565,-0.9996101183156197,-0.9996101183156093,-0.9996101183156068,-0.9996101183155179,-0.9996101183152413,-0.9996101183147307
3.753623188405797,-0.9995968345473688,-0.6401503260444499,-0.6399211237744009,-0.4679031238238246,-0.46723574474868057,-0.21047741918324167
3.8028985507246373,-0.9995863047205259,-0.9995863047204776,-0.9995863047204362,-0.99958630472018,nan,nan
3.8521739130434782,-0.9995781004750608,-0.999578100475052,-0.9995781004749934,nan,nan,nan
3.9014492753623187,-0.9995718484990749,-0.999571848499057,-0.9995718484990012,nan,nan,nan
3.950724637681159,-0.999567224526048,-0.6327097071920144,-0.6325974804464204,-0.46989345580602015,-0.4693835290682301,-0.20756857838871257
4.0,-0.9995639478702139,-0.6309450309259743,-0.6308519617469774,-0.47030774427898303,-0.4698373808274974,-0.20700886059039025
